Date,Close,High,Low,Open,Volume
1993-11-17,1.1732079982757568,1.244312047958374,1.1376559734344482,1.1376559734344482,4385858
1993-11-18,1.1732079982757568,1.244312047958374,1.1732079982757568,1.1732079982757568,2372597
1993-11-19,1.1732079982757568,1.244312047958374,1.1732079982757568,1.1732079982757568,806570
1993-11-22,1.1732079982757568,1.2087600231170654,1.1376559734344482,1.1732079982757568,602642
1993-11-23,1.2087600231170654,1.2087600231170654,1.1376559734344482,1.1376559734344482,149782
1993-11-24,1.1909840106964111,1.2087600231170654,1.1376559734344482,1.1376559734344482,583656
1993-11-26,1.2087600231170654,1.2087600231170654,1.2087600231170654,1.2087600231170654,703
1993-11-29,1.2087600231170654,1.2087600231170654,1.1376559734344482,1.1376559734344482,63288
1993-11-30,1.2087600231170654,1.244312047958374,1.1376559734344482,1.1376559734344482,758050
1993-12-01,1.2087600231170654,1.244312047958374,1.2087600231170654,1.2087600231170654,109699
1993-12-02,1.244312047958374,1.244312047958374,1.2087600231170654,1.2087600231170654,298157
1993-12-03,1.2087600231170654,1.244312047958374,1.2087600231170654,1.244312047958374,152594
1993-12-06,1.244312047958374,1.244312047958374,1.1732079982757568,1.1732079982757568,80165
1993-12-07,1.2087600231170654,1.2087600231170654,1.1732079982757568,1.2087600231170654,540058
1993-12-08,1.2087600231170654,1.244312047958374,1.2087600231170654,1.2087600231170654,220805
1993-12-09,1.244312047958374,1.3154150247573853,1.2087600231170654,1.244312047958374,301673
1993-12-10,1.244312047958374,1.2798629999160767,1.244312047958374,1.2798629999160767,504898
1993-12-13,1.2620879411697388,1.3154150247573853,1.244312047958374,1.3154150247573853,23909
1993-12-14,1.3154150247573853,1.3154150247573853,1.244312047958374,1.244312047958374,398714
1993-12-15,1.2798629999160767,1.3154150247573853,1.2798629999160767,1.2798629999160767,563966
1993-12-16,1.2798629999160767,1.2798629999160767,1.2798629999160767,1.2798629999160767,56959
1993-12-17,1.2798629999160767,1.2887510061264038,1.2798629999160767,1.2798629999160767,545683
1993-12-20,1.2265360355377197,1.2798629999160767,1.2087600231170654,1.244312047958374,1023156
1993-12-21,1.2176480293273926,1.2798629999160767,1.2087600231170654,1.2798629999160767,273545
1993-12-22,1.2087600231170654,1.2798629999160767,1.2087600231170654,1.2798629999160767,46411
1993-12-23,1.2087600231170654,1.2620879411697388,1.2087600231170654,1.2087600231170654,125170
1993-12-27,1.2087600231170654,1.2176480293273926,1.2087600231170654,1.2176480293273926,172284
1993-12-28,1.2087600231170654,1.244312047958374,1.2087600231170654,1.2087600231170654,139234
1993-12-29,1.2087600231170654,1.244312047958374,1.2087600231170654,1.2087600231170654,132905
1993-12-30,1.244312047958374,1.244312047958374,1.2087600231170654,1.2087600231170654,89306
1993-12-31,1.2798629999160767,1.2798629999160767,1.2087600231170654,1.2087600231170654,45708
1994-01-03,1.2087600231170654,1.2620879411697388,1.2087600231170654,1.2087600231170654,11954
1994-01-04,1.2087600231170654,1.2087600231170654,1.2087600231170654,1.2087600231170654,16174
1994-01-05,1.2265360355377197,1.2798629999160767,1.2087600231170654,1.2087600231170654,141343
1994-01-06,1.2798629999160767,1.2798629999160767,1.2087600231170654,1.2087600231170654,351600
1994-01-07,1.2798629999160767,1.3154150247573853,1.2798629999160767,1.3154150247573853,40082
1994-01-10,1.3154150247573853,1.3509670495986938,1.3154150247573853,1.3154150247573853,139234
1994-01-11,1.3509670495986938,1.3509670495986938,1.3154150247573853,1.3154150247573853,62585
1994-01-12,1.3154150247573853,1.3509670495986938,1.3154150247573853,1.3509670495986938,172987
1994-01-13,1.3509670495986938,1.386518955230713,1.3331910371780396,1.3420790433883667,925411
1994-01-14,1.3154150247573853,1.3154150247573853,1.3154150247573853,1.3154150247573853,6329
1994-01-17,1.386518955230713,1.386518955230713,1.3154150247573853,1.3154150247573853,298860
1994-01-18,1.3509670495986938,1.386518955230713,1.3154150247573853,1.386518955230713,63991
1994-01-19,1.3154150247573853,1.386518955230713,1.3154150247573853,1.3154150247573853,5626
1994-01-20,1.3154150247573853,1.3154150247573853,1.3154150247573853,1.3154150247573853,7032
1994-01-21,1.386518955230713,1.386518955230713,1.3154150247573853,1.3154150247573853,606158
1994-01-24,1.3509670495986938,1.3509670495986938,1.3154150247573853,1.3154150247573853,49224
1994-01-25,1.3687429428100586,1.3687429428100586,1.3154150247573853,1.3154150247573853,285499
1994-01-26,1.3509670495986938,1.4220709800720215,1.3509670495986938,1.3509670495986938,1774877
1994-01-27,1.4220709800720215,1.4220709800720215,1.3509670495986938,1.4220709800720215,85087
1994-01-28,1.386518955230713,1.4220709800720215,1.3509670495986938,1.4220709800720215,104074
1994-01-31,1.3509670495986938,1.386518955230713,1.3154150247573853,1.386518955230713,88603
1994-02-01,1.3154150247573853,1.3509670495986938,1.3154150247573853,1.3331910371780396,79462
1994-02-02,1.3154150247573853,1.3154150247573853,1.3154150247573853,1.3154150247573853,119544
1994-02-03,1.3509670495986938,1.3509670495986938,1.3331910371780396,1.3331910371780396,56256
1994-02-04,1.3509670495986938,1.386518955230713,1.3154150247573853,1.3154150247573853,15470
1994-02-07,1.3154150247573853,1.3154150247573853,1.3154150247573853,1.3154150247573853,42192
1994-02-08,1.3154150247573853,1.3509670495986938,1.3154150247573853,1.3509670495986938,176503
1994-02-09,1.3509670495986938,1.386518955230713,1.3154150247573853,1.3154150247573853,254558
1994-02-10,1.3509670495986938,1.386518955230713,1.3154150247573853,1.386518955230713,94229
1994-02-11,1.3154150247573853,1.3331910371780396,1.3154150247573853,1.3154150247573853,502788
1994-02-14,1.3154150247573853,1.3331910371780396,1.3154150247573853,1.3154150247573853,287609
1994-02-15,1.386518955230713,1.386518955230713,1.3154150247573853,1.3509670495986938,314330
1994-02-16,1.3509670495986938,1.386518955230713,1.3154150247573853,1.3154150247573853,1723543
1994-02-17,1.386518955230713,1.4220709800720215,1.3154150247573853,1.3509670495986938,1712995
1994-02-18,1.4576220512390137,1.4576220512390137,1.3509670495986938,1.4220709800720215,591391
1994-02-22,1.4220709800720215,1.4576220512390137,1.386518955230713,1.4576220512390137,201818
1994-02-23,1.4931739568710327,1.4931739568710327,1.386518955230713,1.386518955230713,270732
1994-02-24,1.4576220512390137,1.5287259817123413,1.4220709800720215,1.4220709800720215,701794
1994-02-25,1.5287259817123413,1.5287259817123413,1.4576220512390137,1.4576220512390137,983777
1994-02-28,1.4931739568710327,1.5287259817123413,1.4576220512390137,1.4576220512390137,222211
1994-03-01,1.4576220512390137,1.4576220512390137,1.4576220512390137,1.4576220512390137,108996
1994-03-02,1.4931739568710327,1.5287259817123413,1.4576220512390137,1.5287259817123413,394495
1994-03-03,1.4931739568710327,1.4931739568710327,1.4931739568710327,1.4931739568710327,0
1994-03-04,1.510949969291687,1.5287259817123413,1.4576220512390137,1.4576220512390137,24612
1994-03-07,1.4576220512390137,1.4576220512390137,1.4576220512390137,1.4576220512390137,7032
1994-03-08,1.4576220512390137,1.510949969291687,1.4576220512390137,1.510949969291687,35160
1994-03-09,1.4931739568710327,1.5287259817123413,1.4576220512390137,1.5287259817123413,83681
1994-03-10,1.4931739568710327,1.4931739568710327,1.4220709800720215,1.4576220512390137,44302
1994-03-11,1.4931739568710327,1.4931739568710327,1.4931739568710327,1.4931739568710327,0
1994-03-14,1.4753979444503784,1.4931739568710327,1.4753979444503784,1.4931739568710327,52740
1994-03-15,1.4931739568710327,1.4931739568710327,1.4931739568710327,1.4931739568710327,703
1994-03-16,1.4220709800720215,1.4931739568710327,1.4220709800720215,1.4576220512390137,180019
1994-03-17,1.4220709800720215,1.4220709800720215,1.4220709800720215,1.4220709800720215,14064
1994-03-18,1.4220709800720215,1.4220709800720215,1.4220709800720215,1.4220709800720215,358632
1994-03-21,1.4931739568710327,1.4931739568710327,1.4220709800720215,1.4398460388183594,22502
1994-03-22,1.4220709800720215,1.4220709800720215,1.4220709800720215,1.4220709800720215,45708
1994-03-23,1.4931739568710327,1.4931739568710327,1.4931739568710327,1.4931739568710327,17580
1994-03-24,1.4220709800720215,1.4220709800720215,1.4220709800720215,1.4220709800720215,16174
1994-03-25,1.4220709800720215,1.4931739568710327,1.4220709800720215,1.4931739568710327,7032
1994-03-28,1.4931739568710327,1.4931739568710327,1.4220709800720215,1.4931739568710327,9142
1994-03-29,1.3509670495986938,1.4220709800720215,1.3509670495986938,1.4220709800720215,137827
1994-03-30,1.244312047958374,1.3331910371780396,1.244312047958374,1.3154150247573853,116028
1994-03-31,1.297639012336731,1.297639012336731,1.244312047958374,1.244312047958374,82978
1994-04-04,1.1376559734344482,1.3154150247573853,1.1376559734344482,1.3154150247573853,275654
1994-04-05,1.1554319858551025,1.1732079982757568,1.1376559734344482,1.1732079982757568,826260
1994-04-06,1.1909840106964111,1.2087600231170654,1.1376559734344482,1.2087600231170654,38676
1994-04-07,1.1909840106964111,1.1909840106964111,1.1909840106964111,1.1909840106964111,0
1994-04-08,1.1376559734344482,1.2087600231170654,1.1376559734344482,1.1732079982757568,358632
1994-04-11,1.1732079982757568,1.1732079982757568,1.1554319858551025,1.1554319858551025,28128
1994-04-12,1.1376559734344482,1.1376559734344482,1.1376559734344482,1.1376559734344482,14064
1994-04-13,1.2087600231170654,1.2087600231170654,1.1376559734344482,1.1376559734344482,9142
1994-04-14,1.1376559734344482,1.1376559734344482,1.1376559734344482,1.1376559734344482,3516
1994-04-15,1.1376559734344482,1.1732079982757568,1.1376559734344482,1.1732079982757568,61178
1994-04-18,1.1021050214767456,1.1021050214767456,1.1021050214767456,1.1021050214767456,72430
1994-04-19,1.0132249593734741,1.066552996635437,0.9598979949951172,1.066552996635437,248230
1994-04-20,0.9954490065574646,1.0310009717941284,0.9954490065574646,1.0310009717941284,22502
1994-04-21,1.0132249593734741,1.0310009717941284,0.9954490065574646,1.0310009717941284,200412
1994-04-22,1.1021050214767456,1.1021050214767456,1.0310009717941284,1.0487769842147827,281280
1994-04-25,1.1021050214767456,1.1021050214767456,1.1021050214767456,1.1021050214767456,0
1994-04-26,1.1021050214767456,1.1021050214767456,1.1021050214767456,1.1021050214767456,0
1994-04-28,1.1376559734344482,1.1376559734344482,1.0843290090560913,1.1021050214767456,471144
1994-04-29,1.1376559734344482,1.1376559734344482,1.1376559734344482,1.1376559734344482,56256
1994-05-02,1.1021050214767456,1.1021050214767456,1.0843290090560913,1.0843290090560913,140640
1994-05-03,1.0843290090560913,1.0843290090560913,1.0843290090560913,1.0843290090560913,7032
1994-05-04,1.0843290090560913,1.1198810338974,1.066552996635437,1.1198810338974,677182
1994-05-05,1.1021050214767456,1.1376559734344482,1.066552996635437,1.066552996635437,57662
1994-05-06,1.1021050214767456,1.1021050214767456,1.1021050214767456,1.1021050214767456,28128
1994-05-09,1.1376559734344482,1.1376559734344482,1.1376559734344482,1.1376559734344482,24612
1994-05-10,1.066552996635437,1.0843290090560913,1.066552996635437,1.0843290090560913,24612
1994-05-11,1.128767967224121,1.128767967224121,1.066552996635437,1.066552996635437,14064
1994-05-12,1.1376559734344482,1.1554319858551025,1.0843290090560913,1.0843290090560913,1341002
1994-05-13,1.128767967224121,1.128767967224121,1.1021050214767456,1.1021050214767456,28128
1994-05-16,1.1021050214767456,1.1021050214767456,1.1021050214767456,1.1021050214767456,11954
1994-05-17,1.1376559734344482,1.1376559734344482,1.1021050214767456,1.1021050214767456,627254
1994-05-18,1.1732079982757568,1.1732079982757568,1.1732079982757568,1.1732079982757568,4922
1994-05-19,1.1198810338974,1.1732079982757568,1.1021050214767456,1.1732079982757568,104074
1994-05-20,1.1021050214767456,1.1021050214767456,1.1021050214767456,1.1021050214767456,1406
1994-05-23,1.1021050214767456,1.1021050214767456,1.1021050214767456,1.1021050214767456,0
1994-05-24,1.1198810338974,1.1732079982757568,1.1021050214767456,1.1021050214767456,21799
1994-05-25,1.1198810338974,1.1732079982757568,1.1198810338974,1.1732079982757568,128686
1994-05-26,1.1732079982757568,1.1732079982757568,1.1732079982757568,1.1732079982757568,8438
1994-05-27,1.1021050214767456,1.1732079982757568,1.1021050214767456,1.1732079982757568,9142
1994-05-31,1.2087600231170654,1.2087600231170654,1.1376559734344482,1.1376559734344482,257371
1994-06-01,1.1376559734344482,1.2087600231170654,1.1376559734344482,1.2087600231170654,175097
1994-06-02,1.1909840106964111,1.2087600231170654,1.1376559734344482,1.1376559734344482,305892
1994-06-03,1.1376559734344482,1.1376559734344482,1.1376559734344482,1.1376559734344482,703
1994-06-06,1.1376559734344482,1.1376559734344482,1.1376559734344482,1.1376559734344482,0
1994-06-07,1.1376559734344482,1.1376559734344482,1.1376559734344482,1.1376559734344482,70320
1994-06-08,1.1376559734344482,1.2087600231170654,1.1376559734344482,1.2087600231170654,9845
1994-06-09,1.1376559734344482,1.1732079982757568,1.1376559734344482,1.1376559734344482,248230
1994-06-10,1.1376559734344482,1.1376559734344482,1.1376559734344482,1.1376559734344482,0
1994-06-13,1.1021050214767456,1.2087600231170654,1.1021050214767456,1.1376559734344482,132905
1994-06-14,1.1021050214767456,1.1732079982757568,1.066552996635437,1.1021050214767456,149078
1994-06-15,1.1376559734344482,1.1376559734344482,1.1021050214767456,1.1021050214767456,229946
1994-06-16,1.1376559734344482,1.1376559734344482,1.1021050214767456,1.1021050214767456,14064
1994-06-17,1.1198810338974,1.1376559734344482,1.1198810338974,1.1376559734344482,23206
1994-06-20,1.066552996635437,1.1376559734344482,1.066552996635437,1.066552996635437,521071
1994-06-21,1.066552996635437,1.066552996635437,1.066552996635437,1.066552996635437,0
1994-06-22,1.066552996635437,1.066552996635437,1.066552996635437,1.066552996635437,2110
1994-06-23,1.066552996635437,1.066552996635437,1.0398889780044556,1.066552996635437,1252399
1994-06-24,1.066552996635437,1.066552996635437,1.066552996635437,1.066552996635437,14064
1994-06-27,1.066552996635437,1.066552996635437,1.066552996635437,1.066552996635437,703
1994-06-28,1.1021050214767456,1.1021050214767456,1.1021050214767456,1.1021050214767456,3516
1994-06-29,1.1376559734344482,1.1376559734344482,1.1376559734344482,1.1376559734344482,12658
1994-06-30,1.1376559734344482,1.1376559734344482,1.1376559734344482,1.1376559734344482,199709
1994-07-01,1.1021050214767456,1.1021050214767456,1.1021050214767456,1.1021050214767456,56256
1994-07-05,1.1021050214767456,1.1021050214767456,1.1021050214767456,1.1021050214767456,0
1994-07-06,1.1398780345916748,1.1398780345916748,1.1354340314865112,1.1354340314865112,350194
1994-07-07,1.1021050214767456,1.1021050214767456,1.1021050214767456,1.1021050214767456,14064
1994-07-08,1.1021050214767456,1.1021050214767456,1.1021050214767456,1.1021050214767456,0
1994-07-11,1.1021050214767456,1.1021050214767456,1.1021050214767456,1.1021050214767456,0
1994-07-12,1.1021050214767456,1.1021050214767456,1.1021050214767456,1.1021050214767456,0
1994-07-13,1.1021050214767456,1.1021050214767456,1.1021050214767456,1.1021050214767456,0
1994-07-14,1.1021050214767456,1.1021050214767456,1.1021050214767456,1.1021050214767456,1406
1994-07-15,1.1021050214767456,1.1021050214767456,1.1021050214767456,1.1021050214767456,12658
1994-07-18,1.1021050214767456,1.1732079982757568,1.1021050214767456,1.1732079982757568,17580
1994-07-19,1.1021050214767456,1.1021050214767456,1.1021050214767456,1.1021050214767456,0
1994-07-20,1.1376559734344482,1.1732079982757568,1.1376559734344482,1.1732079982757568,18986
1994-07-21,1.1376559734344482,1.1376559734344482,1.1376559734344482,1.1376559734344482,0
1994-07-22,1.1021050214767456,1.1021050214767456,1.1021050214767456,1.1021050214767456,10548
1994-07-25,1.1021050214767456,1.1021050214767456,1.1021050214767456,1.1021050214767456,0
1994-07-26,1.1021050214767456,1.1021050214767456,1.1021050214767456,1.1021050214767456,0
1994-07-27,1.1021050214767456,1.1021050214767456,1.1021050214767456,1.1021050214767456,0
1994-07-28,1.1021050214767456,1.1021050214767456,1.1021050214767456,1.1021050214767456,23206
1994-07-29,1.1021050214767456,1.1021050214767456,1.1021050214767456,1.1021050214767456,22502
1994-08-01,1.1021050214767456,1.1021050214767456,1.1021050214767456,1.1021050214767456,21096
1994-08-02,1.1021050214767456,1.1021050214767456,1.1021050214767456,1.1021050214767456,0
1994-08-03,1.1021050214767456,1.1021050214767456,1.1021050214767456,1.1021050214767456,32347
1994-08-04,1.1021050214767456,1.1021050214767456,1.1021050214767456,1.1021050214767456,0
1994-08-05,1.1021050214767456,1.1021050214767456,1.1021050214767456,1.1021050214767456,28128
1994-08-08,1.1732079982757568,1.1732079982757568,1.1376559734344482,1.1732079982757568,51334
1994-08-09,1.1732079982757568,1.2087600231170654,1.1021050214767456,1.1376559734344482,180722
1994-08-10,1.1732079982757568,1.1909840106964111,1.1732079982757568,1.1732079982757568,63288
1994-08-11,1.1376559734344482,1.1732079982757568,1.1198810338974,1.1376559734344482,135014
1994-08-12,1.1554319858551025,1.1554319858551025,1.1021050214767456,1.1021050214767456,35160
1994-08-15,1.1021050214767456,1.1554319858551025,1.1021050214767456,1.1554319858551025,9845
1994-08-16,1.1554319858551025,1.1554319858551025,1.1198810338974,1.1198810338974,142750
1994-08-17,1.1732079982757568,1.2087600231170654,1.1554319858551025,1.1732079982757568,113918
1994-08-18,1.1732079982757568,1.1732079982757568,1.1732079982757568,1.1732079982757568,7735
1994-08-19,1.1909840106964111,1.1909840106964111,1.1732079982757568,1.1732079982757568,175800
1994-08-22,1.1732079982757568,1.1732079982757568,1.1732079982757568,1.1732079982757568,1406
1994-08-23,1.1732079982757568,1.1732079982757568,1.1732079982757568,1.1732079982757568,0
1994-08-24,1.2087600231170654,1.244312047958374,1.1732079982757568,1.244312047958374,90010
1994-08-25,1.1732079982757568,1.2176480293273926,1.1732079982757568,1.1732079982757568,21096
1994-08-26,1.1732079982757568,1.1732079982757568,1.1732079982757568,1.1732079982757568,0
1994-08-29,1.1732079982757568,1.1732079982757568,1.1732079982757568,1.1732079982757568,0
1994-08-30,1.2798629999160767,1.2798629999160767,1.2087600231170654,1.2087600231170654,291828
1994-08-31,1.2087600231170654,1.2798629999160767,1.2087600231170654,1.2087600231170654,140640
1994-09-01,1.3154150247573853,1.3154150247573853,1.244312047958374,1.244312047958374,24612
1994-09-02,1.4398460388183594,1.4576220512390137,1.3509670495986938,1.386518955230713,178613
1994-09-06,1.4220709800720215,1.4931739568710327,1.4220709800720215,1.4931739568710327,98448
1994-09-07,1.510949969291687,1.56427800655365,1.4576220512390137,1.4931739568710327,322066
1994-09-08,1.4931739568710327,1.56427800655365,1.4931739568710327,1.4931739568710327,23206
1994-09-09,1.4931739568710327,1.5465019941329956,1.4931739568710327,1.5465019941329956,140640
1994-09-12,1.4931739568710327,1.56427800655365,1.4931739568710327,1.56427800655365,151891
1994-09-13,1.4931739568710327,1.56427800655365,1.4931739568710327,1.56427800655365,90010
1994-09-14,1.5287259817123413,1.5465019941329956,1.4931739568710327,1.5287259817123413,49224
1994-09-15,1.5287259817123413,1.5287259817123413,1.5287259817123413,1.5287259817123413,7032
1994-09-16,1.5287259817123413,1.5287259817123413,1.4931739568710327,1.5287259817123413,592798
1994-09-19,1.5465019941329956,1.5465019941329956,1.4931739568710327,1.4931739568710327,28128
1994-09-20,1.5287259817123413,1.5287259817123413,1.4931739568710327,1.4931739568710327,21096
1994-09-21,1.4931739568710327,1.5287259817123413,1.4931739568710327,1.5287259817123413,28128
1994-09-22,1.56427800655365,1.56427800655365,1.4931739568710327,1.4931739568710327,137124
1994-09-23,1.4931739568710327,1.5287259817123413,1.4931739568710327,1.4931739568710327,50630
1994-09-26,1.4931739568710327,1.510949969291687,1.4931739568710327,1.4931739568710327,136421
1994-09-27,1.5465019941329956,1.56427800655365,1.4931739568710327,1.56427800655365,253152
1994-09-28,1.5465019941329956,1.56427800655365,1.4931739568710327,1.5287259817123413,175800
1994-09-29,1.4931739568710327,1.56427800655365,1.4931739568710327,1.56427800655365,8438
1994-09-30,1.4931739568710327,1.56427800655365,1.4931739568710327,1.56427800655365,45005
1994-10-03,1.5465019941329956,1.56427800655365,1.4931739568710327,1.56427800655365,92822
1994-10-04,1.4931739568710327,1.56427800655365,1.4931739568710327,1.56427800655365,60475
1994-10-05,1.4931739568710327,1.56427800655365,1.4931739568710327,1.56427800655365,9845
1994-10-06,1.56427800655365,1.56427800655365,1.4931739568710327,1.4931739568710327,33050
1994-10-07,1.56427800655365,1.5820529460906982,1.4931739568710327,1.5465019941329956,229946
1994-10-10,1.7064850330352783,1.7064850330352783,1.56427800655365,1.56427800655365,120247
1994-10-11,1.7953640222549438,1.8486920595169067,1.7775880098342896,1.7775880098342896,483098
1994-10-12,1.7775880098342896,1.8486920595169067,1.7775880098342896,1.8486920595169067,202522
1994-10-13,1.804252028465271,1.8486920595169067,1.7775880098342896,1.8486920595169067,182832
1994-10-14,1.7775880098342896,1.8131400346755981,1.7775880098342896,1.8131400346755981,57662
1994-10-17,1.7775880098342896,1.8486920595169067,1.7775880098342896,1.8486920595169067,66101
1994-10-18,1.742035984992981,1.7775880098342896,1.742035984992981,1.7775880098342896,29534
1994-10-19,1.8131400346755981,1.8131400346755981,1.7242610454559326,1.7242610454559326,4922
1994-10-20,1.742035984992981,1.7775880098342896,1.7064850330352783,1.7598119974136353,788990
1994-10-21,1.7775880098342896,1.7775880098342896,1.7064850330352783,1.7064850330352783,446532
1994-10-24,1.7064850330352783,1.7775880098342896,1.7064850330352783,1.7775880098342896,69617
1994-10-25,1.7064850330352783,1.7775880098342896,1.7064850330352783,1.7064850330352783,45708
1994-10-26,1.8131400346755981,1.8131400346755981,1.7064850330352783,1.7064850330352783,2598324
1994-10-27,1.8309160470962524,1.919795036315918,1.8131400346755981,1.8486920595169067,1141997
1994-10-28,1.8842430114746094,1.8842430114746094,1.8131400346755981,1.8664679527282715,573108
1994-10-31,1.8842430114746094,1.919795036315918,1.8131400346755981,1.919795036315918,567482
1994-11-01,1.8664679527282715,1.919795036315918,1.8131400346755981,1.8486920595169067,530916
1994-11-02,1.8486920595169067,1.919795036315918,1.8486920595169067,1.919795036315918,8438
1994-11-03,1.8309160470962524,1.919795036315918,1.8131400346755981,1.8131400346755981,847356
1994-11-04,1.919795036315918,1.919795036315918,1.8486920595169067,1.8486920595169067,72430
1994-11-07,1.919795036315918,1.919795036315918,1.8486920595169067,1.919795036315918,76649
1994-11-08,1.9375710487365723,1.9908989667892456,1.8842430114746094,1.8842430114746094,322066
1994-11-09,1.9908989667892456,1.9908989667892456,1.919795036315918,1.9908989667892456,577327
1994-11-10,1.9375710487365723,1.9908989667892456,1.919795036315918,1.9375710487365723,705310
1994-11-11,1.9908989667892456,1.9908989667892456,1.9375710487365723,1.9908989667892456,82274
1994-11-14,2.0264511108398438,2.0264511108398438,1.919795036315918,1.919795036315918,166658
1994-11-15,2.1153299808502197,2.133105993270874,2.0264511108398438,2.062001943588257,860717
1994-11-16,2.204209089279175,2.275312900543213,2.062001943588257,2.133105993270874,1141294
1994-11-17,2.2397611141204834,2.3108649253845215,2.204209089279175,2.3108649253845215,380431
1994-11-18,2.275312900543213,2.3108649253845215,2.204209089279175,2.2397611141204834,406450
1994-11-21,2.1953210830688477,2.275312900543213,2.1953210830688477,2.204209089279175,538651
1994-11-22,2.204209089279175,2.275312900543213,2.1686580181121826,2.204209089279175,99151
1994-11-23,2.062001943588257,2.204209089279175,2.062001943588257,2.1686580181121826,505601
1994-11-25,2.0442259311676025,2.0442259311676025,2.0264511108398438,2.0264511108398438,71023
1994-11-28,1.9908989667892456,2.0442259311676025,1.9908989667892456,2.0264511108398438,477473
1994-11-29,1.955346941947937,2.0264511108398438,1.955346941947937,1.955346941947937,102667
1994-11-30,2.0975539684295654,2.0975539684295654,1.955346941947937,1.9908989667892456,815009
1994-12-01,2.079777956008911,2.133105993270874,2.062001943588257,2.0975539684295654,85087
1994-12-02,2.062001943588257,2.133105993270874,2.062001943588257,2.133105993270874,243307
1994-12-05,2.0975539684295654,2.133105993270874,2.062001943588257,2.133105993270874,258074
1994-12-06,2.1153299808502197,2.133105993270874,2.0975539684295654,2.0975539684295654,630770
1994-12-07,2.133105993270874,2.133105993270874,2.0975539684295654,2.133105993270874,5626
1994-12-08,2.0975539684295654,2.1153299808502197,2.062001943588257,2.0975539684295654,210960
1994-12-09,2.062001943588257,2.133105993270874,2.0264511108398438,2.133105993270874,182832
1994-12-12,2.0442259311676025,2.0442259311676025,2.0264511108398438,2.0264511108398438,9845
1994-12-13,2.0975539684295654,2.0975539684295654,2.0442259311676025,2.0442259311676025,3516
1994-12-14,2.062001943588257,2.062001943588257,2.0264511108398438,2.0442259311676025,474660
1994-12-15,2.0264511108398438,2.0975539684295654,2.0264511108398438,2.0975539684295654,30238
1994-12-16,2.070889949798584,2.0975539684295654,2.0264511108398438,2.0264511108398438,819931
1994-12-19,2.0442259311676025,2.062001943588257,1.9908989667892456,2.0264511108398438,262294
1994-12-20,2.0086750984191895,2.062001943588257,1.9908989667892456,2.0442259311676025,81571
1994-12-21,2.0442259311676025,2.062001943588257,2.0264511108398438,2.0442259311676025,119544
1994-12-22,1.9908989667892456,1.9908989667892456,1.9908989667892456,1.9908989667892456,74539
1994-12-23,1.9908989667892456,2.0264511108398438,1.9908989667892456,2.0264511108398438,11251
1994-12-27,1.9908989667892456,1.9908989667892456,1.9908989667892456,1.9908989667892456,14767
1994-12-28,2.062001943588257,2.062001943588257,1.9908989667892456,1.9908989667892456,2110
1994-12-29,1.9908989667892456,1.9908989667892456,1.9908989667892456,1.9908989667892456,42192
1994-12-30,2.062001943588257,2.062001943588257,1.9908989667892456,1.9908989667892456,27425
1995-01-03,2.0442259311676025,2.062001943588257,1.9908989667892456,2.062001943588257,34457
1995-01-04,1.955346941947937,1.9908989667892456,1.955346941947937,1.9908989667892456,66101
1995-01-05,1.9908989667892456,1.9908989667892456,1.955346941947937,1.955346941947937,11251
1995-01-06,1.9908989667892456,1.9908989667892456,1.955346941947937,1.955346941947937,51334
1995-01-09,1.955346941947937,2.0264511108398438,1.955346941947937,1.955346941947937,79462
1995-01-10,1.955346941947937,1.955346941947937,1.8842430114746094,1.8842430114746094,278467
1995-01-11,1.955346941947937,1.955346941947937,1.919795036315918,1.919795036315918,28831
1995-01-12,1.9731229543685913,1.9908989667892456,1.919795036315918,1.919795036315918,335426
1995-01-13,1.9731229543685913,1.9908989667892456,1.919795036315918,1.955346941947937,462706
1995-01-16,2.204209089279175,2.2397611141204834,1.9731229543685913,1.9731229543685913,480989
1995-01-17,2.275312900543213,2.3819680213928223,2.1686580181121826,2.1686580181121826,741173
1995-01-18,2.133105993270874,2.3464159965515137,2.0975539684295654,2.275312900543213,414185
1995-01-19,2.1686580181121826,2.1686580181121826,2.0975539684295654,2.0975539684295654,11251
1995-01-20,1.9731229543685913,2.0975539684295654,1.955346941947937,2.0975539684295654,383244
1995-01-23,1.8664679527282715,1.955346941947937,1.8131400346755981,1.955346941947937,314330
1995-01-24,1.9908989667892456,2.0264511108398438,1.8486920595169067,1.8486920595169067,758050
1995-01-25,1.955346941947937,2.0264511108398438,1.955346941947937,1.9908989667892456,845246
1995-01-26,2.0264511108398438,2.0264511108398438,1.955346941947937,1.955346941947937,17580
1995-01-27,2.0264511108398438,2.0264511108398438,1.955346941947937,1.955346941947937,24612
1995-01-30,2.0264511108398438,2.0264511108398438,1.955346941947937,1.955346941947937,21096
1995-01-31,1.955346941947937,1.9908989667892456,1.955346941947937,1.955346941947937,79462
1995-02-01,1.9375710487365723,1.9908989667892456,1.919795036315918,1.955346941947937,301673
1995-02-02,1.9731229543685913,1.9908989667892456,1.919795036315918,1.9908989667892456,30941
1995-02-03,1.955346941947937,2.0086750984191895,1.955346941947937,1.955346941947937,1015421
1995-02-06,2.133105993270874,2.204209089279175,1.955346941947937,2.0086750984191895,1196846
1995-02-07,2.1864330768585205,2.2397611141204834,2.1686580181121826,2.1686580181121826,338239
1995-02-08,2.1686580181121826,2.2397611141204834,2.0975539684295654,2.221985101699829,130092
1995-02-09,2.133105993270874,2.133105993270874,2.133105993270874,2.133105993270874,6329
1995-02-10,2.1686580181121826,2.1686580181121826,2.0975539684295654,2.1686580181121826,671556
1995-02-13,2.2575368881225586,2.275312900543213,2.1686580181121826,2.1686580181121826,1520318
1995-02-14,2.328640937805176,2.3464159965515137,2.2575368881225586,2.275312900543213,1215130
1995-02-15,2.3108649253845215,2.3819680213928223,2.3108649253845215,2.3464159965515137,525290
1995-02-16,2.666382074356079,2.666382074356079,2.3464159965515137,2.3819680213928223,1904266
1995-02-17,2.5597269535064697,2.666382074356079,2.5597269535064697,2.5952789783477783,3201670
1995-02-21,2.6308300495147705,2.6308300495147705,2.5597269535064697,2.5597269535064697,471847
1995-02-22,2.5952789783477783,2.6308300495147705,2.5597269535064697,2.5597269535064697,130092
1995-02-23,2.4886229038238525,2.5952789783477783,2.4886229038238525,2.5952789783477783,350897
1995-02-24,2.5597269535064697,2.5597269535064697,2.4886229038238525,2.4886229038238525,81571
1995-02-27,2.4886229038238525,2.524174928665161,2.4886229038238525,2.4886229038238525,924005
1995-02-28,2.4886229038238525,2.5597269535064697,2.4886229038238525,2.4886229038238525,167362
1995-03-01,2.4886229038238525,2.506398916244507,2.4886229038238525,2.4886229038238525,36566
1995-03-02,2.506398916244507,2.5597269535064697,2.4886229038238525,2.4886229038238525,482395
1995-03-03,2.506398916244507,2.524174928665161,2.4886229038238525,2.524174928665161,243307
1995-03-06,2.6308300495147705,2.6308300495147705,2.4530720710754395,2.4886229038238525,2165153
1995-03-07,2.666382074356079,2.737485885620117,2.6308300495147705,2.666382074356079,1303030
1995-03-08,2.7019340991973877,2.7019340991973877,2.6308300495147705,2.7019340991973877,78758
1995-03-09,2.648606061935425,2.7019340991973877,2.6308300495147705,2.6841580867767334,338942
1995-03-10,2.6308300495147705,2.7019340991973877,2.6308300495147705,2.7019340991973877,60475
1995-03-13,2.5597269535064697,2.7019340991973877,2.5597269535064697,2.6308300495147705,67507
1995-03-14,2.7019340991973877,2.7019340991973877,2.6308300495147705,2.666382074356079,191974
1995-03-15,2.7019340991973877,2.7019340991973877,2.6308300495147705,2.7019340991973877,7032
1995-03-16,2.6308300495147705,2.7019340991973877,2.6308300495147705,2.6308300495147705,350897
1995-03-17,2.7908129692077637,2.8441410064697266,2.7019340991973877,2.7019340991973877,556934
1995-03-20,2.808588981628418,2.808588981628418,2.737485885620117,2.808588981628418,477473
1995-03-21,2.737485885620117,2.808588981628418,2.7019340991973877,2.808588981628418,567482
1995-03-22,2.6308300495147705,2.773037910461426,2.6308300495147705,2.773037910461426,588578
1995-03-23,2.6308300495147705,2.6841580867767334,2.6308300495147705,2.6308300495147705,160330
1995-03-24,2.6841580867767334,2.7019340991973877,2.666382074356079,2.666382074356079,278467
1995-03-27,2.666382074356079,2.737485885620117,2.6308300495147705,2.737485885620117,116731
1995-03-28,2.5952789783477783,2.7019340991973877,2.5952789783477783,2.6308300495147705,156110
1995-03-29,2.5952789783477783,2.6308300495147705,2.5952789783477783,2.6308300495147705,286202
1995-03-30,2.6308300495147705,2.666382074356079,2.6130549907684326,2.6308300495147705,368477
1995-03-31,2.737485885620117,2.773037910461426,2.6130549907684326,2.6308300495147705,658898
1995-04-03,2.773037910461426,2.773037910461426,2.737485885620117,2.773037910461426,175097
1995-04-04,2.879693031311035,2.9863479137420654,2.737485885620117,2.773037910461426,1146919
1995-04-05,2.879693031311035,2.9152450561523438,2.879693031311035,2.9152450561523438,28128
1995-04-06,2.773037910461426,2.9152450561523438,2.7019340991973877,2.9152450561523438,739766
1995-04-07,2.861917018890381,2.879693031311035,2.666382074356079,2.7019340991973877,763675
1995-04-10,2.968571901321411,3.0041239261627197,2.808588981628418,2.879693031311035,2622233
1995-04-11,2.8974690437316895,2.9863479137420654,2.879693031311035,2.9863479137420654,481692
1995-04-12,2.9152450561523438,2.9152450561523438,2.879693031311035,2.9152450561523438,116028
1995-04-13,2.950795888900757,2.950795888900757,2.879693031311035,2.950795888900757,67507
1995-04-17,2.808588981628418,2.9863479137420654,2.808588981628418,2.9863479137420654,108293
1995-04-18,2.808588981628418,2.879693031311035,2.773037910461426,2.808588981628418,313627
1995-04-19,2.6130549907684326,2.808588981628418,2.524174928665161,2.808588981628418,544277
1995-04-20,2.666382074356079,2.7019340991973877,2.5952789783477783,2.5952789783477783,101261
1995-04-21,2.737485885620117,2.737485885620117,2.7019340991973877,2.7019340991973877,101964
1995-04-24,2.8263649940490723,2.8441410064697266,2.7019340991973877,2.737485885620117,528103
1995-04-25,2.808588981628418,2.808588981628418,2.773037910461426,2.773037910461426,19690
1995-04-26,2.773037910461426,2.773037910461426,2.773037910461426,2.773037910461426,16877
1995-04-27,2.8263649940490723,2.8263649940490723,2.773037910461426,2.773037910461426,146969
1995-04-28,2.808588981628418,2.8441410064697266,2.773037910461426,2.773037910461426,36566
1995-05-01,2.9863479137420654,2.9863479137420654,2.8441410064697266,2.8441410064697266,525290
1995-05-02,2.9863479137420654,2.9863479137420654,2.9152450561523438,2.9863479137420654,94229
1995-05-03,3.021899938583374,3.0574519634246826,2.879693031311035,2.9863479137420654,454970
1995-05-04,2.950795888900757,3.1818830966949463,2.950795888900757,3.0574519634246826,755940
1995-05-05,2.9152450561523438,3.021899938583374,2.879693031311035,3.021899938583374,220805
1995-05-08,2.9152450561523438,2.950795888900757,2.879693031311035,2.879693031311035,56256
1995-05-09,2.9863479137420654,2.9863479137420654,2.9152450561523438,2.9152450561523438,57662
1995-05-10,2.9863479137420654,3.021899938583374,2.950795888900757,2.9863479137420654,193380
1995-05-11,2.950795888900757,3.021899938583374,2.879693031311035,3.021899938583374,115325
1995-05-12,3.0041239261627197,3.021899938583374,2.879693031311035,2.950795888900757,156110
1995-05-15,3.2885379791259766,3.395193099975586,2.950795888900757,2.950795888900757,1106134
1995-05-16,3.2707619667053223,3.3418660163879395,3.1996591091156006,3.2352099418640137,171581
1995-05-17,3.3596420288085938,3.4485208988189697,3.2707619667053223,3.2707619667053223,720780
1995-05-18,3.2352099418640137,3.4485208988189697,3.1996591091156006,3.3418660163879395,193380
1995-05-19,3.1996591091156006,3.2352099418640137,3.1996591091156006,3.2352099418640137,49224
1995-05-22,3.0574519634246826,3.306313991546631,3.0574519634246826,3.252985954284668,624442
1995-05-23,3.0574519634246826,3.1285550594329834,3.0574519634246826,3.0574519634246826,983777
1995-05-24,3.0574519634246826,3.2352099418640137,3.0574519634246826,3.1996591091156006,900096
1995-05-25,2.9330201148986816,3.093003034591675,2.9152450561523438,3.0574519634246826,139234
1995-05-26,2.879693031311035,2.9863479137420654,2.879693031311035,2.9863479137420654,294641
1995-05-30,2.8441410064697266,2.9863479137420654,2.737485885620117,2.9863479137420654,262294
1995-05-31,2.8441410064697266,2.8441410064697266,2.737485885620117,2.808588981628418,355116
1995-06-01,2.950795888900757,3.021899938583374,2.808588981628418,2.8441410064697266,468331
1995-06-02,2.950795888900757,3.021899938583374,2.879693031311035,2.950795888900757,260184
1995-06-05,3.075227975845337,3.093003034591675,2.959683895111084,2.9863479137420654,212366
1995-06-06,3.164107084274292,3.1996591091156006,2.9863479137420654,3.021899938583374,324175
1995-06-07,3.2352099418640137,3.2352099418640137,3.1285550594329834,3.1996591091156006,234869
1995-06-08,3.093003034591675,3.1996591091156006,3.093003034591675,3.164107084274292,149782
1995-06-09,3.1996591091156006,3.2707619667053223,3.1285550594329834,3.1463310718536377,672259
1995-06-12,3.1996591091156006,3.2707619667053223,3.1996591091156006,3.252985954284668,14064
1995-06-13,3.093003034591675,3.2707619667053223,2.879693031311035,3.1996591091156006,1621579
1995-06-14,3.0574519634246826,3.0574519634246826,2.9863479137420654,3.021899938583374,215179
1995-06-15,3.0574519634246826,3.0574519634246826,3.0574519634246826,3.0574519634246826,4922
1995-06-16,3.0574519634246826,3.0574519634246826,2.9863479137420654,2.9863479137420654,270732
1995-06-19,3.021899938583374,3.093003034591675,3.021899938583374,3.0574519634246826,63288
1995-06-20,3.093003034591675,3.093003034591675,3.021899938583374,3.021899938583374,73836
1995-06-21,2.9863479137420654,3.093003034591675,2.950795888900757,3.093003034591675,274248
1995-06-22,3.0574519634246826,3.093003034591675,2.9863479137420654,2.9863479137420654,109699
1995-06-23,3.075227975845337,3.1285550594329834,3.0574519634246826,3.1285550594329834,48521
1995-06-26,3.0574519634246826,3.0574519634246826,2.9863479137420654,3.0574519634246826,152594
1995-06-27,2.950795888900757,2.9863479137420654,2.950795888900757,2.9863479137420654,114622
1995-06-28,2.950795888900757,2.950795888900757,2.950795888900757,2.950795888900757,8438
1995-06-29,2.968571901321411,2.968571901321411,2.950795888900757,2.950795888900757,17580
1995-06-30,3.0396759510040283,3.0396759510040283,2.950795888900757,3.021899938583374,78758
1995-07-03,2.950795888900757,2.950795888900757,2.950795888900757,2.950795888900757,2813
1995-07-05,3.1285550594329834,3.164107084274292,2.9863479137420654,3.0574519634246826,251746
1995-07-06,3.1996591091156006,3.1996591091156006,3.093003034591675,3.1996591091156006,25315
1995-07-07,3.2352099418640137,3.306313991546631,3.1285550594329834,3.1996591091156006,364961
1995-07-10,3.3596420288085938,3.4129691123962402,3.2352099418640137,3.306313991546631,270029
1995-07-11,3.377418041229248,3.4840729236602783,3.306313991546631,3.3418660163879395,919082
1995-07-12,3.2707619667053223,3.377418041229248,3.2707619667053223,3.377418041229248,254558
1995-07-13,3.2352099418640137,3.3418660163879395,3.2352099418640137,3.2707619667053223,566076
1995-07-14,3.2352099418640137,3.2707619667053223,3.2352099418640137,3.2352099418640137,218695
1995-07-17,3.2352099418640137,3.3418660163879395,3.2352099418640137,3.2352099418640137,298860
1995-07-18,3.306313991546631,3.3418660163879395,3.1996591091156006,3.2707619667053223,786178
1995-07-19,3.021899938583374,3.244097948074341,3.021899938583374,3.2352099418640137,650460
1995-07-20,3.093003034591675,3.093003034591675,3.021899938583374,3.021899938583374,4219
1995-07-21,3.0574519634246826,3.1285550594329834,3.021899938583374,3.021899938583374,78055
1995-07-24,3.093003034591675,3.1285550594329834,2.950795888900757,3.1285550594329834,312924
1995-07-25,3.021899938583374,3.164107084274292,2.9863479137420654,3.093003034591675,179316
1995-07-26,3.021899938583374,3.164107084274292,3.021899938583374,3.1285550594329834,173690
1995-07-27,3.164107084274292,3.164107084274292,3.021899938583374,3.021899938583374,313627
1995-07-28,3.1996591091156006,3.1996591091156006,3.093003034591675,3.164107084274292,284796
1995-07-31,3.164107084274292,3.1996591091156006,3.1285550594329834,3.1996591091156006,298860
1995-08-01,3.093003034591675,3.2352099418640137,3.093003034591675,3.164107084274292,313627
1995-08-02,3.4485208988189697,3.4485208988189697,3.164107084274292,3.1818830966949463,2340250
1995-08-03,3.3418660163879395,3.4485208988189697,3.2352099418640137,3.3418660163879395,912754
1995-08-04,3.4485208988189697,3.4485208988189697,3.306313991546631,3.306313991546631,1439450
1995-08-07,3.661832094192505,3.697382926940918,3.4129691123962402,3.4485208988189697,979558
1995-08-08,3.7151589393615723,3.981796979904175,3.661832094192505,3.697382926940918,1603296
1995-08-09,3.8751420974731445,3.981796979904175,3.661832094192505,3.661832094192505,670150
1995-08-10,3.7862629890441895,3.981796979904175,3.768486976623535,3.8751420974731445,606158
1995-08-11,3.768486976623535,3.8040390014648438,3.5907280445098877,3.661832094192505,874078
1995-08-14,3.6262800693511963,3.768486976623535,3.555176019668579,3.661832094192505,887438
1995-08-15,3.661832094192505,3.768486976623535,3.6262800693511963,3.6262800693511963,783365
1995-08-16,3.981796979904175,4.141779899597168,3.768486976623535,3.768486976623535,2423227
1995-08-17,4.0884528160095215,4.266211986541748,4.035124778747559,4.0884528160095215,1579387
1995-08-18,4.0884528160095215,4.195107936859131,4.052900791168213,4.159555912017822,44302
1995-08-21,4.159555912017822,4.195107936859131,4.052900791168213,4.0884528160095215,189161
1995-08-22,4.052900791168213,4.159555912017822,4.052900791168213,4.052900791168213,127279
1995-08-23,4.0884528160095215,4.159555912017822,3.981796979904175,4.052900791168213,354413
1995-08-24,4.0884528160095215,4.0884528160095215,3.981796979904175,4.0884528160095215,157517
1995-08-25,4.0884528160095215,4.195107936859131,4.017348766326904,4.12400484085083,418404
1995-08-28,4.106228828430176,4.106228828430176,4.017348766326904,4.106228828430176,210257
1995-08-29,4.12400484085083,4.195107936859131,4.017348766326904,4.017348766326904,274248
1995-08-30,4.212883949279785,4.212883949279785,4.0884528160095215,4.159555912017822,309408
1995-08-31,4.497297763824463,4.497297763824463,4.12400484085083,4.12400484085083,936662
1995-09-01,4.479522228240967,4.550625801086426,4.443970203399658,4.550625801086426,558341
1995-09-05,4.408419132232666,4.515073776245117,4.408419132232666,4.479522228240967,3390127
1995-09-06,4.443970203399658,4.515073776245117,4.337315082550049,4.515073776245117,1276308
1995-09-07,4.052900791168213,4.443970203399658,4.017348766326904,4.337315082550049,1146919
1995-09-08,4.106228828430176,4.159555912017822,4.017348766326904,4.12400484085083,142046
1995-09-11,4.372867107391357,4.372867107391357,4.0884528160095215,4.159555912017822,342458
1995-09-12,4.479522228240967,4.479522228240967,4.266211986541748,4.3195390701293945,395902
1995-09-13,4.355091094970703,4.479522228240967,4.266211986541748,4.372867107391357,437390
1995-09-14,4.372867107391357,4.408419132232666,4.337315082550049,4.408419132232666,184238
1995-09-15,4.159555912017822,4.337315082550049,4.017348766326904,4.337315082550049,444422
1995-09-18,4.195107936859131,4.195107936859131,4.017348766326904,4.0884528160095215,778442
1995-09-19,4.550625801086426,4.586176872253418,4.0884528160095215,4.0884528160095215,1588529
1995-09-20,5.261661052703857,5.42164421081543,4.550625801086426,4.550625801086426,2577228
1995-09-21,5.297213077545166,5.368316173553467,5.155005931854248,5.261661052703857,3227688
1995-09-22,5.332765102386475,5.403868198394775,5.226109027862549,5.297213077545166,2895778
1995-09-25,5.279437065124512,5.368316173553467,5.261661052703857,5.332765102386475,1065348
1995-09-26,5.155005931854248,5.368316173553467,5.1194539070129395,5.261661052703857,400121
1995-09-27,4.941695213317871,5.101677894592285,4.7639360427856445,5.083901882171631,1104727
1995-09-28,5.048349857330322,5.155005931854248,4.835040092468262,4.87059211730957,1284746
1995-09-29,5.01279878616333,5.048349857330322,4.692832946777344,5.048349857330322,853685
1995-10-02,4.835040092468262,4.995022773742676,4.835040092468262,4.995022773742676,88603
1995-10-03,4.799488067626953,4.9061431884765625,4.728384971618652,4.835040092468262,315737
1995-10-04,4.728384971618652,4.7639360427856445,4.657280921936035,4.657280921936035,494350
1995-10-05,4.497297763824463,4.692832946777344,4.443970203399658,4.692832946777344,248230
1995-10-06,4.550625801086426,4.586176872253418,4.479522228240967,4.586176872253418,143453
1995-10-09,4.106228828430176,4.550625801086426,4.052900791168213,4.550625801086426,679291
1995-10-10,3.910693883895874,4.159555912017822,3.555176019668579,3.697382926940918,1063238
1995-10-11,4.372867107391357,4.443970203399658,4.052900791168213,4.052900791168213,1948567
1995-10-12,4.372867107391357,4.550625801086426,4.337315082550049,4.443970203399658,952836
1995-10-13,4.408419132232666,4.479522228240967,4.337315082550049,4.372867107391357,1082928
1995-10-16,4.177331924438477,4.408419132232666,4.159555912017822,4.408419132232666,214476
1995-10-17,4.266211986541748,4.337315082550049,4.0884528160095215,4.12400484085083,3334574
1995-10-18,4.30176305770874,4.479522228240967,4.30176305770874,4.337315082550049,2271336
1995-10-19,4.283987045288086,4.408419132232666,4.266211986541748,4.408419132232666,182129
1995-10-20,4.195107936859131,4.408419132232666,4.052900791168213,4.266211986541748,326988
1995-10-23,3.981796979904175,4.195107936859131,3.981796979904175,4.195107936859131,273545
1995-10-24,4.0884528160095215,4.0884528160095215,3.981796979904175,4.052900791168213,265106
1995-10-25,3.981796979904175,4.12400484085083,3.9462459087371826,4.12400484085083,361445
1995-10-26,3.661832094192505,3.981796979904175,3.5907280445098877,3.910693883895874,910644
1995-10-27,3.8040390014648438,3.8751420974731445,3.5907280445098877,3.5907280445098877,873374
1995-10-30,3.981796979904175,4.0884528160095215,3.7329349517822266,3.7329349517822266,1778393
1995-10-31,4.159555912017822,4.30176305770874,3.9462459087371826,4.052900791168213,1734794
1995-11-01,4.159555912017822,4.2306599617004395,4.159555912017822,4.177331924438477,935959
1995-11-02,4.515073776245117,4.515073776245117,4.159555912017822,4.2306599617004395,775630
1995-11-03,4.586176872253418,4.728384971618652,4.443970203399658,4.550625801086426,505601
1995-11-06,4.728384971618652,4.87059211730957,4.443970203399658,4.586176872253418,1303733
1995-11-07,4.30176305770874,4.835040092468262,4.195107936859131,4.835040092468262,845950
1995-11-08,4.337315082550049,4.337315082550049,4.195107936859131,4.30176305770874,148375
1995-11-09,4.621728897094727,4.621728897094727,4.337315082550049,4.337315082550049,457080
1995-11-10,4.408419132232666,4.550625801086426,4.2306599617004395,4.550625801086426,902206
1995-11-13,4.586176872253418,5.01279878616333,4.408419132232666,4.408419132232666,1917626
1995-11-14,4.479522228240967,4.692832946777344,4.372867107391357,4.550625801086426,1334674
1995-11-15,4.479522228240967,4.621728897094727,4.372867107391357,4.515073776245117,1123010
1995-11-16,4.337315082550049,4.479522228240967,4.2306599617004395,4.443970203399658,401527
1995-11-17,4.0884528160095215,4.337315082550049,4.017348766326904,4.337315082550049,1011905
1995-11-20,4.12400484085083,4.30176305770874,4.0884528160095215,4.195107936859131,501382
1995-11-21,4.443970203399658,4.7639360427856445,3.910693883895874,4.12400484085083,3526548
1995-11-22,4.692832946777344,4.835040092468262,4.515073776245117,4.515073776245117,3795874
1995-11-24,4.7639360427856445,4.87059211730957,4.657280921936035,4.657280921936035,272842
1995-11-27,4.728384971618652,5.01279878616333,4.692832946777344,4.87059211730957,700387
1995-11-28,4.799488067626953,4.835040092468262,4.692832946777344,4.692832946777344,474660
1995-11-29,4.87059211730957,4.9061431884765625,4.728384971618652,4.781712055206299,1106134
1995-11-30,5.048349857330322,5.083901882171631,4.9061431884765625,4.941695213317871,1708073
1995-12-01,4.97724723815918,5.048349857330322,4.941695213317871,4.97724723815918,835402
1995-12-04,5.01279878616333,5.083901882171631,4.97724723815918,4.97724723815918,777036
1995-12-05,5.261661052703857,5.297213077545166,5.066125869750977,5.1194539070129395,1833242
1995-12-06,5.297213077545166,5.403868198394775,5.261661052703857,5.261661052703857,711638
1995-12-07,5.19055700302124,5.297213077545166,5.155005931854248,5.297213077545166,378322
1995-12-08,5.261661052703857,5.261661052703857,5.155005931854248,5.19055700302124,40786
1995-12-11,5.155005931854248,5.226109027862549,5.155005931854248,5.226109027862549,8438
1995-12-12,5.226109027862549,5.226109027862549,5.1194539070129395,5.226109027862549,111106
1995-12-13,5.19055700302124,5.226109027862549,5.1194539070129395,5.226109027862549,99151
1995-12-14,5.172781944274902,5.226109027862549,5.155005931854248,5.155005931854248,625848
1995-12-15,5.01279878616333,5.261661052703857,5.01279878616333,5.155005931854248,475363
1995-12-18,4.586176872253418,4.97724723815918,4.550625801086426,4.97724723815918,393089
1995-12-19,4.657280921936035,4.97724723815918,4.621728897094727,4.621728897094727,1288262
1995-12-20,4.781712055206299,4.799488067626953,4.692832946777344,4.7639360427856445,502788
1995-12-21,4.7639360427856445,4.835040092468262,4.657280921936035,4.728384971618652,255262
1995-12-22,4.74616003036499,4.817264080047607,4.728384971618652,4.799488067626953,194083
1995-12-26,4.728384971618652,4.799488067626953,4.728384971618652,4.799488067626953,47114
1995-12-27,4.9061431884765625,4.9061431884765625,4.7639360427856445,4.87059211730957,427546
1995-12-28,4.941695213317871,4.941695213317871,4.835040092468262,4.9061431884765625,139937
1995-12-29,5.083901882171631,5.226109027862549,4.835040092468262,4.835040092468262,553418
1996-01-02,5.226109027862549,5.226109027862549,5.083901882171631,5.083901882171631,64694
1996-01-03,5.083901882171631,5.688282012939453,5.083901882171631,5.226109027862549,1461953
1996-01-04,4.515073776245117,5.1194539070129395,4.337315082550049,5.01279878616333,789694
1996-01-05,5.01279878616333,5.01279878616333,4.408419132232666,4.408419132232666,887438
1996-01-08,5.01279878616333,5.297213077545166,4.941695213317871,5.01279878616333,295344
1996-01-09,4.355091094970703,4.799488067626953,4.266211986541748,4.799488067626953,778442
1996-01-10,4.30176305770874,4.372867107391357,4.2306599617004395,4.355091094970703,549199
1996-01-11,4.3195390701293945,4.621728897094727,4.30176305770874,4.550625801086426,1565323
1996-01-12,4.799488067626953,4.799488067626953,4.30176305770874,4.479522228240967,599126
1996-01-15,4.728384971618652,4.97724723815918,4.479522228240967,4.657280921936035,390979
1996-01-16,4.621728897094727,4.87059211730957,4.337315082550049,4.799488067626953,945101
1996-01-17,4.692832946777344,4.728384971618652,4.515073776245117,4.692832946777344,464112
1996-01-18,4.888367176055908,5.083901882171631,4.603952884674072,4.710608959197998,558341
1996-01-19,5.066125869750977,5.1194539070129395,4.9061431884765625,5.1194539070129395,871968
1996-01-22,5.137229919433594,5.261661052703857,4.97724723815918,5.083901882171631,466925
1996-01-23,5.01279878616333,5.1194539070129395,4.941695213317871,4.97724723815918,753830
1996-01-24,5.155005931854248,5.226109027862549,5.048349857330322,5.155005931854248,859310
1996-01-25,5.19055700302124,5.332765102386475,5.048349857330322,5.048349857330322,811493
1996-01-26,5.137229919433594,5.261661052703857,5.048349857330322,5.048349857330322,185645
1996-01-29,5.083901882171631,5.332765102386475,5.083901882171631,5.1194539070129395,177206
1996-01-30,4.995022773742676,5.19055700302124,4.9061431884765625,5.083901882171631,402934
1996-01-31,4.97724723815918,5.083901882171631,4.9061431884765625,4.9061431884765625,117434
1996-02-01,4.9061431884765625,5.083901882171631,4.9061431884765625,4.9061431884765625,324175
1996-02-02,5.279437065124512,5.546074867248535,4.97724723815918,4.97724723815918,1627908
1996-02-05,5.439420223236084,5.581626892089844,5.306100845336914,5.510522842407227,542870
1996-02-06,5.546074867248535,5.617178916931152,5.474971771240234,5.546074867248535,452158
1996-02-07,5.155005931854248,5.546074867248535,5.155005931854248,5.474971771240234,277061
1996-02-08,5.066125869750977,5.226109027862549,5.048349857330322,5.048349857330322,79462
1996-02-09,4.995022773742676,5.155005931854248,4.97724723815918,5.048349857330322,123060
1996-02-12,5.261661052703857,5.368316173553467,5.048349857330322,5.155005931854248,251042
1996-02-13,5.546074867248535,5.688282012939453,5.048349857330322,5.083901882171631,772114
1996-02-14,5.403868198394775,6.043799877166748,5.368316173553467,5.75938606262207,948617
1996-02-15,5.617178916931152,5.617178916931152,5.439420223236084,5.546074867248535,100558
1996-02-16,5.332765102386475,5.581626892089844,5.332765102386475,5.439420223236084,251746
1996-02-20,5.19055700302124,5.403868198394775,5.19055700302124,5.19055700302124,82274
1996-02-21,5.457196235656738,5.510522842407227,5.261661052703857,5.279437065124512,632880
1996-02-22,5.474971771240234,5.474971771240234,5.368316173553467,5.439420223236084,248230
1996-02-23,5.510522842407227,5.510522842407227,5.332765102386475,5.332765102386475,97042
1996-02-26,5.403868198394775,5.474971771240234,5.332765102386475,5.474971771240234,20393
1996-02-27,5.546074867248535,5.546074867248535,5.332765102386475,5.546074867248535,17580
1996-02-28,5.581626892089844,5.75938606262207,5.439420223236084,5.439420223236084,380431
1996-02-29,5.546074867248535,5.688282012939453,5.510522842407227,5.510522842407227,323472
1996-03-01,5.5638508796691895,5.688282012939453,5.546074867248535,5.546074867248535,212366
1996-03-04,5.546074867248535,5.546074867248535,5.403868198394775,5.546074867248535,1388820
1996-03-05,5.403868198394775,5.546074867248535,5.332765102386475,5.403868198394775,801648
1996-03-06,5.403868198394775,5.546074867248535,5.403868198394775,5.474971771240234,492943
1996-03-07,5.403868198394775,5.510522842407227,5.403868198394775,5.510522842407227,521774
1996-03-08,5.19055700302124,5.368316173553467,5.155005931854248,5.226109027862549,51334
1996-03-11,5.332765102386475,5.368316173553467,5.155005931854248,5.19055700302124,118841
1996-03-12,5.297213077545166,5.403868198394775,5.19055700302124,5.19055700302124,126576
1996-03-13,5.403868198394775,5.403868198394775,5.386092185974121,5.403868198394775,237682
1996-03-14,5.439420223236084,5.581626892089844,5.439420223236084,5.439420223236084,357929
1996-03-15,5.492746829986572,5.546074867248535,5.439420223236084,5.439420223236084,132202
1996-03-18,5.617178916931152,5.617178916931152,5.510522842407227,5.510522842407227,265106
1996-03-19,5.368316173553467,5.617178916931152,5.368316173553467,5.5638508796691895,561857
1996-03-20,5.492746829986572,5.510522842407227,5.332765102386475,5.42164421081543,161033
1996-03-21,5.332765102386475,5.510522842407227,5.332765102386475,5.332765102386475,105480
1996-03-22,5.510522842407227,5.510522842407227,5.510522842407227,5.510522842407227,2110
1996-03-25,5.332765102386475,5.510522842407227,5.332765102386475,5.332765102386475,157517
1996-03-26,5.510522842407227,5.510522842407227,5.332765102386475,5.368316173553467,73133
1996-03-27,5.403868198394775,5.510522842407227,5.332765102386475,5.3505401611328125,300266
1996-03-28,5.332765102386475,5.510522842407227,5.332765102386475,5.510522842407227,490834
1996-03-29,5.510522842407227,5.510522842407227,5.332765102386475,5.368316173553467,210960
1996-04-01,5.332765102386475,5.510522842407227,5.332765102386475,5.332765102386475,497162
1996-04-02,5.31498908996582,5.439420223236084,5.297213077545166,5.332765102386475,2112413
1996-04-03,5.546074867248535,5.581626892089844,5.297213077545166,5.297213077545166,810086
1996-04-04,5.617178916931152,5.6527299880981445,5.403868198394775,5.439420223236084,197599
1996-04-08,5.474971771240234,5.6527299880981445,5.368316173553467,5.439420223236084,482395
1996-04-09,5.688282012939453,5.7949371337890625,5.546074867248535,5.688282012939453,716561
1996-04-10,5.7949371337890625,5.937143802642822,5.6527299880981445,5.7949371337890625,737657
1996-04-11,5.830489158630371,6.043799877166748,5.75938606262207,5.75938606262207,175800
1996-04-12,5.723834037780762,5.937143802642822,5.723834037780762,5.830489158630371,92119
1996-04-15,5.439420223236084,5.723834037780762,5.439420223236084,5.6527299880981445,661711
1996-04-16,5.581626892089844,5.581626892089844,5.439420223236084,5.581626892089844,96338
1996-04-17,6.114902973175049,6.399316787719727,5.7949371337890625,5.830489158630371,2212267
1996-04-18,6.186007022857666,6.363766193389893,6.0082478523254395,6.150454998016357,330504
1996-04-19,6.150454998016357,6.292662143707275,6.150454998016357,6.292662143707275,545683
1996-04-22,6.20378303527832,6.292662143707275,6.114902973175049,6.114902973175049,145562
1996-04-23,6.292662143707275,6.328214168548584,6.114902973175049,6.114902973175049,109699
1996-04-24,6.399316787719727,6.612627983093262,6.328214168548584,6.328214168548584,493646
1996-04-25,7.252560138702393,7.64362907409668,6.612627983093262,6.612627983093262,2500579
1996-04-26,7.252560138702393,7.608077049255371,6.968145847320557,7.039248943328857,1030188
1996-04-29,7.3414387702941895,7.430318832397461,7.252560138702393,7.252560138702393,196896
1996-04-30,7.501421928405762,7.53697395324707,7.288111209869385,7.288111209869385,91416
1996-05-01,8.283560752868652,8.283560752868652,7.501421928405762,7.501421928405762,836105
1996-05-02,8.08802604675293,8.319112777709961,7.963594913482666,8.319112777709961,577327
1996-05-03,7.98137092590332,8.248008728027344,7.963594913482666,7.963594913482666,774223
1996-05-06,7.999146938323975,8.248008728027344,7.963594913482666,8.248008728027344,650460
1996-05-07,8.123578071594238,8.248008728027344,7.963594913482666,8.176905632019043,113918
1996-05-08,8.105801582336426,8.248008728027344,7.963594913482666,8.248008728027344,1924658
1996-05-09,8.176905632019043,8.248008728027344,7.963594913482666,7.963594913482666,33754
1996-05-10,9.030147552490234,9.172354698181152,7.963594913482666,7.963594913482666,1005576
1996-05-13,8.816837310791016,8.994595527648926,8.745734214782715,8.994595527648926,216586
1996-05-14,8.745734214782715,8.994595527648926,8.745734214782715,8.994595527648926,22502
1996-05-15,9.030147552490234,9.030147552490234,8.745734214782715,8.994595527648926,137827
1996-05-16,9.030147552490234,9.030147552490234,8.745734214782715,9.030147552490234,125873
1996-05-17,8.496870994567871,9.030147552490234,8.496870994567871,9.030147552490234,127982
1996-05-20,8.674630165100098,8.674630165100098,8.354663848876953,8.390215873718262,478176
1996-05-21,8.816837310791016,9.243457794189453,8.390215873718262,8.407992362976074,315737
1996-05-22,8.781286239624023,9.065699577331543,8.781286239624023,8.816837310791016,105480
1996-05-23,8.781286239624023,9.065699577331543,8.781286239624023,9.065699577331543,33754
1996-05-24,9.047924041748047,9.065699577331543,8.781286239624023,9.047924041748047,42895
1996-05-28,8.781286239624023,9.065699577331543,8.781286239624023,9.065699577331543,75946
1996-05-29,8.816837310791016,8.959044456481934,8.790172576904297,8.959044456481934,57662
1996-05-30,8.959044456481934,8.959044456481934,8.781286239624023,8.781286239624023,74539
1996-05-31,9.279009819030762,9.456768989562988,8.710182189941406,8.710182189941406,264403
1996-06-03,9.598976135253906,10.025596618652344,9.456768989562988,9.741183280944824,334020
1996-06-04,9.31456184387207,10.025596618652344,9.31456184387207,9.456768989562988,293234
1996-06-05,9.670080184936523,9.95449447631836,9.31456184387207,9.31456184387207,575218
1996-06-06,9.42121696472168,9.95449447631836,9.385665893554688,9.95449447631836,480989
1996-06-07,8.816837310791016,9.101250648498535,7.53697395324707,8.852389335632324,608620
1996-06-10,8.034699440002441,9.101250648498535,7.963594913482666,7.963594913482666,75594
1996-06-11,8.816837310791016,9.101250648498535,7.963594913482666,7.963594913482666,138179
1996-06-12,9.31456184387207,9.527873039245605,8.994595527648926,9.101250648498535,4287410
1996-06-13,9.741183280944824,9.883390426635742,9.385665893554688,9.598976135253906,683159
1996-06-14,9.598976135253906,9.91894245147705,9.456768989562988,9.883390426635742,781607
1996-06-17,9.812287330627441,9.812287330627441,9.598976135253906,9.741183280944824,1477423
1996-06-18,9.172354698181152,9.812287330627441,9.172354698181152,9.598976135253906,476770
1996-06-19,8.887941360473633,9.243457794189453,8.745734214782715,9.172354698181152,636748
1996-06-20,8.390215873718262,8.887941360473633,7.963594913482666,8.887941360473633,1913407
1996-06-21,8.390215873718262,8.674630165100098,8.248008728027344,8.248008728027344,966197
1996-06-24,8.567975044250488,8.674630165100098,8.319112777709961,8.674630165100098,199357
1996-06-25,8.887941360473633,8.887941360473633,8.603527069091797,8.745734214782715,394495
1996-06-26,8.923493385314941,9.31456184387207,8.603527069091797,8.603527069091797,637099
1996-06-27,9.030147552490234,9.172354698181152,8.674630165100098,9.172354698181152,302728
1996-06-28,10.096700668334961,10.238907814025879,8.887941360473633,9.030147552490234,1394797
1996-07-01,10.487770080566406,11.056597709655762,9.741183280944824,10.025596618652344,1128988
1996-07-02,9.634528160095215,10.665529251098633,9.634528160095215,10.665529251098633,273193
1996-07-03,8.461319923400879,9.598976135253906,8.461319923400879,9.527873039245605,1712644
1996-07-05,8.283560752868652,8.53242301940918,7.821387767791748,8.461319923400879,233111
1996-07-08,8.319112777709961,8.887941360473633,8.176905632019043,8.176905632019043,662414
1996-07-09,8.639078140258789,8.745734214782715,8.283560752868652,8.603527069091797,335778
1996-07-10,7.750284194946289,8.816837310791016,7.608077049255371,8.816837310791016,463760
1996-07-11,7.252560138702393,7.892490863800049,6.114902973175049,7.821387767791748,1215130
1996-07-12,7.53697395324707,7.608077049255371,6.968145847320557,7.53697395324707,483098
1996-07-15,6.470420837402344,7.252560138702393,6.399316787719727,7.252560138702393,614948
1996-07-16,5.7949371337890625,6.612627983093262,5.403868198394775,6.399316787719727,1594858
1996-07-17,7.181456089019775,7.181456089019775,6.328214168548584,6.470420837402344,1647949
1996-07-18,8.176905632019043,8.53242301940918,7.323663234710693,7.323663234710693,1228842
1996-07-19,7.323663234710693,8.319112777709961,7.323663234710693,8.319112777709961,260536
1996-07-22,6.968145847320557,7.252560138702393,6.8970417976379395,7.110352993011475,200412
1996-07-23,7.039248943328857,7.252560138702393,6.5415239334106445,6.75483512878418,724648
1996-07-24,7.252560138702393,7.679181098937988,6.257110118865967,6.825939178466797,1115978
1996-07-25,7.465869903564453,8.034699440002441,7.110352993011475,7.572525978088379,415240
1996-07-26,7.252560138702393,7.679181098937988,7.110352993011475,7.465869903564453,342107
1996-07-29,6.968145847320557,7.608077049255371,6.968145847320557,7.430318832397461,70320
1996-07-30,7.181456089019775,7.430318832397461,7.039248943328857,7.252560138702393,217992
1996-07-31,7.394766807556152,7.394766807556152,7.110352993011475,7.181456089019775,65749
1996-08-01,8.034699440002441,8.034699440002441,7.110352993011475,7.110352993011475,149078
1996-08-02,8.53242301940918,8.959044456481934,8.105801582336426,8.248008728027344,633232
1996-08-05,8.745734214782715,9.101250648498535,8.53242301940918,8.674630165100098,257371
1996-08-06,8.816837310791016,9.030147552490234,8.53242301940918,8.53242301940918,160681
1996-08-07,8.887941360473633,9.385665893554688,8.639078140258789,9.101250648498535,681752
1996-08-08,9.634528160095215,9.883390426635742,8.816837310791016,8.887941360473633,1365263
1996-08-09,9.563424110412598,9.670080184936523,8.816837310791016,9.385665893554688,862123
1996-08-12,9.86561393737793,10.13225269317627,9.385665893554688,9.385665893554688,789342
1996-08-13,9.670080184936523,10.096700668334961,9.670080184936523,9.95449447631836,415240
1996-08-14,10.025596618652344,10.025596618652344,9.670080184936523,9.670080184936523,1034407
1996-08-15,9.812287330627441,10.096700668334961,9.812287330627441,9.883390426635742,201115
1996-08-16,10.381114959716797,10.629977226257324,9.812287330627441,9.812287330627441,738008
1996-08-19,10.558874130249023,10.80773639678955,10.31001091003418,10.31001091003418,287609
1996-08-20,10.381114959716797,10.594425201416016,10.31001091003418,10.381114959716797,239440
1996-08-21,10.096700668334961,10.238907814025879,10.025596618652344,10.096700668334961,214828
1996-08-22,10.772184371948242,10.949942588806152,10.025596618652344,10.025596618652344,311166
1996-08-23,10.469993591308594,10.878840446472168,10.452218055725098,10.73663330078125,476770
1996-08-26,10.381114959716797,10.594425201416016,10.381114959716797,10.381114959716797,125521
1996-08-27,10.416666984558105,10.772184371948242,10.381114959716797,10.452218055725098,426491
1996-08-28,10.80773639678955,10.949942588806152,10.381114959716797,10.381114959716797,119896
1996-08-29,10.73663330078125,10.80773639678955,10.594425201416016,10.665529251098633,252800
1996-08-30,10.594425201416016,10.80773639678955,10.523322105407715,10.594425201416016,191622
1996-09-03,10.025596618652344,10.594425201416016,10.025596618652344,10.381114959716797,448993
1996-09-04,9.990045547485352,10.381114959716797,9.598976135253906,10.381114959716797,396956
1996-09-05,9.741183280944824,10.025596618652344,9.527873039245605,9.670080184936523,236978
1996-09-06,9.598976135253906,10.025596618652344,9.598976135253906,9.741183280944824,529158
1996-09-09,10.13225269317627,10.31001091003418,9.598976135253906,9.598976135253906,374806
1996-09-10,10.416666984558105,10.523322105407715,9.95449447631836,10.096700668334961,324175
1996-09-11,10.096700668334961,10.381114959716797,9.812287330627441,10.381114959716797,191270
1996-09-12,10.80773639678955,10.878840446472168,10.238907814025879,10.274459838867188,129740
1996-09-13,10.878840446472168,11.234356880187988,10.878840446472168,10.878840446472168,106535
1996-09-16,10.487770080566406,11.589875221252441,10.452218055725098,11.234356880187988,1218997
1996-09-17,10.345562934875488,10.665529251098633,10.096700668334961,10.452218055725098,161384
1996-09-18,10.238907814025879,10.238907814025879,9.95449447631836,10.238907814025879,33050
1996-09-19,10.381114959716797,10.949942588806152,10.238907814025879,10.238907814025879,365312
1996-09-20,10.80773639678955,10.80773639678955,10.167803764343262,10.167803764343262,217992
1996-09-23,11.02104663848877,11.163253784179688,10.594425201416016,10.594425201416016,559044
1996-09-24,11.305460929870605,11.447668075561523,10.80773639678955,10.985494613647461,619871
1996-09-25,11.412116050720215,11.73208236694336,11.376564025878906,11.660978317260742,335778
1996-09-26,11.945391654968262,12.229806900024414,11.376564025878906,11.376564025878906,499272
1996-09-27,12.016495704650879,12.300909996032715,11.90984058380127,12.229806900024414,776684
1996-09-30,12.016495704650879,12.016495704650879,11.518771171569824,11.874288558959961,401176
1996-10-01,11.73208236694336,11.945391654968262,11.660978317260742,11.80318546295166,172987
1996-10-02,12.087599754333496,12.087599754333496,11.660978317260742,11.660978317260742,328394
1996-10-03,13.331911087036133,13.367463111877441,12.158702850341797,12.158702850341797,1618415
1996-10-04,13.438567161560059,13.580774307250977,12.905289649963379,13.545222282409668,1016476
1996-10-07,12.727531433105469,13.50967025756836,12.727531433105469,13.225255966186523,546386
1996-10-08,12.265357971191406,13.011944770812988,12.229806900024414,12.727531433105469,646944
1996-10-09,13.083048820495605,13.083048820495605,12.300909996032715,12.300909996032715,1097695
1996-10-10,13.083048820495605,13.50967025756836,12.86973762512207,13.083048820495605,432116
1996-10-11,13.296359062194824,13.50967025756836,12.86973762512207,12.940841674804688,322417
1996-10-14,13.118600845336914,13.40301513671875,13.011944770812988,13.40301513671875,221508
1996-10-15,12.940841674804688,13.331911087036133,12.940841674804688,13.083048820495605,312924
1996-10-16,12.51422119140625,13.225255966186523,12.300909996032715,13.225255966186523,328043
1996-10-17,12.087599754333496,12.51422119140625,12.087599754333496,12.51422119140625,359687
1996-10-18,12.372014045715332,12.51422119140625,12.087599754333496,12.087599754333496,219750
1996-10-21,12.727531433105469,12.79863452911377,12.087599754333496,12.229806900024414,238033
1996-10-22,12.407565116882324,12.58532428741455,11.589875221252441,12.443117141723633,1313578
1996-10-23,13.331911087036133,13.331911087036133,12.372014045715332,12.727531433105469,577327
1996-10-24,13.367463111877441,14.505119323730469,13.296359062194824,13.367463111877441,867046
1996-10-25,13.438567161560059,13.651877403259277,13.296359062194824,13.296359062194824,255613
1996-10-28,13.50967025756836,13.936290740966797,13.225255966186523,13.296359062194824,276006
1996-10-29,13.580774307250977,13.651877403259277,12.727531433105469,13.225255966186523,440555
1996-10-30,13.651877403259277,13.936290740966797,13.225255966186523,13.367463111877441,286906
1996-10-31,13.722981452941895,13.722981452941895,13.367463111877441,13.722981452941895,271435
1996-11-01,13.616325378417969,13.722981452941895,13.438567161560059,13.651877403259277,77000
1996-11-04,13.50967025756836,13.580774307250977,13.154151916503906,13.456341743469238,460596
1996-11-05,13.687429428100586,13.722981452941895,13.011944770812988,13.50967025756836,415943
1996-11-06,14.007394790649414,14.36291217803955,13.794083595275879,13.794083595275879,430007
1996-11-07,14.220705032348633,14.434016227722168,13.900738716125488,14.078497886657715,919434
1996-11-08,14.149601936340332,14.434016227722168,13.865187644958496,14.434016227722168,797077
1996-11-11,14.220705032348633,14.29180908203125,13.865187644958496,13.865187644958496,522829
1996-11-12,14.860636711120605,15.145051002502441,13.936290740966797,14.078497886657715,1382843
1996-11-13,15.500569343566895,15.642775535583496,14.789533615112305,15.18060302734375,639209
1996-11-14,15.429465293884277,15.713878631591797,15.28725814819336,15.500569343566895,336481
1996-11-15,14.896188735961914,16.21160316467285,14.860636711120605,15.784982681274414,960571
1996-11-18,14.611775398254395,15.07394790649414,14.434016227722168,15.07394790649414,520016
1996-11-19,14.576223373413086,14.718429565429688,14.220705032348633,14.647327423095703,594907
1996-11-20,14.860636711120605,15.358362197875977,14.220705032348633,14.505119323730469,1348034
1996-11-21,14.789533615112305,15.07394790649414,14.434016227722168,15.07394790649414,157868
1996-11-22,14.789533615112305,15.216155052185059,14.576223373413086,14.789533615112305,782310
1996-11-25,15.18060302734375,15.216155052185059,14.647327423095703,15.002843856811523,838918
1996-11-26,15.358362197875977,15.500569343566895,15.07394790649414,15.216155052185059,216234
1996-11-27,16.424915313720703,16.424915313720703,15.28725814819336,15.358362197875977,433874
1996-11-29,16.922639846801758,17.20705223083496,16.353811264038086,16.496017456054688,647999
1996-12-02,16.567121505737305,16.922639846801758,16.353811264038086,16.638225555419922,708122
1996-12-03,14.931740760803223,17.06484603881836,14.860636711120605,16.567121505737305,1475665
1996-12-04,14.860636711120605,15.642775535583496,14.327361106872559,15.002843856811523,861420
1996-12-05,15.216155052185059,15.216155052185059,14.647327423095703,15.07394790649414,2852531
1996-12-06,15.216155052185059,15.571672439575195,14.647327423095703,15.002843856811523,445829
1996-12-09,15.429465293884277,15.713878631591797,15.216155052185059,15.500569343566895,343162
1996-12-10,14.931740760803223,15.784982681274414,14.860636711120605,15.713878631591797,740470
1996-12-11,14.647327423095703,14.931740760803223,14.238480567932129,14.718429565429688,535838
1996-12-12,14.789533615112305,14.860636711120605,14.434016227722168,14.505119323730469,292883
1996-12-13,14.931740760803223,15.145051002502441,14.220705032348633,14.576223373413086,308002
1996-12-16,14.860636711120605,15.642775535583496,14.789533615112305,14.931740760803223,672611
1996-12-17,14.505119323730469,14.718429565429688,14.29180908203125,14.576223373413086,429655
1996-12-18,14.789533615112305,14.931740760803223,14.36291217803955,14.36291217803955,1175047
1996-12-19,14.434016227722168,14.860636711120605,14.434016227722168,14.789533615112305,598072
1996-12-20,14.220705032348633,14.647327423095703,13.936290740966797,14.505119323730469,939124
1996-12-23,14.29180908203125,14.29180908203125,13.865187644958496,14.149601936340332,431765
1996-12-24,14.114049911499023,14.29180908203125,14.007394790649414,14.29180908203125,546386
1996-12-26,14.39846420288086,14.434016227722168,14.007394790649414,14.007394790649414,672962
1996-12-27,14.434016227722168,14.611775398254395,14.149601936340332,14.434016227722168,424733
1996-12-30,14.434016227722168,14.576223373413086,14.220705032348633,14.220705032348633,1013311
1996-12-31,14.931740760803223,15.002843856811523,14.220705032348633,14.576223373413086,380080
1997-01-02,14.025171279907227,15.109498977661133,14.007394790649414,15.002843856811523,726757
1997-01-03,14.078497886657715,14.36291217803955,13.651877403259277,14.078497886657715,699684
1997-01-06,12.656428337097168,14.078497886657715,12.656428337097168,14.078497886657715,628661
1997-01-07,10.878840446472168,12.58532428741455,10.594425201416016,12.58532428741455,5494453
1997-01-08,12.58532428741455,12.727531433105469,11.660978317260742,11.73208236694336,3598978
1997-01-09,11.98094367980957,12.443117141723633,11.767634391784668,12.158702850341797,1312523
1997-01-10,13.118600845336914,13.296359062194824,11.838736534118652,11.838736534118652,1227436
1997-01-13,12.940841674804688,13.296359062194824,12.79863452911377,13.296359062194824,409262
1997-01-14,12.79863452911377,13.154151916503906,12.79863452911377,13.011944770812988,919082
1997-01-15,12.443117141723633,12.79863452911377,11.945391654968262,12.443117141723633,1100508
1997-01-16,13.083048820495605,13.225255966186523,12.372014045715332,12.372014045715332,552012
1997-01-17,11.589875221252441,11.945391654968262,9.741183280944824,10.73663330078125,25378488
1997-01-20,11.163253784179688,11.660978317260742,10.73663330078125,11.518771171569824,3793764
1997-01-21,10.84328842163086,11.163253784179688,10.80773639678955,11.09214973449707,623387
1997-01-22,11.589875221252441,11.589875221252441,10.914390563964844,10.914390563964844,2485109
1997-01-23,12.087599754333496,12.51422119140625,11.660978317260742,11.874288558959961,2109248
1997-01-24,12.940841674804688,13.225255966186523,12.087599754333496,12.087599754333496,830831
1997-01-27,13.154151916503906,13.580774307250977,13.011944770812988,13.296359062194824,2213322
1997-01-28,12.549772262573242,13.722981452941895,12.51422119140625,13.651877403259277,581546
1997-01-29,12.229806900024414,12.763083457946777,12.229806900024414,12.763083457946777,1258025
1997-01-30,12.229806900024414,12.51422119140625,12.087599754333496,12.372014045715332,855794
1997-01-31,12.407565116882324,12.51422119140625,12.158702850341797,12.229806900024414,272490
1997-02-03,13.367463111877441,13.794083595275879,12.51422119140625,12.58532428741455,1227787
1997-02-04,12.51422119140625,13.296359062194824,12.51422119140625,13.296359062194824,517555
1997-02-05,12.656428337097168,13.011944770812988,12.51422119140625,12.656428337097168,345271
1997-02-06,11.945391654968262,12.86973762512207,11.945391654968262,12.51422119140625,796022
1997-02-07,12.940841674804688,13.011944770812988,11.73208236694336,11.945391654968262,864233
1997-02-10,13.011944770812988,13.011944770812988,12.58532428741455,12.656428337097168,809735
1997-02-11,12.58532428741455,13.047496795654297,12.51422119140625,12.86973762512207,582953
1997-02-12,12.51422119140625,12.79863452911377,12.443117141723633,12.656428337097168,107941
1997-02-13,13.367463111877441,13.580774307250977,12.51422119140625,12.51422119140625,437390
1997-02-14,12.79863452911377,13.50967025756836,12.656428337097168,13.50967025756836,317143
1997-02-18,12.51422119140625,12.940841674804688,12.300909996032715,12.691980361938477,173690
1997-02-19,12.016495704650879,12.51422119140625,11.874288558959961,12.300909996032715,572405
1997-02-20,11.305460929870605,12.229806900024414,11.163253784179688,12.087599754333496,826260
1997-02-21,11.02104663848877,11.447668075561523,11.02104663848877,11.305460929870605,360742
1997-02-24,10.629977226257324,11.163253784179688,10.452218055725098,11.02104663848877,1019288
1997-02-25,10.665529251098633,11.02104663848877,10.381114959716797,10.878840446472168,360742
1997-02-26,10.096700668334961,10.665529251098633,9.812287330627441,10.381114959716797,1651114
1997-02-27,9.670080184936523,10.31001091003418,9.527873039245605,10.167803764343262,1596967
1997-02-28,9.31456184387207,9.741183280944824,8.887941360473633,9.741183280944824,1374404
1997-03-03,9.047924041748047,9.492321014404297,9.030147552490234,9.31456184387207,1053042
1997-03-04,10.381114959716797,10.701081275939941,9.030147552490234,9.243457794189453,1481642
1997-03-05,10.594425201416016,10.80773639678955,10.025596618652344,10.345562934875488,826612
1997-03-06,10.096700668334961,10.80773639678955,9.990045547485352,10.80773639678955,577327
1997-03-07,10.985494613647461,11.163253784179688,10.025596618652344,10.025596618652344,851927
1997-03-10,11.98094367980957,12.016495704650879,10.73663330078125,10.896615028381348,1100860
1997-03-11,12.79863452911377,12.940841674804688,12.300909996032715,12.300909996032715,3059272
1997-03-12,12.51422119140625,12.79863452911377,12.194254875183105,12.549772262573242,741173
1997-03-13,11.945391654968262,12.51422119140625,11.80318546295166,12.372014045715332,483098
1997-03-14,11.305460929870605,12.087599754333496,11.163253784179688,11.80318546295166,259129
1997-03-17,10.949942588806152,11.376564025878906,10.523322105407715,11.163253784179688,360390
1997-03-18,10.665529251098633,11.518771171569824,10.594425201416016,11.09214973449707,404340
1997-03-19,11.09214973449707,11.09214973449707,10.381114959716797,10.594425201416016,789342
1997-03-20,11.305460929870605,11.376564025878906,10.84328842163086,10.878840446472168,1139184
1997-03-21,11.234356880187988,11.589875221252441,10.949942588806152,11.447668075561523,414888
1997-03-24,10.985494613647461,11.234356880187988,10.878840446472168,11.02104663848877,156814
1997-03-25,11.98094367980957,11.98094367980957,10.878840446472168,11.09214973449707,359687
1997-03-26,12.407565116882324,12.656428337097168,11.73208236694336,11.767634391784668,556934
1997-03-27,11.500994682312012,12.443117141723633,11.269908905029297,12.229806900024414,357929
1997-03-31,10.523322105407715,11.589875221252441,10.523322105407715,11.589875221252441,556934
1997-04-01,10.985494613647461,11.09214973449707,10.73663330078125,10.73663330078125,317495
1997-04-02,10.772184371948242,10.949942588806152,10.665529251098633,10.878840446472168,196544
1997-04-03,10.665529251098633,10.878840446472168,10.594425201416016,10.878840446472168,187051
1997-04-04,11.163253784179688,11.305460929870605,10.594425201416016,10.878840446472168,726757
1997-04-07,11.660978317260742,12.087599754333496,11.09214973449707,11.305460929870605,728164
1997-04-08,12.016495704650879,12.372014045715332,11.518771171569824,11.945391654968262,562912
1997-04-09,11.874288558959961,12.58532428741455,11.69653034210205,12.300909996032715,504194
1997-04-10,11.767634391784668,11.874288558959961,11.518771171569824,11.660978317260742,230650
1997-04-11,11.874288558959961,12.087599754333496,11.09214973449707,11.518771171569824,441961
1997-04-14,12.158702850341797,12.229806900024414,11.447668075561523,11.80318546295166,228540
1997-04-15,11.80318546295166,12.407565116882324,11.660978317260742,12.372014045715332,219750
1997-04-16,12.158702850341797,12.58532428741455,11.660978317260742,11.660978317260742,469386
1997-04-17,12.229806900024414,12.478669166564941,12.087599754333496,12.229806900024414,426139
1997-04-18,11.660978317260742,12.443117141723633,11.607650756835938,12.265357971191406,273193
1997-04-21,10.523322105407715,11.518771171569824,10.238907814025879,11.447668075561523,509117
1997-04-22,9.990045547485352,10.523322105407715,9.456768989562988,10.31001091003418,2559648
1997-04-23,10.878840446472168,10.949942588806152,10.096700668334961,10.167803764343262,1005224
1997-04-24,11.09214973449707,11.69653034210205,10.949942588806152,11.376564025878906,640264
1997-04-25,10.80773639678955,11.09214973449707,10.523322105407715,11.02104663848877,93174
1997-04-28,10.73663330078125,10.878840446472168,10.523322105407715,10.523322105407715,219047
1997-04-29,10.878840446472168,11.518771171569824,10.80773639678955,11.376564025878906,181074
1997-04-30,11.305460929870605,11.376564025878906,10.878840446472168,11.163253784179688,406098
1997-05-01,12.79863452911377,12.940841674804688,11.376564025878906,11.518771171569824,1422222
1997-05-02,13.687429428100586,13.794083595275879,12.58532428741455,12.58532428741455,2259382
1997-05-05,14.007394790649414,14.611775398254395,13.794083595275879,13.794083595275879,2711188
1997-05-06,13.367463111877441,13.936290740966797,13.260807991027832,13.900738716125488,705310
1997-05-07,13.011944770812988,13.50967025756836,13.011944770812988,13.50967025756836,208850
1997-05-08,13.50967025756836,13.722981452941895,13.083048820495605,13.154151916503906,240846
1997-05-09,13.687429428100586,13.936290740966797,13.545222282409668,13.580774307250977,465870
1997-05-12,14.007394790649414,14.18515396118164,13.651877403259277,13.687429428100586,582953
1997-05-13,13.882964134216309,14.149601936340332,13.580774307250977,13.936290740966797,980612
1997-05-14,13.794083595275879,14.29180908203125,13.794083595275879,14.256257057189941,631825
1997-05-15,14.238480567932129,14.29180908203125,13.651877403259277,13.865187644958496,827666
1997-05-16,13.580774307250977,14.434016227722168,13.296359062194824,14.220705032348633,974987
1997-05-19,13.083048820495605,13.47411823272705,12.86973762512207,13.47411823272705,447235
1997-05-20,13.491893768310547,13.651877403259277,12.905289649963379,13.225255966186523,556231
1997-05-21,13.971842765808105,14.36291217803955,13.580774307250977,13.865187644958496,1218997
1997-05-22,14.825084686279297,15.429465293884277,14.220705032348633,14.220705032348633,1832891
1997-05-23,16.21160316467285,16.496017456054688,15.216155052185059,15.216155052185059,2496712
1997-05-27,15.856085777282715,16.353811264038086,15.713878631591797,16.353811264038086,763324
1997-05-28,15.500569343566895,16.353811264038086,15.429465293884277,16.06939697265625,1055855
1997-05-29,15.571672439575195,15.642775535583496,15.429465293884277,15.429465293884277,250691
1997-05-30,14.931740760803223,15.216155052185059,14.647327423095703,14.931740760803223,1467578
1997-06-02,15.838311195373535,15.927189826965332,14.789533615112305,14.789533615112305,681752
1997-06-03,16.5137939453125,16.95819091796875,15.500569343566895,15.500569343566895,1776986
1997-06-04,17.242605209350586,17.562570571899414,16.638225555419922,16.780431747436523,1241851
1997-06-05,16.638225555419922,17.562570571899414,16.531570434570312,17.420364379882812,594907
1997-06-06,16.85153579711914,17.06484603881836,16.496017456054688,16.496017456054688,940530
1997-06-09,16.70932960510254,16.85153579711914,16.496017456054688,16.85153579711914,325230
1997-06-10,15.784982681274414,16.81598472595215,15.642775535583496,16.81598472595215,479934
1997-06-11,15.856085777282715,15.927189826965332,15.358362197875977,15.784982681274414,554825
1997-06-12,15.856085777282715,16.06939697265625,15.749430656433105,15.96274185180664,1583958
1997-06-13,15.678327560424805,15.820534706115723,15.216155052185059,15.820534706115723,374102
1997-06-16,15.96274185180664,16.21160316467285,15.713878631591797,15.713878631591797,255613
1997-06-17,15.980518341064453,16.17605209350586,15.856085777282715,15.96274185180664,347381
1997-06-18,15.145051002502441,15.927189826965332,15.145051002502441,15.784982681274414,563966
1997-06-19,15.358362197875977,15.571672439575195,13.936290740966797,15.28725814819336,3812750
1997-06-20,14.789533615112305,15.571672439575195,14.469568252563477,15.358362197875977,893767
1997-06-23,15.07394790649414,15.28725814819336,14.789533615112305,15.07394790649414,588227
1997-06-24,15.429465293884277,15.642775535583496,15.145051002502441,15.429465293884277,469034
1997-06-25,15.571672439575195,15.856085777282715,15.393914222717285,15.393914222717285,536893
1997-06-26,16.460466384887695,16.780431747436523,15.500569343566895,15.73165512084961,1787183
1997-06-27,16.70932960510254,17.20705223083496,16.496017456054688,16.567121505737305,1194385
1997-06-30,16.567121505737305,16.780431747436523,16.389362335205078,16.780431747436523,506656
1997-07-01,16.460466384887695,16.638225555419922,16.353811264038086,16.496017456054688,276709
1997-07-02,16.85153579711914,16.85153579711914,16.353811264038086,16.353811264038086,365664
1997-07-03,17.45147132873535,17.527019500732422,16.85153579711914,17.135950088500977,490482
1997-07-07,18.344709396362305,18.59357261657715,17.20705223083496,17.420364379882812,1121604
1997-07-08,18.451364517211914,18.700227737426758,18.166950225830078,18.48691749572754,482395
1997-07-09,18.646900177001953,18.877986907958984,18.415813446044922,18.558019638061523,589282
1997-07-10,18.59357261657715,18.842435836791992,18.38026237487793,18.38026237487793,287960
1997-07-11,18.771331787109375,19.055744171142578,18.48691749572754,18.48691749572754,973932
1997-07-14,18.82465934753418,18.984642028808594,18.771331787109375,18.877986907958984,1753429
1997-07-15,18.202503204345703,18.62912368774414,17.918088912963867,18.48691749572754,753479
1997-07-16,18.771331787109375,18.94908905029297,18.06029510498047,18.38026237487793,592446
1997-07-17,18.398038864135742,18.984642028808594,18.344709396362305,18.664676666259766,405043
1997-07-18,17.918088912963867,18.558019638061523,17.918088912963867,18.415813446044922,172987
1997-07-21,18.06029510498047,18.238054275512695,17.63367462158203,18.238054275512695,1021046
1997-07-22,17.918088912963867,18.131399154663086,17.775882720947266,17.918088912963867,237330
1997-07-23,17.98919105529785,18.024744033813477,17.918088912963867,17.98919105529785,92471
1997-07-24,18.558019638061523,18.700227737426758,17.918088912963867,18.024744033813477,792506
1997-07-25,18.415813446044922,18.700227737426758,18.415813446044922,18.700227737426758,270380
1997-07-28,18.415813446044922,18.62912368774414,18.415813446044922,18.415813446044922,94580
1997-07-29,17.98919105529785,18.344709396362305,17.98919105529785,18.344709396362305,344568
1997-07-30,18.771331787109375,18.913537979125977,18.06029510498047,18.273605346679688,669095
1997-07-31,19.41126251220703,19.908987045288086,18.913537979125977,18.913537979125977,1141997
1997-08-01,19.660125732421875,19.695676803588867,19.304607391357422,19.62457275390625,406098
1997-08-04,20.122297286987305,20.548919677734375,19.48236656188965,19.48236656188965,976745
1997-08-05,21.04664421081543,21.15329933166504,19.944538116455078,20.122297286987305,756292
1997-08-06,20.904436111450195,21.15329933166504,20.7266788482666,21.15329933166504,354061
1997-08-07,19.589021682739258,20.762229919433594,19.197952270507812,20.620023727416992,1349089
1997-08-08,18.984642028808594,19.660125732421875,18.94908905029297,19.446815490722656,657492
1997-08-11,18.38026237487793,19.41126251220703,18.273605346679688,18.984642028808594,1359637
1997-08-12,18.38026237487793,18.73577880859375,18.202503204345703,18.344709396362305,259129
1997-08-13,19.26905632019043,19.340158462524414,18.38026237487793,18.38026237487793,764378
1997-08-14,18.913537979125977,19.553470611572266,18.771331787109375,19.553470611572266,449345
1997-08-15,19.26905632019043,19.62457275390625,18.62912368774414,18.771331787109375,535838
1997-08-18,18.415813446044922,19.26905632019043,18.238054275512695,19.26905632019043,451806
1997-08-19,18.52246856689453,18.771331787109375,18.202503204345703,18.38026237487793,127279
1997-08-20,19.340158462524414,19.553470611572266,18.415813446044922,18.700227737426758,402582
1997-08-21,18.984642028808594,19.48236656188965,18.771331787109375,19.48236656188965,925763
1997-08-22,18.166950225830078,18.913537979125977,17.84698486328125,18.895761489868164,1334322
1997-08-25,17.63367462158203,18.202503204345703,17.63367462158203,18.06029510498047,651515
1997-08-26,16.95819091796875,17.59812355041504,16.496017456054688,17.59812355041504,1377569
1997-08-27,17.420364379882812,17.63367462158203,16.496017456054688,16.922639846801758,1627205
1997-08-28,19.749004364013672,19.766780853271484,17.278156280517578,17.59812355041504,2461903
1997-08-29,19.41126251220703,20.51336669921875,19.340158462524414,19.660125732421875,1663068
1997-09-02,20.05119514465332,20.60224723815918,19.41126251220703,19.41126251220703,1231303
1997-09-03,20.442264556884766,20.477815628051758,20.015642166137695,20.015642166137695,356171
1997-09-04,19.944538116455078,20.548919677734375,19.944538116455078,20.548919677734375,1223568
1997-09-05,20.30005645751953,20.37116050720215,19.944538116455078,20.193401336669922,1339948
1997-09-08,20.975540161132812,21.082195281982422,20.086746215820312,20.37116050720215,399066
1997-09-09,21.82878303527832,22.682025909423828,20.833332061767578,21.011091232299805,1166960
1997-09-10,22.18429946899414,22.397611618041992,21.6154727935791,21.864334106445312,440555
1997-09-11,22.14874839782715,22.539817810058594,21.366609573364258,21.970989227294922,426491
1997-09-12,21.970989227294922,22.753128051757812,21.6154727935791,21.864334106445312,430007
1997-09-15,22.113197326660156,22.113197326660156,21.68657684326172,21.68657684326172,266513
1997-09-16,22.07764434814453,22.113197326660156,21.331058502197266,22.113197326660156,290773
1997-09-17,22.397611618041992,22.61092185974121,22.14874839782715,22.255403518676758,648350
1997-09-18,22.646472930908203,22.753128051757812,22.255403518676758,22.255403518676758,229595
1997-09-19,22.095420837402344,22.61092185974121,21.82878303527832,22.326507568359375,289367
1997-09-22,22.415386199951172,22.753128051757812,21.899885177612305,22.18429946899414,1066403
1997-09-23,22.859783172607422,23.03754234313965,22.5042667388916,22.646472930908203,479582
1997-09-24,22.326507568359375,23.03754234313965,22.290956497192383,23.03754234313965,405746
1997-09-25,21.82878303527832,23.07309341430664,21.757678985595703,22.18429946899414,845950
1997-09-26,21.508817672729492,22.18429946899414,21.473264694213867,22.18429946899414,285851
1997-09-29,21.6154727935791,21.970989227294922,21.508817672729492,21.6154727935791,123412
1997-09-30,22.61092185974121,22.753128051757812,21.402162551879883,21.6154727935791,927872
1997-10-01,21.899885177612305,23.179750442504883,21.864334106445312,22.61092185974121,863530
1997-10-02,21.899885177612305,22.113197326660156,21.651023864746094,22.113197326660156,161384
1997-10-03,22.113197326660156,22.468713760375977,21.82878303527832,22.18429946899414,460948
1997-10-06,22.04209327697754,22.468713760375977,22.006542205810547,22.326507568359375,91064
1997-10-07,22.468713760375977,22.468713760375977,22.113197326660156,22.113197326660156,142750
1997-10-08,22.539817810058594,22.61092185974121,22.18429946899414,22.18429946899414,132905
1997-10-09,23.321956634521484,23.890785217285156,22.326507568359375,22.326507568359375,871616
1997-10-10,23.179750442504883,23.535266876220703,22.859783172607422,23.3930606842041,634638
1997-10-13,23.961889266967773,24.317405700683594,23.001991271972656,23.001991271972656,595962
1997-10-14,23.961889266967773,24.175199508666992,23.695249557495117,24.175199508666992,414185
1997-10-15,24.35295867919922,24.81513023376465,23.85523223876953,23.997440338134766,450400
1997-10-16,23.60637092590332,24.60181999206543,23.286405563354492,24.60181999206543,484505
1997-10-17,22.61092185974121,23.81968116760254,22.219852447509766,23.81968116760254,939475
1997-10-20,21.899885177612305,22.433162689208984,21.15329933166504,22.193187713623047,1197198
1997-10-21,23.321956634521484,23.890785217285156,22.895336151123047,22.895336151123047,1752023
1997-10-22,23.07309341430664,23.321956634521484,22.753128051757812,23.321956634521484,2039983
1997-10-23,22.468713760375977,23.179750442504883,22.255403518676758,22.61092185974121,344920
1997-10-24,20.584470748901367,22.895336151123047,20.40671157836914,22.682025909423828,1301272
1997-10-27,16.21160316467285,20.05119514465332,15.607224464416504,19.944538116455078,2768147
1997-10-28,20.193401336669922,20.548919677734375,14.931740760803223,18.771331787109375,2497063
1997-10-29,18.575796127319336,20.762229919433594,18.48691749572754,20.762229919433594,1361044
1997-10-30,17.63367462158203,18.984642028808594,17.135950088500977,17.63367462158203,1085038
1997-10-31,19.091297149658203,19.26905632019043,18.558019638061523,18.700227737426758,1458085
1997-11-03,19.589021682739258,19.695676803588867,18.62912368774414,19.126848220825195,695465
1997-11-04,19.944538116455078,20.05119514465332,19.606796264648438,19.8378849029541,1117033
1997-11-05,19.908987045288086,20.122297286987305,19.695676803588867,20.122297286987305,268271
1997-11-06,19.749004364013672,19.980091094970703,19.41126251220703,19.980091094970703,517907
1997-11-07,19.26905632019043,19.766780853271484,18.913537979125977,18.913537979125977,441610
1997-11-10,19.233503341674805,19.8378849029541,19.055744171142578,19.304607391357422,296399
1997-11-11,18.771331787109375,19.37571144104004,18.38026237487793,19.340158462524414,490834
1997-11-12,18.166950225830078,18.913537979125977,17.70477867126465,17.918088912963867,848059
1997-11-13,19.695676803588867,19.766780853271484,18.202503204345703,19.62457275390625,316440
1997-11-14,20.26450538635254,20.477815628051758,19.695676803588867,19.980091094970703,1048295
1997-11-17,22.18429946899414,22.18429946899414,20.193401336669922,20.762229919433594,1316918
1997-11-18,22.397611618041992,23.321956634521484,21.899885177612305,22.468713760375977,959692
1997-11-19,22.895336151123047,23.03754234313965,22.18429946899414,22.18429946899414,476066
1997-11-20,23.03754234313965,23.321956634521484,22.61092185974121,23.03754234313965,539530
1997-11-21,22.04209327697754,23.321956634521484,21.757678985595703,23.321956634521484,510875
1997-11-24,21.18885040283203,22.18429946899414,21.04664421081543,22.18429946899414,1078006
1997-11-25,23.3930606842041,23.46416473388672,21.04664421081543,21.04664421081543,606334
1997-11-26,23.286405563354492,23.46416473388672,22.96643829345703,22.96643829345703,252097
1997-11-28,22.82423210144043,23.748577117919922,22.82423210144043,23.748577117919922,27249
1997-12-01,22.753128051757812,23.890785217285156,21.6154727935791,23.890785217285156,273721
1997-12-02,21.757678985595703,23.321956634521484,21.04664421081543,23.321956634521484,422096
1997-12-03,20.584470748901367,21.6154727935791,20.51336669921875,21.18885040283203,1224447
1997-12-04,22.93088722229004,23.03754234313965,20.477815628051758,20.975540161132812,429479
1997-12-05,24.886234283447266,25.1706485748291,22.468713760375977,23.179750442504883,489251
1997-12-08,26.450511932373047,26.52161407470703,23.997440338134766,24.886234283447266,687026
1997-12-09,25.59726905822754,27.01934051513672,25.312856674194336,25.312856674194336,580667
1997-12-10,23.748577117919922,25.59726905822754,23.179750442504883,25.59726905822754,708650
1997-12-11,20.40671157836914,23.321956634521484,19.8378849029541,22.61092185974121,1348034
1997-12-12,19.055744171142578,21.757678985595703,18.202503204345703,21.544368743896484,1098750
1997-12-15,18.913537979125977,19.340158462524414,17.918088912963867,19.340158462524414,1289317
1997-12-16,20.780006408691406,21.011091232299805,18.771331787109375,19.62457275390625,710584
1997-12-17,21.68657684326172,22.468713760375977,20.26450538635254,21.473264694213867,847180
1997-12-18,20.833332061767578,21.68657684326172,20.05119514465332,20.904436111450195,482395
1997-12-19,22.04209327697754,22.04209327697754,19.340158462524414,19.340158462524414,637627
1997-12-22,22.14874839782715,23.250852584838867,21.899885177612305,22.04209327697754,747326
1997-12-23,19.37571144104004,22.682025909423828,19.340158462524414,22.255403518676758,326109
1997-12-24,20.477815628051758,21.68657684326172,20.122297286987305,21.04664421081543,200939
1997-12-26,20.79778289794922,21.473264694213867,20.193401336669922,21.18885040283203,93701
1997-12-29,22.753128051757812,22.753128051757812,20.93998908996582,21.473264694213867,339294
1997-12-30,22.397611618041992,23.03754234313965,22.18429946899414,23.03754234313965,864233
1997-12-31,23.535266876220703,23.60637092590332,21.82878303527832,22.18429946899414,215003
1998-01-02,22.895336151123047,23.748577117919922,22.18429946899414,22.468713760375977,128334
1998-01-05,24.81513023376465,25.028440475463867,22.326507568359375,22.326507568359375,1106661
1998-01-06,25.099544525146484,25.59726905822754,24.317405700683594,24.317405700683594,736778
1998-01-07,24.38850975036621,25.028440475463867,23.321956634521484,25.028440475463867,464112
1998-01-08,24.317405700683594,24.672924041748047,23.46416473388672,24.672924041748047,176152
1998-01-09,21.899885177612305,24.032991409301758,21.544368743896484,23.890785217285156,864057
1998-01-12,21.117746353149414,23.03754234313965,19.48236656188965,19.908987045288086,783541
1998-01-13,21.811006546020508,22.18429946899414,21.544368743896484,22.18429946899414,918555
1998-01-14,21.82878303527832,22.18429946899414,21.6154727935791,21.899885177612305,660305
1998-01-15,21.49104118347168,21.970989227294922,21.18885040283203,21.970989227294922,404516
1998-01-16,20.957765579223633,21.82878303527832,20.691125869750977,21.82878303527832,451982
1998-01-20,21.6154727935791,22.18429946899414,21.117746353149414,21.331058502197266,1521901
1998-01-21,21.6154727935791,21.899885177612305,21.04664421081543,21.899885177612305,911523
1998-01-22,21.224403381347656,21.473264694213867,20.477815628051758,21.25995445251465,1124768
1998-01-23,21.04664421081543,21.473264694213867,20.762229919433594,20.762229919433594,271611
1998-01-26,19.8378849029541,21.18885040283203,19.340158462524414,21.04664421081543,635869
1998-01-27,18.877986907958984,20.05119514465332,18.806882858276367,19.62457275390625,1257673
1998-01-28,19.766780853271484,19.908987045288086,18.48691749572754,18.913537979125977,1640741
1998-01-29,21.117746353149414,21.117746353149414,19.766780853271484,19.908987045288086,1094179
1998-01-30,20.904436111450195,21.331058502197266,20.05119514465332,21.25995445251465,729394
1998-02-02,22.468713760375977,22.682025909423828,20.975540161132812,20.975540161132812,1292833
1998-02-03,22.753128051757812,23.535266876220703,22.18429946899414,22.539817810058594,848762
1998-02-04,22.18429946899414,22.895336151123047,22.113197326660156,22.895336151123047,1056382
1998-02-05,21.93543815612793,22.753128051757812,21.82878303527832,22.468713760375977,873550
1998-02-06,22.113197326660156,23.03754234313965,21.6154727935791,22.04209327697754,647471
1998-02-09,22.61092185974121,23.03754234313965,21.970989227294922,21.970989227294922,191270
1998-02-10,22.61092185974121,23.321956634521484,22.18429946899414,22.61092185974121,569768
1998-02-11,23.179750442504883,23.46416473388672,22.539817810058594,22.539817810058594,256492
1998-02-12,23.321956634521484,24.104095458984375,23.03754234313965,23.03754234313965,523357
1998-02-13,24.60181999206543,24.93956184387207,23.3930606842041,23.60637092590332,504722
1998-02-17,23.60637092590332,25.526166915893555,23.03754234313965,25.028440475463867,519665
1998-02-18,23.81968116760254,23.81968116760254,23.03754234313965,23.03754234313965,277412
1998-02-19,24.566268920898438,24.886234283447266,23.46416473388672,23.46416473388672,619695
1998-02-20,22.664249420166016,23.321956634521484,21.899885177612305,23.108646392822266,4823249
1998-02-23,23.60637092590332,23.890785217285156,22.539817810058594,22.753128051757812,624617
1998-02-24,23.890785217285156,24.175199508666992,23.250852584838867,23.535266876220703,691597
1998-02-25,23.144197463989258,24.032991409301758,22.682025909423828,24.032991409301758,701794
1998-02-26,22.682025909423828,23.677473068237305,22.539817810058594,22.96643829345703,709705
1998-02-27,22.788679122924805,22.96643829345703,22.682025909423828,22.753128051757812,372872
1998-03-02,21.72212791442871,22.96643829345703,21.473264694213867,22.96643829345703,626727
1998-03-03,21.331058502197266,21.473264694213867,20.335609436035156,21.473264694213867,1829199
1998-03-04,22.682025909423828,22.753128051757812,21.29550552368164,21.29550552368164,495404
1998-03-05,21.313282012939453,22.61092185974121,21.18885040283203,21.473264694213867,1811795
1998-03-06,22.682025909423828,22.753128051757812,21.473264694213867,21.899885177612305,828545
1998-03-09,21.899885177612305,22.61092185974121,21.899885177612305,22.255403518676758,585062
1998-03-10,21.988765716552734,22.539817810058594,21.899885177612305,22.113197326660156,363379
1998-03-11,22.219852447509766,22.326507568359375,21.899885177612305,21.899885177612305,570647
1998-03-12,22.539817810058594,22.682025909423828,22.04209327697754,22.18429946899414,772993
1998-03-13,23.304180145263672,23.46416473388672,22.539817810058594,22.61092185974121,1249762
1998-03-16,24.886234283447266,25.24175262451172,23.748577117919922,23.748577117919922,2107139
1998-03-17,25.117321014404297,25.59726905822754,24.60181999206543,25.099544525146484,1336080
1998-03-18,24.441837310791016,24.74402618408203,24.24630355834961,24.60181999206543,363730
1998-03-19,24.032991409301758,24.60181999206543,23.961889266967773,24.459613800048828,204104
1998-03-20,23.07309341430664,24.24630355834961,22.96643829345703,24.24630355834961,746974
1998-03-23,22.895336151123047,23.108646392822266,22.468713760375977,22.82423210144043,1003642
1998-03-24,23.85523223876953,23.961889266967773,22.468713760375977,22.5042667388916,683862
1998-03-25,24.317405700683594,25.028440475463867,24.175199508666992,24.886234283447266,908710
1998-03-26,24.175199508666992,24.459613800048828,23.81968116760254,24.459613800048828,325230
1998-03-27,23.83745765686035,24.459613800048828,23.60637092590332,24.38850975036621,166658
1998-03-30,23.890785217285156,24.068544387817383,23.748577117919922,23.890785217285156,423151
1998-03-31,23.92633628845215,26.02389144897461,23.890785217285156,24.24630355834961,1470215
1998-04-01,24.35295867919922,24.74402618408203,23.81968116760254,24.530717849731445,450751
1998-04-02,24.886234283447266,25.526166915893555,23.641923904418945,24.548492431640625,1372119
1998-04-03,25.59726905822754,25.846132278442383,24.957338333129883,25.312856674194336,1315160
1998-04-06,24.210750579833984,25.810579299926758,24.175199508666992,25.810579299926758,428952
1998-04-07,23.535266876220703,24.317405700683594,23.03754234313965,24.175199508666992,585766
1998-04-08,23.108646392822266,23.961889266967773,22.96643829345703,23.748577117919922,537596
1998-04-09,24.175199508666992,24.24630355834961,23.179750442504883,23.321956634521484,756116
1998-04-13,23.428611755371094,24.24630355834961,23.3930606842041,24.24630355834961,531268
1998-04-14,25.455062866210938,25.59726905822754,23.60637092590332,23.60637092590332,718143
1998-04-15,28.014789581298828,28.79692840576172,25.24175262451172,25.739477157592773,2180272
1998-04-16,30.66339683532715,31.072240829467773,28.156997680664062,28.441410064697266,3162290
1998-04-17,31.92548370361328,32.70762252807617,30.005687713623047,30.681171417236328,1872622
1998-04-20,32.067691802978516,32.281002044677734,31.569965362548828,31.854379653930664,831710
1998-04-21,31.88993263244629,34.34300231933594,30.716724395751953,32.778724670410156,1916747
1998-04-22,31.35665512084961,32.4232063293457,30.005687713623047,32.281002044677734,1607691
1998-04-23,30.396757125854492,31.641069412231445,30.290102005004883,31.14334487915039,496635
1998-04-24,30.80560302734375,31.00113868713379,29.934585571289062,30.3612060546875,592622
1998-04-27,30.432308197021484,31.49886131286621,30.005687713623047,30.14789581298828,781079
1998-04-28,30.894481658935547,31.712173461914062,30.2189998626709,30.432308197021484,549375
1998-04-29,31.9965877532959,32.92093276977539,30.5034122467041,30.930034637451172,541288
1998-04-30,30.858930587768555,32.63652038574219,30.5034122467041,32.49431228637695,1229018
1998-05-01,31.712173461914062,32.35210418701172,31.00113868713379,31.285551071166992,337360
1998-05-04,31.427759170532227,32.281002044677734,31.427759170532227,31.747724533081055,124115
1998-05-05,30.5034122467041,31.854379653930664,30.14789581298828,31.49886131286621,254558
1998-05-06,30.787826538085938,31.285551071166992,30.432308197021484,30.432308197021484,332086
1998-05-07,30.5034122467041,31.00113868713379,29.57906723022461,31.00113868713379,410141
1998-05-08,31.03668975830078,31.072240829467773,29.899032592773438,30.57451629638672,467980
1998-05-11,30.3612060546875,31.35665512084961,30.14789581298828,31.072240829467773,541640
1998-05-12,30.3612060546875,30.645620346069336,29.899032592773438,30.3612060546875,325230
1998-05-13,30.930034637451172,31.427759170532227,30.432308197021484,30.5034122467041,529158
1998-05-14,31.214448928833008,31.641069412231445,30.716724395751953,30.716724395751953,398187
1998-05-15,31.25,32.1387939453125,31.00113868713379,31.35665512084961,248581
1998-05-18,31.321104049682617,32.4232063293457,31.072240829467773,32.103240966796875,493998
1998-05-19,33.34755325317383,33.48976135253906,31.783275604248047,31.92548370361328,1019113
1998-05-20,32.60096740722656,34.556312561035156,32.281002044677734,34.02303695678711,685796
1998-05-21,31.92548370361328,33.063140869140625,31.569965362548828,33.063140869140625,579085
1998-05-22,32.1387939453125,32.35210418701172,31.641069412231445,31.854379653930664,857728
1998-05-26,32.1387939453125,32.992034912109375,31.676620483398438,32.56541442871094,1284922
1998-05-27,30.858930587768555,31.569965362548828,29.792377471923828,31.285551071166992,1322016
1998-05-28,30.57451629638672,31.49886131286621,29.863481521606445,31.285551071166992,531795
1998-05-29,29.010238647460938,31.072240829467773,28.868032455444336,30.716724395751953,480286
1998-06-01,27.872581481933594,29.436859130859375,27.588167190551758,29.010238647460938,797077
1998-06-02,28.93913459777832,29.223548889160156,28.014789581298828,28.014789581298828,595610
1998-06-03,30.716724395751953,32.281002044677734,30.14789581298828,31.072240829467773,1608394
1998-06-04,31.49886131286621,31.641069412231445,30.57451629638672,31.072240829467773,576097
1998-06-05,31.854379653930664,32.067691802978516,31.178895950317383,31.854379653930664,525466
1998-06-08,31.214448928833008,31.92548370361328,30.965585708618164,31.427759170532227,825908
1998-06-09,31.516637802124023,31.783275604248047,31.14334487915039,31.427759170532227,394319
1998-06-10,31.03668975830078,31.569965362548828,31.00113868713379,31.285551071166992,198302
1998-06-11,30.005687713623047,31.285551071166992,30.005687713623047,31.285551071166992,458135
1998-06-12,29.57906723022461,30.57451629638672,29.507963180541992,30.14789581298828,616706
1998-06-15,29.152446746826172,29.72127342224121,28.79692840576172,29.436859130859375,432995
1998-06-16,29.650171279907227,29.792377471923828,29.081342697143555,29.223548889160156,530564
1998-06-17,30.005687713623047,30.57451629638672,29.934585571289062,30.2189998626709,735547
1998-06-18,30.787826538085938,31.712173461914062,30.005687713623047,30.14789581298828,467804
1998-06-19,31.641069412231445,31.92548370361328,30.59229278564453,30.681171417236328,846301
1998-06-22,35.6939697265625,35.6939697265625,31.49886131286621,31.712173461914062,1335553
1998-06-23,35.836177825927734,37.32935333251953,34.41410827636719,34.91183090209961,2809108
1998-06-24,34.12969207763672,36.19169616699219,33.70307159423828,35.836177825927734,1417475
1998-06-25,33.80972671508789,34.840728759765625,33.56086349487305,34.2007942199707,492943
1998-06-26,33.845279693603516,34.627418518066406,33.48976135253906,33.98748779296875,226255
1998-06-29,33.3120002746582,34.058589935302734,32.778724670410156,34.058589935302734,510875
1998-06-30,35.71174621582031,35.76507568359375,33.13424301147461,33.41865921020508,1456327
1998-07-01,35.836177825927734,36.12059020996094,34.48521041870117,35.6939697265625,1192979
1998-07-02,33.205345153808594,36.333900451660156,32.992034912109375,36.04948806762695,1503090
1998-07-06,29.223548889160156,33.41865921020508,28.7258243560791,33.063140869140625,4780178
1998-07-07,29.72127342224121,31.072240829467773,29.507963180541992,29.934585571289062,1873325
1998-07-08,29.3302059173584,30.076791763305664,27.16154670715332,29.72127342224121,3220129
1998-07-09,29.934585571289062,31.00113868713379,29.152446746826172,29.72127342224121,1787886
1998-07-10,29.010238647460938,30.076791763305664,28.868032455444336,30.076791763305664,572229
1998-07-13,28.7258243560791,29.436859130859375,28.441410064697266,29.401308059692383,609850
1998-07-14,29.57906723022461,29.650171279907227,28.5836181640625,28.7258243560791,1328696
1998-07-15,30.14789581298828,30.14789581298828,29.294652938842773,29.57906723022461,467101
1998-07-16,31.214448928833008,31.9965877532959,30.14789581298828,30.290102005004883,976217
1998-07-17,31.92548370361328,32.992034912109375,31.49886131286621,31.712173461914062,842434
1998-07-20,30.787826538085938,32.4232063293457,30.57451629638672,32.20989990234375,544628
1998-07-21,29.72127342224121,31.35665512084961,29.436859130859375,31.214448928833008,1007334
1998-07-22,29.899032592773438,30.752275466918945,28.7258243560791,29.863481521606445,831007
1998-07-23,31.03668975830078,31.14334487915039,29.863481521606445,29.863481521606445,1208273
1998-07-24,30.290102005004883,32.067691802978516,30.076791763305664,31.712173461914062,767015
1998-07-27,29.650171279907227,30.290102005004883,29.419084548950195,30.14789581298828,1211438
1998-07-28,28.228099822998047,29.934585571289062,28.156997680664062,29.57906723022461,705310
1998-07-29,27.374858856201172,29.507963180541992,27.01934051513672,28.5836181640625,834698
1998-07-30,28.37030792236328,28.441410064697266,25.59726905822754,27.01934051513672,1669573
1998-07-31,28.441410064697266,29.543514251708984,27.588167190551758,28.156997680664062,869331
1998-08-03,27.659271240234375,28.654720306396484,27.374858856201172,28.654720306396484,698278
1998-08-04,25.419511795043945,28.014789581298828,25.312856674194336,27.588167190551758,2424106
1998-08-05,26.237201690673828,26.59271812438965,25.455062866210938,26.16609764099121,1876138
1998-08-06,29.57906723022461,31.00113868713379,26.450511932373047,26.734926223754883,3040109
1998-08-07,32.1387939453125,33.276451110839844,29.436859130859375,30.005687713623047,2260612
1998-08-10,30.787826538085938,31.783275604248047,30.5034122467041,31.712173461914062,1242730
1998-08-11,31.14334487915039,32.1387939453125,29.081342697143555,29.934585571289062,1128812
1998-08-12,32.49431228637695,32.992034912109375,31.46331024169922,31.854379653930664,690367
1998-08-13,31.285551071166992,34.27190017700195,31.285551071166992,32.778724670410156,1402357
1998-08-14,31.214448928833008,31.49886131286621,30.076791763305664,30.432308197021484,1051284
1998-08-17,31.14334487915039,31.854379653930664,30.930034637451172,31.854379653930664,605455
1998-08-18,32.20989990234375,32.4232063293457,31.49886131286621,31.783275604248047,954946
1998-08-19,32.35210418701172,33.205345153808594,32.1387939453125,32.70762252807617,1126702
1998-08-20,31.569965362548828,32.4232063293457,31.285551071166992,32.281002044677734,431237
1998-08-21,30.521188735961914,31.427759170532227,28.79692840576172,31.427759170532227,2730174
1998-08-24,29.934585571289062,30.716724395751953,28.93913459777832,30.432308197021484,1514165
1998-08-25,29.57906723022461,31.00113868713379,29.152446746826172,29.934585571289062,1016300
1998-08-26,29.081342697143555,29.792377471923828,28.93913459777832,29.543514251708984,321011
1998-08-27,27.374858856201172,28.441410064697266,27.374858856201172,28.441410064697266,706716
1998-08-28,26.37940788269043,28.37030792236328,25.312856674194336,27.588167190551758,730976
1998-08-31,22.71757698059082,26.734926223754883,22.61092185974121,26.59271812438965,2189589
1998-09-01,24.74402618408203,25.881683349609375,22.753128051757812,22.82423210144043,1757473
1998-09-02,24.459613800048828,25.38395881652832,23.250852584838867,25.24175262451172,980437
1998-09-03,23.60637092590332,24.81513023376465,23.179750442504883,23.60637092590332,542870
1998-09-04,23.250852584838867,24.459613800048828,22.895336151123047,24.032991409301758,502436
1998-09-08,24.60181999206543,24.74402618408203,23.677473068237305,24.459613800048828,1489729
1998-09-09,24.459613800048828,25.881683349609375,24.24630355834961,25.028440475463867,1519088
1998-09-10,23.46416473388672,24.175199508666992,22.96643829345703,23.60637092590332,1058492
1998-09-11,24.2818546295166,24.60181999206543,23.321956634521484,23.46416473388672,916445
1998-09-14,25.1706485748291,25.455062866210938,24.38850975036621,24.886234283447266,812899
1998-09-15,24.38850975036621,25.455062866210938,24.032991409301758,24.81513023376465,1319906
1998-09-16,24.139646530151367,25.526166915893555,23.81968116760254,24.81513023376465,1936261
1998-09-17,21.402162551879883,22.82423210144043,21.082195281982422,22.82423210144043,6234044
1998-09-18,22.699800491333008,22.753128051757812,21.6154727935791,21.82878303527832,2788891
1998-09-21,23.46416473388672,23.748577117919922,21.402162551879883,21.473264694213867,1812322
1998-09-22,24.886234283447266,25.455062866210938,23.677473068237305,24.317405700683594,2934805
1998-09-23,25.881683349609375,26.237201690673828,25.312856674194336,25.59726905822754,1221634
1998-09-24,24.957338333129883,26.16609764099121,24.459613800048828,25.952787399291992,538124
1998-09-25,25.028440475463867,25.455062866210938,24.459613800048828,24.74402618408203,505425
1998-09-28,25.59726905822754,25.739477157592773,25.099544525146484,25.59726905822754,1087323
1998-09-29,23.179750442504883,26.16609764099121,23.03754234313965,25.881683349609375,1698580
1998-09-30,23.321956634521484,23.535266876220703,22.04209327697754,23.03754234313965,1479181
1998-10-01,22.96643829345703,24.104095458984375,22.61092185974121,22.96643829345703,978327
1998-10-02,22.682025909423828,23.321956634521484,21.6154727935791,22.753128051757812,1541239
1998-10-05,20.122297286987305,22.61092185974121,17.775882720947266,22.61092185974121,3593000
1998-10-06,21.18885040283203,21.970989227294922,20.05119514465332,21.04664421081543,2918456
1998-10-07,19.553470611572266,22.61092185974121,19.340158462524414,20.904436111450195,1855042
1998-10-08,20.477815628051758,21.04664421081543,18.48691749572754,18.771331787109375,2017657
1998-10-09,22.895336151123047,23.179750442504883,20.691125869750977,21.117746353149414,1652168
1998-10-12,23.108646392822266,24.81513023376465,22.682025909423828,23.748577117919922,1288790
1998-10-13,24.459613800048828,25.455062866210938,23.179750442504883,23.179750442504883,1712468
1998-10-14,24.459613800048828,25.739477157592773,24.38850975036621,24.992889404296875,870210
1998-10-15,25.881683349609375,26.16609764099121,24.672924041748047,24.886234283447266,1351902
1998-10-16,27.445960998535156,28.441410064697266,25.952787399291992,26.02389144897461,1871743
1998-10-19,28.441410064697266,28.5836181640625,27.445960998535156,27.872581481933594,924005
1998-10-20,29.223548889160156,29.792377471923828,28.512514114379883,28.512514114379883,1368251
1998-10-21,28.93913459777832,29.294652938842773,27.730375289916992,29.294652938842773,992918
1998-10-22,29.934585571289062,30.2189998626709,27.872581481933594,28.7258243560791,581371
1998-10-23,30.14789581298828,31.214448928833008,29.934585571289062,30.2189998626709,1129339
1998-10-26,30.681171417236328,31.49886131286621,30.2189998626709,30.930034637451172,1162390
1998-10-27,31.285551071166992,31.49886131286621,30.645620346069336,31.00113868713379,1345046
1998-10-28,31.214448928833008,32.992034912109375,30.432308197021484,31.214448928833008,2581096
1998-10-29,27.303754806518555,28.7258243560791,27.16154670715332,27.623720169067383,8977227
1998-10-30,28.156997680664062,28.654720306396484,27.445960998535156,27.8370304107666,2554901
1998-11-02,30.14789581298828,30.716724395751953,28.228099822998047,28.79692840576172,1761516
1998-11-03,28.654720306396484,30.14789581298828,28.441410064697266,30.14789581298828,1652696
1998-11-04,29.792377471923828,30.14789581298828,27.8370304107666,29.081342697143555,1331158
1998-11-05,30.076791763305664,31.427759170532227,29.081342697143555,29.36575698852539,789342
1998-11-06,30.396757125854492,31.14334487915039,30.076791763305664,30.716724395751953,719022
1998-11-09,30.183446884155273,30.645620346069336,29.543514251708984,30.61006736755371,749611
1998-11-10,29.57906723022461,30.2189998626709,29.010238647460938,29.863481521606445,989754
1998-11-11,29.436859130859375,30.05901527404785,29.436859130859375,29.68572235107422,1324829
1998-11-12,29.507963180541992,29.650171279907227,29.294652938842773,29.507963180541992,451982
1998-11-13,29.152446746826172,29.72127342224121,29.010238647460938,29.72127342224121,483098
1998-11-16,28.299203872680664,29.650171279907227,27.01934051513672,29.57906723022461,1130218
1998-11-17,28.299203872680664,28.93913459777832,27.80147933959961,28.548065185546875,819052
1998-11-18,29.792377471923828,29.863481521606445,28.085893630981445,28.085893630981445,1034759
1998-11-19,31.285551071166992,32.778724670410156,30.14789581298828,30.5034122467041,2403713
1998-11-20,29.6146183013916,32.387657165527344,29.294652938842773,31.818828582763672,2076725
1998-11-23,31.49886131286621,32.56541442871094,29.934585571289062,30.2189998626709,1594858
1998-11-24,31.285551071166992,32.52986145019531,31.14334487915039,32.4232063293457,356698
1998-11-25,30.894481658935547,31.783275604248047,30.57451629638672,31.569965362548828,313276
1998-11-27,31.569965362548828,31.92548370361328,31.214448928833008,31.35665512084961,155759
1998-11-30,30.823379516601562,31.712173461914062,30.3612060546875,31.712173461914062,649405
1998-12-01,32.92093276977539,33.063140869140625,30.14789581298828,30.716724395751953,969889
1998-12-02,33.13424301147461,33.98748779296875,32.281002044677734,32.92093276977539,1053745
1998-12-03,35.37400436401367,37.400455474853516,32.4232063293457,32.63652038574219,1734443
1998-12-04,34.12969207763672,36.68941879272461,33.6319694519043,35.4095573425293,2986842
1998-12-07,34.947383880615234,35.551761627197266,34.12969207763672,34.556312561035156,924708
1998-12-08,34.12969207763672,35.26734924316406,33.845279693603516,35.26734924316406,541991
1998-12-09,33.38310623168945,34.76962661743164,33.24089813232422,34.69852066040039,1766087
1998-12-10,32.92093276977539,33.774173736572266,32.778724670410156,33.56086349487305,812196
1998-12-11,32.63652038574219,33.13424301147461,31.854379653930664,33.063140869140625,847356
1998-12-14,31.747724533081055,32.778724670410156,31.49886131286621,32.281002044677734,687554
1998-12-15,33.774173736572266,34.27190017700195,31.961034774780273,31.9965877532959,1486741
1998-12-16,33.13424301147461,34.41410827636719,33.027587890625,34.058589935302734,586645
1998-12-17,33.6319694519043,34.058589935302734,33.48976135253906,33.70307159423828,702673
1998-12-18,36.12059020996094,36.97383499145508,33.774173736572266,33.80972671508789,1683461
1998-12-21,38.182594299316406,39.2491455078125,35.76507568359375,36.19169616699219,2137025
1998-12-22,36.12059020996094,38.111488342285156,35.4095573425293,37.82707595825195,934377
1998-12-23,37.04493713378906,38.111488342285156,36.47610855102539,36.54721450805664,1080291
1998-12-24,36.831626892089844,37.04493713378906,36.54721450805664,36.90272903442383,388870
1998-12-28,36.36945343017578,37.04493713378906,35.729522705078125,37.04493713378906,710935
1998-12-29,37.89817810058594,38.25369644165039,36.405006408691406,36.97383499145508,596841
1998-12-30,38.82252502441406,40.67121887207031,37.68486785888672,38.111488342285156,914160
1998-12-31,39.46245574951172,40.60011291503906,38.111488342285156,39.10694122314453,420689
1999-01-04,39.178043365478516,41.240047454833984,38.89362716674805,41.0267333984375,842434
1999-01-05,37.89817810058594,39.391353607177734,36.12059020996094,39.391353607177734,934377
1999-01-06,37.82707595825195,38.75142288208008,37.1871452331543,38.04038619995117,1022629
1999-01-07,39.21359634399414,39.2491455078125,36.582763671875,37.11603927612305,773520
1999-01-08,39.6757698059082,40.67121887207031,39.2491455078125,39.391353607177734,1450174
1999-01-11,39.46245574951172,40.60011291503906,39.32025146484375,40.31570053100586,1024914
1999-01-12,36.12059020996094,39.53356170654297,35.622867584228516,39.46245574951172,1562159
1999-01-13,38.75142288208008,39.960182189941406,33.70307159423828,33.98748779296875,2850245
1999-01-14,39.74687194824219,40.386802673339844,38.680320739746094,39.64021682739258,1489026
1999-01-15,44.724117279052734,45.22184371948242,41.09783935546875,41.240047454833984,1455448
1999-01-19,44.08418655395508,46.21729278564453,42.66211700439453,45.11518859863281,1230073
1999-01-20,44.93742752075195,45.790672302246094,44.22639465332031,44.617462158203125,1302678
1999-01-21,43.65756607055664,45.0085334777832,43.08873748779297,45.0085334777832,757698
1999-01-22,41.41780471801758,42.946529388427734,40.457908630371094,42.946529388427734,2695893
1999-01-25,39.6757698059082,42.87542724609375,37.75597381591797,41.737770080566406,2651943
1999-01-26,46.501705169677734,47.63936233520508,42.235496520996094,42.37770080566406,5451910
1999-01-27,43.87087631225586,47.21274185180664,43.79977035522461,46.64391326904297,1069391
1999-01-28,45.93287658691406,47.141639709472656,45.22184371948242,45.506256103515625,771586
1999-01-29,51.83447265625,53.32764434814453,49.6302604675293,49.6302604675293,5891058
1999-02-01,51.65671157836914,52.65216064453125,49.77246856689453,52.33219528198242,2445554
1999-02-02,48.99032974243164,51.905574798583984,48.919227600097656,51.83447265625,1379678
1999-02-03,48.5637092590332,49.6302604675293,48.065982818603516,49.48805618286133,1498871
1999-02-04,46.43060302734375,48.70591735839844,46.21729278564453,48.5637092590332,790045
1999-02-05,43.30204772949219,46.64391326904297,43.15983963012695,46.0750846862793,1436638
1999-02-08,42.98208236694336,44.65301513671875,42.44880676269531,44.5819091796875,2835302
1999-02-09,43.76422119140625,44.43970489501953,42.66211700439453,43.15983963012695,2079187
1999-02-10,45.07963562011719,45.364051818847656,43.37314987182617,43.65756607055664,2166735
1999-02-11,47.99488067626953,48.065982818603516,45.07963562011719,45.15073776245117,2428677
1999-02-12,47.177188873291016,47.60380935668945,44.93742752075195,47.177188873291016,1790171
1999-02-16,46.92832946777344,48.350399017333984,46.359500885009766,47.92377853393555,1287208
1999-02-17,44.724117279052734,46.89277648925781,44.43970489501953,46.85722351074219,1096113
1999-02-18,48.7414665222168,49.345848083496094,44.15528869628906,45.43515396118164,1953841
1999-02-19,49.843570709228516,50.98122787475586,47.74601745605469,48.7414665222168,2542420
1999-02-22,54.53640365600586,54.99857711791992,49.843570709228516,50.056884765625,3186902
1999-02-23,53.64760971069336,54.42974853515625,52.04778289794922,54.39419937133789,1387941
1999-02-24,52.26109313964844,53.469852447509766,52.08333206176758,53.469852447509766,1107364
1999-02-25,50.41239929199219,51.905574798583984,49.55915832519531,51.83447265625,1007686
1999-02-26,50.127986907958984,50.625709533691406,48.137088775634766,50.625709533691406,1063766
1999-03-01,49.6302604675293,50.3412971496582,48.88367462158203,50.3412971496582,1075193
1999-03-02,49.38139724731445,51.47895431518555,49.345848083496094,49.914676666259766,895877
1999-03-03,49.914676666259766,50.76791763305664,49.41695022583008,49.55915832519531,615652
1999-03-04,50.9456787109375,51.692264556884766,48.63481140136719,50.27019119262695,911875
1999-03-05,53.75426483154297,54.03868103027344,52.26109313964844,52.687713623046875,1616305
1999-03-08,55.17633819580078,55.460750579833984,53.75426483154297,54.251991271972656,976393
1999-03-09,54.82081985473633,55.60295867919922,54.39419937133789,54.92747497558594,1357528
1999-03-10,56.38509750366211,56.527305603027344,54.82081985473633,54.82081985473633,887438
1999-03-11,57.167236328125,58.58930587768555,56.17178726196289,57.167236328125,1179970
1999-03-12,56.81171798706055,58.020477294921875,56.456199645996094,57.87826919555664,1154654
1999-03-15,56.84727096557617,57.167236328125,56.242889404296875,57.167236328125,1484983
1999-03-16,56.66950988769531,57.167236328125,56.17178726196289,57.131683349609375,1813553
1999-03-17,56.17178726196289,56.95392608642578,55.567405700683594,56.88282012939453,1374053
1999-03-18,58.62485885620117,58.87371826171875,55.95847702026367,56.242889404296875,1786304
1999-03-19,57.38054656982422,61.29124069213867,57.309444427490234,59.584754943847656,1190869
1999-03-22,59.15813446044922,59.193687438964844,56.88282012939453,57.309444427490234,636396
1999-03-23,55.74516677856445,59.087032318115234,55.460750579833984,59.015926361083984,1668166
1999-03-24,56.74061584472656,57.025028228759766,55.247440338134766,56.88282012939453,1471973
1999-03-25,59.72696304321289,61.0068244934082,58.020477294921875,58.87371826171875,1515044
1999-03-26,60.82906723022461,62.00227355957031,59.30034255981445,59.798065185546875,1107716
1999-03-29,64.63310241699219,65.05973052978516,62.28668975830078,62.5,1591517
1999-03-30,64.17093658447266,65.69966125488281,62.571102142333984,64.63310241699219,1035462
1999-03-31,65.4863510131836,66.90841674804688,64.277587890625,65.05973052978516,1101387
1999-04-01,69.14817810058594,69.32593536376953,65.91297149658203,67.40614318847656,1035814
1999-04-05,73.76991271972656,74.58760070800781,70.6769027709961,71.03242492675781,1748858
1999-04-06,71.60124969482422,77.07622528076172,68.25938415527344,74.2320785522461,1734794
1999-04-07,71.63680267333984,73.52104949951172,71.24573516845703,72.81001281738281,1205812
1999-04-08,73.94766998291016,74.16098022460938,71.5301513671875,72.52559661865234,1316918
1999-04-09,73.80545806884766,75.58304595947266,73.3077392578125,74.3742904663086,1119143
1999-04-12,72.31228637695312,73.75213623046875,71.31683349609375,72.31228637695312,1651465
1999-04-13,71.10352325439453,73.80545806884766,69.82366180419922,73.66325378417969,1161511
1999-04-14,73.91211700439453,77.36063385009766,71.387939453125,72.5967025756836,1926592
1999-04-15,73.3432846069336,76.36518859863281,61.71786117553711,76.08077239990234,3853888
1999-04-16,72.13452911376953,76.08077239990234,69.46814727783203,75.0853271484375,957758
1999-04-19,60.082481384277344,73.66325378417969,58.304893493652344,73.66325378417969,3304337
1999-04-20,60.722412109375,62.571102142333984,58.58930587768555,59.2292366027832,2264656
1999-04-21,66.83731842041016,68.18827819824219,62.642208099365234,64.41979217529297,1839923
1999-04-22,70.10807800292969,71.10352325439453,67.19283294677734,70.60580444335938,1950677
1999-04-23,68.75711059570312,71.88566589355469,67.47724914550781,70.14363098144531,1383019
1999-04-26,69.0415267944336,71.60124969482422,68.68600463867188,70.96131896972656,1745342
1999-04-27,67.05062866210938,71.17462921142578,65.69966125488281,71.10352325439453,1939601
1999-04-28,64.20648193359375,67.40614318847656,62.85551834106445,67.40614318847656,1127405
1999-04-29,63.1043815612793,65.62855529785156,62.85551834106445,64.9886245727539,993270
1999-04-30,69.0415267944336,69.0415267944336,63.9931755065918,64.277587890625,1797907
1999-05-03,72.49004364013672,73.02332305908203,69.25483703613281,69.39704132080078,1962280
1999-05-04,73.02332305908203,74.80091094970703,71.10352325439453,72.88111877441406,2636824
1999-05-05,72.56114959716797,73.16552734375,67.76165771484375,72.95221710205078,2445554
1999-05-06,70.03697204589844,72.52559661865234,69.82366180419922,72.4189453125,1179794
1999-05-07,70.8191146850586,71.81455993652344,68.8993148803711,70.46359252929688,641846
1999-05-10,71.92121887207031,72.24118041992188,70.39249420166016,71.03242492675781,1143403
1999-05-11,74.08987426757812,75.72525787353516,71.81455993652344,72.17008209228516,1474962
1999-05-12,80.9869155883789,82.053466796875,74.30318450927734,75.0853271484375,3596692
1999-05-13,78.14277648925781,84.18657684326172,78.00057220458984,80.5958480834961,2496536
1999-05-14,77.89391326904297,80.13367462158203,76.29408264160156,77.50284576416016,1831309
1999-05-17,78.56939697265625,79.5648422241211,75.36973571777344,78.42719268798828,1657442
1999-05-18,76.57849884033203,79.99147033691406,75.36973571777344,78.56939697265625,758753
1999-05-19,80.77360534667969,81.62684631347656,77.9294662475586,78.42719268798828,948793
1999-05-20,79.2093276977539,81.91126251220703,78.78270721435547,81.84015655517578,1129163
1999-05-21,79.03157043457031,79.99147033691406,77.71615600585938,79.99147033691406,744689
1999-05-24,77.21842956542969,79.13822174072266,75.93856811523438,79.06712341308594,946331
1999-05-25,71.28128814697266,78.28498077392578,71.24573516845703,76.79180908203125,2007284
1999-05-26,77.50284576416016,77.71615600585938,69.18373107910156,72.70335388183594,3335805
1999-05-27,75.58304595947266,77.64505004882812,75.01422119140625,77.64505004882812,1499574
1999-05-28,76.22298431396484,77.36063385009766,74.80091094970703,76.8629150390625,1122307
1999-06-01,76.57849884033203,77.9294662475586,76.22298431396484,77.4317398071289,1116857
1999-06-02,80.27587890625,80.48918914794922,73.8765640258789,76.64960479736328,1558291
1999-06-03,76.720703125,80.45364379882812,75.79635620117188,80.45364379882812,1023508
1999-06-04,79.81370544433594,80.20478057861328,76.93401336669922,77.7872543334961,1580266
1999-06-07,87.88395690917969,88.5949935913086,80.34698486328125,80.9869155883789,3704106
1999-06-08,84.6843032836914,87.88395690917969,84.18657684326172,87.84840393066406,1590111
1999-06-09,86.95960998535156,87.03071594238281,84.5420913696289,86.03527069091797,1380733
1999-06-10,83.9732666015625,86.56854248046875,83.47554016113281,85.96416473388672,1218821
1999-06-11,82.0179214477539,85.32423400878906,81.20022583007812,84.47099304199219,994852
1999-06-14,82.16012573242188,84.18657684326172,80.9869155883789,82.55119323730469,1294767
1999-06-15,78.21388244628906,84.57764434814453,76.22298431396484,82.26677703857422,2321087
1999-06-16,81.44908905029297,82.40898895263672,80.06256866455078,80.4180908203125,1773119
1999-06-17,80.70249938964844,81.55574798583984,80.06256866455078,81.20022583007812,794440
1999-06-18,83.2622299194336,84.1510238647461,79.67150115966797,80.56029510498047,2122433
1999-06-21,87.59954833984375,87.59954833984375,83.61774444580078,83.8310546875,1486741
1999-06-22,85.89305877685547,89.66154479980469,85.7508544921875,88.45278930664062,2087098
1999-06-23,86.85295867919922,87.03071594238281,84.18657684326172,84.7198486328125,1252223
1999-06-24,85.32423400878906,87.45733642578125,84.04437255859375,86.74629974365234,1066403
1999-06-25,86.10636901855469,86.60409545898438,85.32423400878906,85.89305877685547,1219525
1999-06-28,87.45733642578125,88.16837310791016,86.8174057006836,87.03071594238281,1125999
1999-06-29,92.1501693725586,92.1501693725586,87.38623046875,88.16837310791016,1666760
1999-06-30,94.42548370361328,95.10096740722656,92.07906341552734,92.8612060546875,1652696
1999-07-01,95.56314086914062,98.97611236572266,94.49658966064453,95.7053451538086,1084334
1999-07-02,95.49203491210938,96.13196563720703,94.0699691772461,96.13196563720703,581371
1999-07-06,98.9050064086914,100.93145751953125,96.13196563720703,96.13196563720703,1242730
1999-07-07,95.91865539550781,100.04266357421875,95.42093658447266,99.54493713378906,809032
1999-07-08,97.19852447509766,100.6825942993164,95.98976135253906,96.91410827636719,1611734
1999-07-09,94.92321014404297,98.76280212402344,93.99886322021484,98.62059020996094,1527175
1999-07-12,94.6387939453125,96.84300231933594,93.14562225341797,96.70079803466797,1351023
1999-07-13,92.89675903320312,94.60324096679688,92.50569152832031,93.71444702148438,1464414
1999-07-14,97.41183471679688,97.41183471679688,88.34613037109375,90.12371826171875,4479032
1999-07-15,96.06086730957031,99.47383117675781,94.35437774658203,98.62059020996094,1480060
1999-07-16,97.98065948486328,98.26507568359375,96.4163818359375,96.91410827636719,1906024
1999-07-19,99.54493713378906,100.54039001464844,98.12286376953125,98.9050064086914,1305667
1999-07-20,95.74089813232422,99.11831665039062,94.42548370361328,99.11831665039062,2040511
1999-07-21,94.28327941894531,96.4163818359375,92.2923812866211,96.4163818359375,1553896
1999-07-22,90.87030792236328,94.6387939453125,90.72810363769531,94.56768798828125,1061129
1999-07-23,89.34158325195312,91.58134460449219,88.66609954833984,91.54579162597656,1613492
1999-07-26,89.94596099853516,92.57678985595703,87.88395690917969,88.52388763427734,3183738
1999-07-27,93.99886322021484,94.85210418701172,90.44368743896484,93.99886322021484,1304348
1999-07-28,100.11376953125,101.10921478271484,94.56768798828125,94.99430847167969,7628226
1999-07-29,98.97611236572266,100.82479858398438,95.8475570678711,98.97611236572266,2832314
1999-07-30,102.8156967163086,102.9579086303711,99.54493713378906,100.96701049804688,1875347
1999-08-02,106.93970489501953,108.36177825927734,100.82479858398438,104.66439056396484,2185370
1999-08-03,102.88680267333984,109.49942779541016,100.82479858398438,109.21501922607422,2280478
1999-08-04,97.1274185180664,104.37997436523438,96.84300231933594,104.02445983886719,2154077
1999-08-05,94.6387939453125,97.4829330444336,92.1501693725586,97.1274185180664,3318313
1999-08-06,95.13652038574219,99.82935333251953,94.28327941894531,95.3498306274414,1481555
1999-08-09,97.41183471679688,98.97611236572266,95.27872467041016,96.34527587890625,1547216
1999-08-10,97.05631256103516,100.6825942993164,94.6387939453125,97.76734924316406,1980299
1999-08-11,104.52218627929688,105.446533203125,98.40727996826172,98.94055938720703,2120763
1999-08-12,104.66439056396484,108.64618682861328,104.09556579589844,106.65528869628906,1690141
1999-08-13,110.42377471923828,110.49488067626953,106.5130844116211,107.22412109375,1620261
1999-08-16,109.001708984375,110.6370849609375,107.57963562011719,110.6370849609375,1567257
1999-08-17,110.21046447753906,112.34357452392578,107.22412109375,111.27701568603516,1093124
1999-08-18,108.07736206054688,110.779296875,106.08646392822266,110.779296875,808768
1999-08-19,110.49488067626953,112.77019500732422,106.15756225585938,106.93970489501953,1614723
1999-08-20,115.9698486328125,116.18316650390625,110.21046447753906,111.77474212646484,1541590
1999-08-23,121.65813446044922,122.1558609008789,117.1786117553711,117.39192199707031,2190380
1999-08-24,120.52047729492188,122.58248138427734,119.09840393066406,120.59158325195312,1668078
1999-08-25,128.0574493408203,128.27076721191406,120.94709777832031,121.37371826171875,2393341
1999-08-26,131.39932250976562,137.51422119140625,130.6882781982422,132.2525634765625,3578849
1999-08-27,125.35551452636719,130.26165771484375,123.29351806640625,127.9863510131836,1772591
1999-08-30,120.27161407470703,130.26165771484375,119.45392608642578,128.83958435058594,2139398
1999-08-31,120.66268157958984,122.72468566894531,117.46302795410156,122.6535873413086,2330493
1999-09-01,125.14220428466797,128.98179626464844,120.44937133789062,121.87144470214844,2464716
1999-09-02,121.80033874511719,126.84869384765625,120.02275085449219,121.44482421875,1833418
1999-09-03,128.83958435058594,130.4749755859375,126.27986145019531,128.4129638671875,1812586
1999-09-07,128.9106903076172,133.10580444335938,128.4129638671875,129.40841674804688,1779799
1999-09-08,125.14220428466797,129.8350372314453,125.14220428466797,127.41751861572266,1352342
1999-09-09,125.63993072509766,125.7110366821289,121.87144470214844,125.0,1044867
1999-09-10,127.41751861572266,129.1951141357422,126.84869384765625,128.98179626464844,989578
1999-09-13,124.50227355957031,127.13310241699219,123.15130615234375,126.70648193359375,1086884
1999-09-14,127.55973052978516,128.1996612548828,122.0136489868164,124.50227355957031,1435759
1999-09-15,124.92889404296875,130.8304901123047,124.14675903320312,130.8304901123047,1405433
1999-09-16,122.44026947021484,125.0,119.73834228515625,124.92889404296875,1750353
1999-09-17,125.7110366821289,126.84869384765625,123.72013854980469,125.14220428466797,1322456
1999-09-20,129.0529022216797,129.8350372314453,124.71558380126953,126.2087631225586,918555
1999-09-21,124.00455474853516,128.27076721191406,123.86234283447266,128.0574493408203,1437517
1999-09-22,126.13765716552734,127.41751861572266,123.86234283447266,125.14220428466797,1592133
1999-09-23,122.44026947021484,133.24801635742188,121.72924041748047,126.27986145019531,2343414
1999-09-24,123.72013854980469,126.13765716552734,119.88054656982422,121.16040802001953,2519302
1999-09-27,127.3464126586914,129.0529022216797,124.57337951660156,126.13765716552734,1258113
1999-09-28,132.6080780029297,132.96359252929688,124.21785736083984,127.41751861572266,1491048
1999-09-29,131.8970489501953,138.22525024414062,131.68373107910156,136.9453887939453,2712858
1999-09-30,129.47952270507812,135.09669494628906,127.70193481445312,134.74118041992188,1324653
1999-10-01,131.11489868164062,131.47042846679688,127.41751861572266,128.0574493408203,1088642
1999-10-04,142.20704650878906,142.77587890625,132.1103515625,132.2525634765625,2795572
1999-10-05,146.40216064453125,148.32196044921875,140.71388244628906,144.62457275390625,3170729
1999-10-06,152.4459686279297,154.0813446044922,147.96644592285156,148.2508544921875,2012734
1999-10-07,149.31741333007812,155.43231201171875,146.75767517089844,155.07679748535156,1674319
1999-10-08,147.18429565429688,149.31741333007812,142.77587890625,149.31741333007812,1434001
1999-10-11,149.6729278564453,155.07679748535156,147.8953399658203,148.89077758789062,1280176
1999-10-12,151.4505157470703,153.725830078125,149.88623046875,150.45506286621094,1401478
1999-10-13,144.98008728027344,151.87713623046875,142.49147033691406,149.88623046875,2179041
1999-10-14,150.170654296875,150.66836547851562,143.34471130371094,145.33560180664062,2010888
1999-10-15,146.3310546875,147.53982543945312,142.77587890625,143.62911987304688,1960522
1999-10-18,137.9408416748047,146.40216064453125,133.6746368408203,145.62002563476562,3442164
1999-10-19,133.03469848632812,144.3401641845703,131.9681396484375,140.6427764892578,2393781
1999-10-20,140.00283813476562,140.07394409179688,132.67918395996094,135.8077392578125,2002098
1999-10-21,147.6109161376953,147.68202209472656,136.23435974121094,137.65643310546875,1865590
1999-10-22,154.65017700195312,158.98748779296875,150.73947143554688,151.02389526367188,2773069
1999-10-25,155.93003845214844,159.91183471679688,153.65472412109375,155.93003845214844,1740684
1999-10-26,167.02218627929688,167.662109375,157.56541442871094,158.4186553955078,3108671
1999-10-27,165.60011291503906,169.439697265625,160.4806671142578,169.3686065673828,2619772
1999-10-28,173.4215087890625,174.06143188476562,168.1598358154297,169.51080322265625,2187040
1999-10-29,189.84642028808594,196.387939453125,180.17633056640625,181.38510131835938,5767383
1999-11-01,190.9129638671875,195.17918395996094,188.06883239746094,191.26849365234375,3223820
1999-11-02,194.53924560546875,196.2457275390625,189.70420837402344,191.97952270507812,1745870
1999-11-03,217.79010009765625,218.00341796875,198.09442138671875,199.37428283691406,3442691
1999-11-04,218.28782653808594,232.22412109375,205.9158172607422,232.0819091796875,7160774
1999-11-05,224.11831665039062,227.74459838867188,220.98976135253906,227.53128051757812,3085378
1999-11-08,217.43458557128906,222.26962280273438,216.15472412109375,222.26962280273438,3317082
1999-11-09,210.2531280517578,222.6962432861328,208.3333282470703,221.9141082763672,2352556
1999-11-10,215.30148315429688,215.87030029296875,208.75994873046875,212.7417449951172,2225276
1999-11-11,206.62684631347656,219.56768798828125,205.9158172607422,218.43003845214844,2277050
1999-11-12,227.53128051757812,227.53128051757812,200.36973571777344,209.54209899902344,3860920
1999-11-15,221.84300231933594,233.71728515625,220.42092895507812,231.22866821289062,2445554
1999-11-16,221.84300231933594,225.54039001464844,219.56768798828125,223.6916961669922,1934415
1999-11-17,227.3890838623047,232.01080322265625,220.63424682617188,222.9806671142578,2687455
1999-11-18,231.01536560058594,231.15756225585938,224.90045166015625,229.0244598388672,2100634
1999-11-19,243.2451629638672,252.55972290039062,231.01536560058594,231.29977416992188,4103260
1999-11-22,259.38568115234375,260.66552734375,247.44027709960938,250.21331787109375,2901667
1999-11-23,271.11773681640625,286.7605285644531,259.38568115234375,263.2252502441406,4069506
1999-11-24,291.8799743652344,291.9510803222656,270.7622375488281,278.725830078125,3220568
1999-11-26,302.6166076660156,310.5802001953125,298.279296875,306.7406005859375,2049916
1999-11-29,286.8316345214844,303.68316650390625,284.4140930175781,303.68316650390625,4177360
1999-11-30,253.62628173828125,284.343017578125,251.70648193359375,284.12969970703125,5294305
1999-12-01,261.16326904296875,273.03753662109375,252.55972290039062,255.90159606933594,8989181
1999-12-02,272.9664306640625,275.7394714355469,264.505126953125,265.0739440917969,2340338
1999-12-03,285.76507568359375,292.5198974609375,278.725830078125,284.4140930175781,2781244
1999-12-06,292.3777160644531,299.2036437988281,281.0011291503906,292.3066101074219,2173679
1999-12-07,295.5062561035156,295.7906799316406,285.5517578125,292.3777160644531,1421607
1999-12-08,281.0011291503906,293.5153503417969,278.0148010253906,292.3777160644531,2351061
1999-12-09,273.46417236328125,287.25823974609375,259.24346923828125,285.90728759765625,3358923
1999-12-10,277.8725891113281,283.2764587402344,263.936279296875,281.2855529785156,2043060
1999-12-13,266.28271484375,278.156982421875,265.0739440917969,278.156982421875,3371492
1999-12-14,250.1422119140625,265.5005798339844,249.14675903320312,265.5005798339844,5630698
1999-12-15,260.0967102050781,261.9454040527344,238.55233764648438,240.02772521972656,5180123
1999-12-16,284.27191162109375,285.4095458984375,268.3446960449219,271.8998718261719,3701557
1999-12-17,274.1040954589844,298.06597900390625,273.32196044921875,296.9283142089844,3373866
1999-12-20,290.3868103027344,291.38226318359375,276.45050048828125,276.73492431640625,2650888
1999-12-21,316.8195495605469,318.5437927246094,283.2764587402344,288.2536926269531,3085466
1999-12-22,324.65869140625,327.6450500488281,311.7178649902344,323.66326904296875,3316379
1999-12-23,339.09271240234375,347.2696228027344,325.5119323730469,325.6541442871094,2677258
1999-12-27,381.3993225097656,396.25994873046875,344.1410827636719,345.1365051269531,4378651
1999-12-28,363.4812316894531,403.8680419921875,358.3617858886719,387.94085693359375,3793149
1999-12-29,380.4749755859375,388.5096740722656,369.1695251464844,375.44439697265625,2338667
1999-12-30,372.86688232421875,397.0420837402344,347.83843994140625,391.6382141113281,1993396
1999-12-31,367.0364074707031,379.6928405761719,361.2059020996094,377.4175109863281,867397
2000-01-03,427.7588195800781,431.1717834472656,369.73834228515625,418.0887451171875,5016980
2000-01-04,389.3629150390625,427.19000244140625,384.5278625488281,418.9419860839844,4838983
2000-01-05,360.0682678222656,383.95904541015625,348.12286376953125,375.7110290527344,6190050
2000-01-06,340.72808837890625,376.56427001953125,339.0216064453125,367.8896484375,4284070
2000-01-07,409.4140930175781,410.4095458984375,347.4118347167969,347.5540466308594,5548995
2000-01-10,455.9158020019531,478.2423095703125,430.17633056640625,445.6769104003906,5096838
2000-01-11,433.87371826171875,479.5221862792969,418.6575622558594,451.79180908203125,4825622
2000-01-12,411.12060546875,451.64959716796875,409.5563049316406,443.6860046386719,4092009
2000-01-13,427.04779052734375,444.1126403808594,419.51080322265625,432.5938720703125,3325828
2000-01-14,437.28668212890625,457.9067077636719,430.31854248046875,447.5256042480469,2719362
2000-01-18,445.2502746582031,468.7144470214844,423.20819091796875,432.3094482421875,5629687
2000-01-19,482.22412109375,484.6416320800781,452.21844482421875,454.2093200683594,4406867
2000-01-20,543.515380859375,543.7997436523438,500.5688171386719,509.5278625488281,5817749
2000-01-21,530.4323120117188,565.4152221679688,518.7713012695312,561.8600463867188,5540293
2000-01-24,491.6097717285156,552.9010009765625,477.8157043457031,552.9010009765625,5345990
2000-01-25,527.87255859375,527.87255859375,484.6416320800781,506.825927734375,6758675
2000-01-26,493.174072265625,530.1478881835938,489.1922607421875,530.1478881835938,4654657
2000-01-27,482.508544921875,529.01025390625,477.8157043457031,525.5972900390625,7202306
2000-01-28,445.6769104003906,477.8157043457031,438.2821350097656,473.26507568359375,5940765
2000-01-31,464.0216064453125,471.55859375,411.8316345214844,435.6868591308594,7282955
2000-02-01,460.32421875,469.85211181640625,442.9749755859375,465.9058532714844,4578843
2000-02-02,471.1319580078125,483.0773620605469,455.06256103515625,460.32421875,4462156
2000-02-03,491.04095458984375,499.1467590332031,473.8338928222656,482.3663330078125,3882763
2000-02-04,480.51763916015625,503.9818115234375,477.8157043457031,496.8714599609375,3057689
2000-02-07,459.8976135253906,482.0819091796875,450.5119323730469,476.82025146484375,4129586
2000-02-08,474.4027404785156,483.2195739746094,468.9988708496094,471.1319580078125,3101552
2000-02-09,463.87939453125,482.7929382324219,459.6131896972656,480.1265563964844,2800670
2000-02-10,470.8475646972656,471.55859375,455.06256103515625,463.87939453125,2224485
2000-02-11,460.89306640625,471.4163818359375,453.9249267578125,471.4163818359375,2411273
2000-02-14,460.608642578125,465.1592712402344,449.5165100097656,465.1592712402344,2334053
2000-02-15,454.6359558105469,467.5767822265625,444.25482177734375,467.0079650878906,3139217
2000-02-16,484.4994201660156,499.4311828613281,453.78271484375,459.8976135253906,4438862
2000-02-17,484.7838439941406,504.5506286621094,477.8157043457031,493.7784423828125,3695316
2000-02-18,468.9988708496094,484.9260559082031,463.5950012207031,482.6507263183594,2549540
2000-02-22,488.6234436035156,495.4493713378906,468.9988708496094,478.1001281738281,4203554
2000-02-23,535.836181640625,542.662109375,491.46759033203125,498.57794189453125,5940722
2000-02-24,587.0307006835938,587.5995483398438,554.3231201171875,568.5438232421875,6934035
2000-02-25,584.3287963867188,602.815673828125,571.387939453125,589.8748779296875,4108270
2000-02-28,575.6541748046875,595.8475341796875,559.7269897460938,590.1593017578125,3988023
2000-02-29,599.829345703125,602.6735229492188,580.2047729492188,590.4436645507812,4040192
2000-03-01,639.0784912109375,643.060302734375,613.765625,624.5733642578125,3724543
2000-03-02,621.160400390625,650.0995483398438,605.8020629882812,643.9135131835938,3609526
2000-03-03,637.0875854492188,648.1797485351562,631.3992919921875,647.6109008789062,2844620
2000-03-06,666.8088989257812,686.291259765625,643.9135131835938,643.9135131835938,4242801
2000-03-07,653.8680419921875,698.16552734375,617.605224609375,686.0068359375,5100705
2000-03-08,621.160400390625,668.9419555664062,602.9578857421875,667.8043212890625,7499232
2000-03-09,620.0227661132812,626.5642700195312,596.4163818359375,610.9215087890625,4159736
2000-03-10,627.986328125,648.4641723632812,591.5813598632812,617.4630126953125,4660238
2000-03-13,602.1046752929688,636.518798828125,583.6177368164062,585.89306640625,3674396
2000-03-14,568.8281860351562,632.5369873046875,555.1763305664062,626.2798461914062,4110973
2000-03-15,540.3867797851562,584.1865844726562,523.3219604492188,581.3424072265625,5041988
2000-03-16,589.0216064453125,591.0125122070312,524.4595947265625,564.277587890625,5741562
2000-03-17,591.8657836914062,614.33447265625,577.929443359375,593.287841796875,3024969
2000-03-20,552.3322143554688,600.6826171875,549.7724609375,589.3060302734375,2987897
2000-03-21,577.929443359375,587.3151245117188,514.220703125,544.3685913085938,4622595
2000-03-22,595.5631103515625,600.6826171875,577.3606567382812,595.8475341796875,3005477
2000-03-23,612.9124145507812,614.33447265625,582.4801025390625,599.260498046875,3497541
2000-03-24,602.9578857421875,624.5733642578125,591.5813598632812,614.9033203125,2443378
2000-03-27,585.89306640625,612.6279907226562,582.4801025390625,612.6279907226562,1630149
2000-03-28,587.3151245117188,603.2423095703125,568.8281860351562,578.0005493164062,2050993
2000-03-29,543.23095703125,598.9761352539062,541.8088989257812,594.9943237304688,3239137
2000-03-30,529.01025390625,557.45166015625,500.5688171386719,524.4595947265625,4816459
2000-03-31,548.6348266601562,561.4334716796875,491.46759033203125,544.6530151367188,5538161
2000-04-03,507.9635925292969,558.5892944335938,492.0364074707031,550.34130859375,3725532
2000-04-04,486.9169616699219,523.3219604492188,373.15130615234375,522.184326171875,9731255
2000-04-05,501.70648193359375,521.046630859375,436.8600769042969,453.3560791015625,6079713
2000-04-06,507.394775390625,526.7349243164062,491.46759033203125,521.046630859375,2980755
2000-04-07,554.6074829101562,556.0296020507812,509.9544982910156,523.8908081054688,3549072
2000-04-10,501.1376647949219,567.1217041015625,500.0,554.0386962890625,3572190
2000-04-11,465.0170593261719,497.7247009277344,454.2093200683594,473.8338928222656,7296513
2000-04-12,438.8509521484375,486.063720703125,437.9977111816406,470.1365051269531,6101710
2000-04-13,420.07965087890625,461.8885192871094,412.40045166015625,454.7781677246094,5654014
2000-04-14,362.34356689453125,420.9328918457031,350.398193359375,398.17974853515625,8520059
2000-04-17,445.9613342285156,450.5119323730469,332.7644958496094,338.4527893066406,8492173
2000-04-18,428.0432434082031,455.06256103515625,407.8498229980469,443.6860046386719,6159439
2000-04-19,416.38226318359375,444.25482177734375,408.98748779296875,429.7497253417969,3620997
2000-04-20,387.65643310546875,425.1990966796875,376.56427001953125,416.9510803222656,4939123
2000-04-24,365.4721374511719,383.3902282714844,338.1683654785156,364.618896484375,5039790
2000-04-25,424.6302490234375,428.32763671875,382.2525634765625,385.66552734375,6738546
2000-04-26,418.6575622558594,460.1820373535156,400.455078125,411.2627868652344,7847668
2000-04-27,444.82366943359375,450.5119323730469,391.35382080078125,394.19793701171875,5009267
2000-04-28,471.843017578125,474.4027404785156,445.9613342285156,455.63140869140625,4376651
2000-05-01,474.4027404785156,488.3390197753906,464.163818359375,478.6689453125,3296140
2000-05-02,430.31854248046875,466.15472412109375,428.896484375,459.6131896972656,3058327
2000-05-03,431.1717834472656,431.7406005859375,403.0148010253906,429.2519836425781,3944930
2000-05-04,416.38226318359375,437.9977111816406,411.8316345214844,431.4562072753906,2894767
2000-05-05,426.90557861328125,436.2912292480469,412.40045166015625,414.10693359375,3072545
2000-05-08,402.16156005859375,418.3731384277344,401.3083190917969,414.391357421875,2428259
2000-05-09,390.5005798339844,410.9783935546875,374.8577880859375,409.05859375,4131036
2000-05-10,364.9032897949219,384.5278625488281,360.6370849609375,381.6837463378906,4999291
2000-05-11,393.6291198730469,394.19793701171875,365.1877136230469,378.839599609375,3382941
2000-05-12,391.35382080078125,414.67578125,389.6473388671875,397.6109313964844,2813261
2000-05-15,408.98748779296875,409.8407287597656,370.02276611328125,397.0420837402344,3168905
2000-05-16,428.896484375,436.8600769042969,409.5563049316406,422.0705261230469,4348589
2000-05-17,420.9328918457031,436.5045471191406,411.8316345214844,418.0887451171875,2675830
2000-05-18,393.9135437011719,423.7770080566406,392.491455078125,411.8316345214844,3764361
2000-05-19,373.15130615234375,400.455078125,373.15130615234375,391.06939697265625,3108979
2000-05-22,388.2252502441406,389.0784912109375,348.12286376953125,375.9954528808594,4982084
2000-05-23,360.0682678222656,391.35382080078125,359.4994201660156,383.1058044433594,3326554
2000-05-24,379.97723388671875,381.1148986816406,335.32421875,353.2423095703125,5406421
2000-05-25,359.4994201660156,391.9226379394531,351.53582763671875,381.1148986816406,3530196
2000-05-26,366.32537841796875,374.2889709472656,350.398193359375,366.32537841796875,2690685
2000-05-30,414.8890686035156,417.3777160644531,377.7019348144531,381.1148986816406,4133432
2000-05-31,400.455078125,430.03411865234375,399.3174133300781,407.8498229980469,4393418
2000-06-01,447.0989685058594,455.06256103515625,416.09783935546875,417.2355041503906,5714445
2000-06-02,502.2752990722656,509.6700744628906,477.8157043457031,480.37542724609375,5773404
2000-06-05,496.3026123046875,509.9544982910156,485.494873046875,489.7610778808594,3189605
2000-06-06,486.9169616699219,522.7531127929688,485.779296875,497.4402770996094,4246229
2000-06-07,498.29351806640625,498.8623352050781,471.55859375,495.4493713378906,3620096
2000-06-08,500.5688171386719,510.8077392578125,490.89874267578125,509.38568115234375,2573316
2000-06-09,503.1285400390625,517.3492431640625,500.5688171386719,516.7804565429688,1788040
2000-06-12,525.8817138671875,543.23095703125,514.220703125,520.4778442382812,4549089
2000-06-13,552.3322143554688,552.6166381835938,509.10125732421875,521.615478515625,4221398
2000-06-14,532.4232177734375,559.7269897460938,531.2855224609375,555.3185424804688,3645367
2000-06-15,549.20361328125,554.3231201171875,521.046630859375,523.3219604492188,3413750
2000-06-16,546.9283447265625,560.8646240234375,541.5244750976562,558.5892944335938,2422678
2000-06-19,579.3515625,582.4801025390625,538.1115112304688,542.662109375,3199472
2000-06-20,568.2593994140625,580.2047729492188,557.45166015625,573.3788452148438,7548478
2000-06-21,586.7462768554688,593.00341796875,558.0205078125,560.8646240234375,3159873
2000-06-22,568.8281860351562,596.9852294921875,567.1217041015625,583.9021606445312,3569333
2000-06-23,561.7178344726562,580.7736206054688,550.9100952148438,573.6632690429688,3031957
2000-06-26,571.67236328125,573.3788452148438,556.31396484375,567.832763671875,2572328
2000-06-27,541.5244750976562,573.3788452148438,535.836181640625,560.0113525390625,2685213
2000-06-28,554.6074829101562,568.8281860351562,539.2491455078125,548.0659790039062,3223820
2000-06-29,529.5790405273438,552.3322143554688,524.2462768554688,552.0477905273438,3429748
2000-06-30,545.5062866210938,550.625732421875,529.294677734375,536.6893920898438,2984623
2000-07-03,583.3333129882812,583.6177368164062,539.5335693359375,540.1024169921875,2805922
2000-07-05,541.5244750976562,576.7918090820312,540.9556274414062,575.3697509765625,3922757
2000-07-06,518.7713012695312,547.4971313476562,501.70648193359375,546.6439208984375,8850146
2000-07-07,528.725830078125,546.3594970703125,518.7713012695312,523.8908081054688,5792830
2000-07-10,460.1820373535156,473.54949951171875,432.3094482421875,451.36517333984375,14777396
2000-07-11,435.43798828125,466.43914794921875,431.7406005859375,465.5859069824219,8939166
2000-07-12,455.63140869140625,456.2002258300781,439.34869384765625,443.4015808105469,5964476
2000-07-13,480.09100341796875,492.67633056640625,458.1911315917969,465.3014831542969,6792297
2000-07-14,507.9635925292969,509.6700744628906,486.063720703125,490.3299255371094,5138326
2000-07-17,525.3839721679688,532.1387939453125,510.8077392578125,521.046630859375,5494607
2000-07-18,506.5415344238281,531.8543701171875,505.11944580078125,521.89990234375,3598208
2000-07-19,485.779296875,507.394775390625,483.78839111328125,501.1376647949219,3843977
2000-07-20,583.0488891601562,588.1683959960938,546.0750732421875,583.0488891601562,17283557
2000-07-21,613.481201171875,626.2798461914062,573.9476928710938,576.2940673828125,14247601
2000-07-24,598.9761352539062,639.3629150390625,582.1956787109375,624.0045776367188,14226351
2000-07-25,592.4345703125,614.33447265625,583.0488891601562,603.5267333984375,9168607
2000-07-26,618.6007080078125,639.3629150390625,587.0307006835938,593.8566284179688,21002211
2000-07-27,585.32421875,621.729248046875,583.6177368164062,605.2332153320312,9902902
2000-07-28,529.01025390625,580.7736206054688,525.5972900390625,579.6359252929688,8214760
2000-07-31,537.5426635742188,545.5062866210938,512.2297973632812,530.1478881835938,8452969
2000-08-01,531.8543701171875,538.1115112304688,525.0284423828125,534.5563354492188,3754495
2000-08-02,512.5142211914062,538.1115112304688,510.8077392578125,524.1751708984375,5233192
2000-08-03,531.0011596679688,532.4232177734375,482.3663330078125,493.7428894042969,5617799
2000-08-04,527.5881958007812,547.2127685546875,519.3401489257812,538.6802978515625,3684768
2000-08-07,551.4789428710938,553.1854248046875,529.5790405273438,531.5699462890625,3671209
2000-08-08,545.5062866210938,559.1581420898438,542.09326171875,546.6439208984375,2393056
2000-08-09,551.1945190429688,568.8281860351562,550.625732421875,557.45166015625,3006026
2000-08-10,535.836181640625,558.8737182617188,533.5608520507812,549.488037109375,1991199
2000-08-11,535.836181640625,546.3594970703125,523.8908081054688,529.5790405273438,2364488
2000-08-14,547.2127685546875,550.625732421875,538.6802978515625,544.9374389648438,2379365
2000-08-15,537.8270874023438,549.488037109375,533.8452758789062,545.2218627929688,2449136
2000-08-16,543.515380859375,546.9283447265625,539.8179931640625,542.09326171875,1710270
2000-08-17,547.2127685546875,550.056884765625,536.405029296875,542.377685546875,2508710
2000-08-18,559.1581420898438,562.2866821289062,550.625732421875,551.4789428710938,3228435
2000-08-21,565.9840698242188,571.67236328125,560.8646240234375,563.1399536132812,2914918
2000-08-22,566.5529174804688,582.4801025390625,565.4152221679688,566.8373413085938,2906106
2000-08-23,559.7269897460938,568.8281860351562,548.3504028320312,563.42431640625,2317615
2000-08-24,569.3970336914062,573.9476928710938,557.45166015625,560.0113525390625,2144123
2000-08-25,570.2503051757812,576.7918090820312,563.708740234375,569.6814575195312,1767120
2000-08-28,562.2866821289062,572.5255737304688,560.8646240234375,571.103515625,1547765
2000-08-29,552.9010009765625,562.8555297851562,545.5062866210938,562.8555297851562,1953534
2000-08-30,536.9738159179688,552.3322143554688,526.4505004882812,550.9100952148438,5554511
2000-08-31,566.4818115234375,569.9658813476562,512.5142211914062,543.515380859375,4777277
2000-09-01,563.42431640625,573.3788452148438,556.31396484375,568.2593994140625,2412284
2000-09-05,543.23095703125,558.0205078125,541.8088989257812,557.45166015625,2892393
2000-09-06,531.2855224609375,554.6074829101562,530.1478881835938,541.5244750976562,2655525
2000-09-07,545.5062866210938,548.6348266601562,533.8452758789062,536.405029296875,2804450
2000-09-08,520.1934204101562,544.9374389648438,514.505126953125,540.9556274414062,2889075
2000-09-11,499.4311828613281,530.7167358398438,496.0181884765625,514.220703125,4222672
2000-09-12,469.56768798828125,511.9454040527344,467.0079650878906,507.9635925292969,7262650
2000-09-13,476.96246337890625,486.9169616699219,466.15472412109375,467.2923889160156,6084834
2000-09-14,486.6325378417969,499.4311828613281,483.50396728515625,493.7428894042969,3977541
2000-09-15,471.55859375,490.0455017089844,466.43914794921875,486.9169616699219,4740073
2000-09-18,445.1080627441406,468.7144470214844,442.54833984375,468.7144470214844,6041785
2000-09-19,491.18316650390625,492.8896484375,451.0807800292969,453.9249267578125,5696338
2000-09-20,487.48577880859375,500.5688171386719,470.4209289550781,488.6234436035156,6001065
2000-09-21,470.98974609375,492.0364074707031,465.87030029296875,488.97894287109375,5053239
2000-09-22,486.9169616699219,488.9078369140625,445.3924865722656,447.0989685058594,5509726
2000-09-25,486.063720703125,505.9726867675781,482.6507263183594,494.59613037109375,4342106
2000-09-26,468.9988708496094,497.1558532714844,467.5767822265625,489.4766845703125,3770339
2000-09-27,444.82366943359375,477.8157043457031,432.3094482421875,472.98065185546875,8731832
2000-09-28,443.1171875,451.93402099609375,433.4471130371094,434.8691711425781,6772431
2000-09-29,430.8873596191406,459.6131896972656,430.03411865234375,446.45904541015625,4569306
2000-10-02,409.27191162109375,437.9977111816406,406.1433410644531,434.5136413574219,6280741
2000-10-03,398.7485656738281,429.4653015136719,398.17974853515625,417.3066101074219,6000296
2000-10-04,428.0432434082031,430.03411865234375,396.1888427734375,401.0238952636719,5298788
2000-10-05,432.5938720703125,436.8600769042969,418.3731384277344,426.0523376464844,4057200
2000-10-06,415.81341552734375,441.41070556640625,409.5563049316406,432.0250244140625,3568520
2000-10-09,425.7679138183594,434.30035400390625,390.2161560058594,412.61376953125,3859799
2000-10-10,412.40045166015625,432.8071594238281,408.70306396484375,421.7861328125,3797763
2000-10-11,390.78497314453125,418.0887451171875,389.6473388671875,391.6382141113281,7274626
2000-10-12,392.77587890625,412.11602783203125,390.2161560058594,405.57452392578125,5356077
2000-10-13,429.4653015136719,430.60296630859375,390.78497314453125,391.06939697265625,4323098
2000-10-16,429.7497253417969,435.5802001953125,412.9692687988281,422.6393737792969,3710501
2000-10-17,418.3731384277344,447.0989685058594,411.8316345214844,433.4471130371094,3726982
2000-10-18,395.9044494628906,423.20819091796875,393.6291198730469,405.8589172363281,4375069
2000-10-19,409.27191162109375,424.9146728515625,403.2991943359375,413.3247985839844,4196851
2000-10-20,465.87030029296875,474.4027404785156,417.5198974609375,420.3640441894531,8323339
2000-10-23,460.4664306640625,475.8247985839844,457.9067077636719,469.85211181640625,4565922
2000-10-24,432.5938720703125,472.1274108886719,423.20819091796875,468.4300231933594,7982221
2000-10-25,323.09442138671875,377.7019348144531,316.5528869628906,370.8760070800781,5484411
2000-10-26,338.7372131347656,352.9579162597656,282.1387939453125,331.6268615722656,21183504
2000-10-27,351.53582763671875,384.5278625488281,344.70989990234375,381.1148986816406,16831751
2000-10-30,324.5165100097656,353.2423095703125,321.387939453125,344.99432373046875,8155560
2000-10-31,370.5915832519531,372.2980651855469,328.78271484375,329.3515319824219,9236752
2000-11-01,357.508544921875,375.4266357421875,348.6916809082031,360.6370849609375,7178419
2000-11-02,366.8941955566406,373.15130615234375,362.34356689453125,368.0318603515625,5241169
2000-11-03,369.73834228515625,376.56427001953125,363.4812316894531,370.8760070800781,3957126
2000-11-06,352.3890686035156,377.7019348144531,350.6825866699219,375.9954528808594,4685619
2000-11-07,337.31512451171875,349.2605285644531,329.3515319824219,348.9761047363281,5832473
2000-11-08,311.7178649902344,338.7372131347656,311.1490478515625,338.4527893066406,6256151
2000-11-09,335.608642578125,337.0307312011719,295.7906799316406,301.76336669921875,6466495
2000-11-10,312.0022888183594,333.3333435058594,311.1490478515625,324.2320861816406,4994896
2000-11-13,309.4425354003906,331.6268615722656,296.0750732421875,298.35040283203125,7468731
2000-11-14,344.1410827636719,344.70989990234375,323.66326904296875,325.9385681152344,5911363
2000-11-15,341.5813293457031,353.8111572265625,331.9112548828125,339.5904541015625,4877571
2000-11-16,310.5802001953125,337.0307312011719,309.15814208984375,331.0580139160156,4136047
2000-11-17,319.1126403808594,328.2138671875,301.76336669921875,313.4243469238281,5886685
2000-11-20,293.7997741699219,312.85552978515625,293.23095703125,309.5847473144531,6288256
2000-11-21,302.04779052734375,312.85552978515625,293.5153503417969,295.2218322753906,5040977
2000-11-22,282.1387939453125,310.8646240234375,282.1387939453125,297.2127380371094,4941386
2000-11-24,300.34130859375,301.47894287109375,286.9738464355469,292.3777160644531,1756791
2000-11-27,282.4232177734375,313.9931640625,281.8543701171875,311.7178649902344,4979337
2000-11-28,273.46417236328125,291.24005126953125,273.03753662109375,283.84527587890625,5784303
2000-11-29,261.6609802246094,275.0284423828125,242.8896484375,273.60638427734375,6855475
2000-11-30,227.81570434570312,247.44027709960938,226.96246337890625,247.44027709960938,10862880
2000-12-01,255.6882781982422,273.8907775878906,236.63253784179688,240.04550170898438,10974513
2000-12-04,266.49603271484375,273.8907775878906,248.5779266357422,259.10125732421875,5948259
2000-12-05,310.0113830566406,311.7178649902344,277.4459533691406,280.71673583984375,7133766
2000-12-06,298.63482666015625,323.66326904296875,293.23095703125,310.0113830566406,6625221
2000-12-07,304.8919372558594,310.5802001953125,285.5517578125,292.946533203125,4646658
2000-12-08,339.3060302734375,345.8475646972656,319.6103515625,321.9567565917969,6838049
2000-12-11,326.50738525390625,348.6916809082031,323.66326904296875,338.1683654785156,6771992
2000-12-12,302.04779052734375,328.2138671875,295.7906799316406,322.5256042480469,7244960
2000-12-13,294.36859130859375,317.1217346191406,291.8088684082031,317.1217346191406,6213541
2000-12-14,279.8634948730469,306.0295715332031,277.5881652832031,295.5062561035156,6799680
2000-12-15,264.71844482421875,274.1752014160156,257.1103515625,273.6774597167969,10864880
2000-12-18,269.34014892578125,283.2764587402344,253.98179626464844,277.0904541015625,6378046
2000-12-19,235.49488830566406,278.725830078125,234.3572235107422,267.3492736816406,7205295
2000-12-20,209.3287811279297,232.0819091796875,204.7781524658203,225.54039001464844,11368283
2000-12-21,195.96131896972656,225.25596618652344,189.98861694335938,203.8538055419922,9143710
2000-12-22,186.29124450683594,218.71444702148438,168.37315368652344,209.89761352539062,14021171
2000-12-26,190.5574493408203,194.53924560546875,175.48350524902344,190.5574493408203,8870736
2000-12-27,215.5858917236328,217.29237365722656,188.85096740722656,190.27304077148438,10601026
2000-12-28,200.79635620117188,221.274169921875,199.37428283691406,211.8885040283203,6798406
2000-12-29,189.70420837402344,209.3287811279297,188.28213500976562,203.56939697265625,6005240
2001-01-02,178.612060546875,195.39248657226562,175.76791381835938,195.1080780029297,6506072
2001-01-03,244.0272979736328,246.87144470214844,171.78611755371094,172.35494995117188,14019083
2001-01-04,217.8612060546875,237.7701873779297,217.29237365722656,235.49488830566406,9540798
2001-01-05,191.6951141357422,221.274169921875,190.27304077148438,220.42092895507812,8879416
2001-01-08,205.9158172607422,207.053466796875,186.8600616455078,191.12628173828125,6468209
2001-01-09,198.8054656982422,213.87940979003906,191.12628173828125,208.9732666015625,7135722
2001-01-10,212.45733642578125,217.29237365722656,186.57565307617188,193.68600463867188,9616985
2001-01-11,224.68714904785156,230.37542724609375,204.20933532714844,210.7508544921875,7257156
2001-01-12,228.384521484375,244.0272979736328,220.1365203857422,225.54039001464844,7488113
2001-01-16,218.9988555908203,235.49488830566406,216.15472412109375,228.384521484375,4964087
2001-01-17,244.59613037109375,255.9727020263672,237.7701873779297,240.04550170898438,10179128
2001-01-18,274.4596252441406,275.3128662109375,244.0272979736328,248.00909423828125,10515147
2001-01-19,276.73492431640625,295.5062561035156,271.3310546875,292.662109375,14196268
2001-01-22,271.8998718261719,274.1040954589844,260.2389221191406,265.64276123046875,7988088
2001-01-23,290.67120361328125,295.5062561035156,261.6609802246094,270.1933898925781,8244097
2001-01-24,286.9738464355469,293.7997741699219,275.8816833496094,286.12060546875,8935013
2001-01-25,251.1376495361328,272.4687194824219,249.71559143066406,261.0921630859375,11713664
2001-01-26,271.3310546875,272.0420837402344,246.5870361328125,247.36917114257812,9576507
2001-01-29,260.8077392578125,265.0739440917969,255.9727020263672,262.79864501953125,5639884
2001-01-30,270.7622375488281,273.8907775878906,262.79864501953125,264.220703125,4863859
2001-01-31,249.43116760253906,277.5881652832031,245.1649627685547,273.03753662109375,6661458
2001-02-01,253.98179626464844,258.2480163574219,245.73379516601562,248.00909423828125,5644411
2001-02-02,227.53128051757812,254.55062866210938,226.96246337890625,253.98179626464844,6198840
2001-02-05,227.53128051757812,238.33901977539062,215.87030029296875,224.40272521972656,5745474
2001-02-06,235.779296875,243.45848083496094,234.3572235107422,236.63253784179688,6736546
2001-02-07,219.56768798828125,230.9442596435547,210.7508544921875,228.6689453125,7464160
2001-02-08,204.49374389648438,225.82479858398438,204.20933532714844,224.11831665039062,8714867
2001-02-09,193.97042846679688,205.9158172607422,193.40159606933594,203.6405029296875,7366613
2001-02-12,184.86917114257812,200.22752380371094,182.0250244140625,191.4106903076172,8243218
2001-02-13,175.1990966796875,200.2986297607422,174.34584045410156,191.4106903076172,12899984
2001-02-14,187.71331787109375,188.85096740722656,167.23548889160156,178.612060546875,6458892
2001-02-15,205.34698486328125,215.5858917236328,193.40159606933594,200.51194763183594,12170370
2001-02-16,162.9692840576172,178.04322814941406,161.26280212402344,175.48350524902344,21944521
2001-02-20,156.14334106445312,168.37315368652344,143.91354370117188,166.95108032226562,19555794
2001-02-21,144.1979522705078,156.99658203125,143.34471130371094,150.170654296875,11274472
2001-02-22,139.0784912109375,147.39761352539062,130.8304901123047,143.62911987304688,13256353
2001-02-23,147.32650756835938,149.03298950195312,131.39932250976562,133.95904541015625,11488200
2001-02-26,148.4641571044922,151.3083038330078,140.7849884033203,149.88623046875,7786226
2001-02-27,126.56427764892578,146.18885803222656,124.85779571533203,144.48236083984375,10107819
2001-02-28,121.72924041748047,129.9772491455078,111.77474212646484,129.69284057617188,14185236
2001-03-01,133.10580444335938,133.6746368408203,117.7474365234375,120.59158325195312,13190120
2001-03-02,120.09385681152344,131.39932250976562,118.88509368896484,127.9863510131836,12063286
2001-03-05,128.83958435058594,135.94993591308594,122.86689758300781,124.85779571533203,7058392
2001-03-06,127.41751861572266,137.65643310546875,125.7110366821289,134.67007446289062,9774480
2001-03-07,122.58248138427734,131.39932250976562,120.59158325195312,131.11489868164062,11204064
2001-03-08,127.9863510131836,130.54608154296875,122.86689758300781,123.72013854980469,7279878
2001-03-09,118.31626892089844,128.27076721191406,115.82764434814453,127.9863510131836,6971920
2001-03-12,104.09556579589844,120.30716705322266,100.96701049804688,113.76564025878906,8459562
2001-03-13,111.20591735839844,112.34357452392578,101.82025146484375,106.08646392822266,10204135
2001-03-14,111.77474212646484,117.60523223876953,101.82025146484375,104.37997436523438,12364827
2001-03-15,110.0682601928711,118.88509368896484,109.21501922607422,118.88509368896484,7380743
2001-03-16,102.10466766357422,109.21501922607422,100.6825942993164,106.3708724975586,8518477
2001-03-19,112.05915832519531,112.62798309326172,102.10466766357422,102.88680267333984,6731008
2001-03-20,97.83845520019531,113.83674621582031,97.83845520019531,112.91239929199219,7746056
2001-03-21,102.10466766357422,106.65528869628906,98.97611236572266,99.82935333251953,7112648
2001-03-22,115.75653839111328,116.60978698730469,100.39817810058594,103.81114959716797,8381902
2001-03-23,105.51763153076172,118.31626892089844,104.66439056396484,117.46302795410156,7243927
2001-03-26,102.67349243164062,110.35267639160156,101.1803207397461,107.50852966308594,5559104
2001-03-27,106.08646392822266,108.64618682861328,99.54493713378906,102.38907623291016,6774519
2001-03-28,90.65699768066406,97.83845520019531,90.15927124023438,97.26962280273438,7722806
2001-03-29,79.63594818115234,91.29692840576172,76.79180908203125,89.8748550415039,10359784
2001-03-30,83.90216064453125,85.32423400878906,77.07622528076172,79.92036437988281,7885729
2001-04-02,75.93856811523438,85.0398178100586,75.0853271484375,83.04891967773438,6197917
2001-04-03,63.9931755065918,74.80091094970703,63.139930725097656,73.94766998291016,9870818
2001-04-04,62.5,70.46359252929688,59.44254684448242,65.41524505615234,9586748
2001-04-05,73.66325378417969,74.80091094970703,67.9749755859375,69.11262512207031,10537957
2001-04-06,65.69966125488281,71.67235565185547,62.85551834106445,71.5301513671875,6349149
2001-04-09,69.48805236816406,69.62457275390625,64.80091094970703,68.4869155883789,3722983
2001-04-10,81.54721069335938,84.45960998535156,72.81001281738281,72.9010238647461,8285959
2001-04-11,88.64618682861328,92.832763671875,83.95904541015625,90.96701049804688,9515087
2001-04-12,99.15813446044922,104.66439056396484,81.501708984375,85.96131896972656,12170085
2001-04-16,90.55744934082031,97.83845520019531,88.73719787597656,96.33674621582031,9744528
2001-04-17,92.46871185302734,95.29010009765625,84.86917114257812,85.0967025756836,8812371
2001-04-18,106.07508850097656,116.04095458984375,98.83959197998047,102.7076187133789,14563338
2001-04-19,117.8612060546875,118.31626892089844,105.89305877685547,109.2605209350586,11024022
2001-04-20,129.829345703125,134.2434539794922,122.63936614990234,127.2354965209961,15792488
2001-04-23,110.03412628173828,124.77816009521484,108.75995635986328,124.14106750488281,9956455
2001-04-24,94.74402618408203,106.93970489501953,93.06029510498047,104.11831665039062,17628938
2001-04-25,92.33219909667969,93.74288940429688,85.46075439453125,90.32991790771484,12258446
2001-04-26,82.86689758300781,94.42548370361328,82.41183471679688,94.2889633178711,9888420
2001-04-27,87.64505004882812,91.01251220703125,83.95904541015625,86.91695404052734,6703012
2001-04-30,97.33788299560547,100.11376953125,92.92377471923828,94.37997436523438,9729409
2001-05-01,100.5688247680664,101.25141906738281,91.3310546875,97.7929458618164,9956037
2001-05-02,108.53242492675781,110.21615600585938,102.34357452392578,105.57451629638672,13374161
2001-05-03,98.20249938964844,102.98065948486328,94.83503723144531,101.97952270507812,8946704
2001-05-04,100.93287658691406,104.66439056396484,91.46757507324219,91.5130844116211,7846196
2001-05-07,101.5699691772461,106.9852066040039,101.29692840576172,101.93401336669922,6052706
2001-05-08,104.61888122558594,108.03185272216797,102.2070541381836,107.8498306274414,6420546
2001-05-09,100.38680267333984,104.57337951660156,98.29351806640625,99.61319732666016,5693217
2001-05-10,96.74629974365234,104.66439056396484,96.15472412109375,104.43685913085938,5561059
2001-05-11,94.1524429321289,97.83845520019531,93.24231719970703,97.61092376708984,4777365
2001-05-14,91.64960479736328,94.42548370361328,89.41979217529297,94.24346160888672,4453497
2001-05-15,90.28441619873047,94.9260482788086,89.64732360839844,92.51422119140625,7305501
2001-05-16,95.69966125488281,96.4732666015625,86.73492431640625,87.59954833984375,7913835
2001-05-17,97.88395690917969,101.70648193359375,96.24573516845703,96.4277572631836,6642999
2001-05-18,96.4277572631836,100.20478057861328,95.38111877441406,96.92832946777344,3739837
2001-05-21,106.93970489501953,107.07622528076172,96.4277572631836,97.56541442871094,7039384
2001-05-22,105.57451629638672,110.17064666748047,103.29920196533203,109.03298950195312,8897546
2001-05-23,102.29806518554688,104.66439056396484,100.79635620117188,103.75426483154297,4801450
2001-05-24,102.61660766601562,103.61774444580078,97.51991271972656,102.48008728027344,5412464
2001-05-25,96.74629974365234,104.07280731201172,96.33674621582031,102.48008728027344,3710325
2001-05-29,87.2354965209961,96.4732666015625,86.14334869384766,96.2912368774414,6358906
2001-05-30,77.08760070800781,82.45733642578125,76.22298431396484,82.22980499267578,8239658
2001-05-31,76.04095458984375,79.90898895263672,75.54039001464844,76.4050064086914,6469748
2001-06-01,78.6803207397461,81.59272003173828,75.63140106201172,78.36177825927734,4917697
2001-06-04,77.1786117553711,81.27417755126953,76.3594970703125,80.59158325195312,4203927
2001-06-05,78.72582244873047,80.36405181884766,77.77019500732422,77.99772644042969,6105666
2001-06-06,75.22183990478516,79.81797790527344,74.17520141601562,79.3629150390625,6025325
2001-06-07,77.63367462158203,78.17974853515625,73.72013854980469,74.44823455810547,5398752
2001-06-08,73.03754425048828,76.95108032226562,72.85551452636719,76.86006927490234,3747243
2001-06-11,69.16950988769531,74.03868103027344,68.25938415527344,73.90216064453125,5764943
2001-06-12,68.75995635986328,71.53583526611328,67.1217269897461,68.35039520263672,9087036
2001-06-13,64.52787017822266,70.53469848632812,64.43685913085938,69.67008209228516,5719235
2001-06-14,62.844139099121094,65.52900695800781,62.298065185546875,64.391357421875,7575332
2001-06-15,56.60978317260742,56.88282012939453,49.192264556884766,53.10580062866211,18197607
2001-06-18,48.23663330078125,56.88282012939453,47.554039001464844,55.927188873291016,10292629
2001-06-19,49.32878112792969,51.331058502197266,47.417518615722656,50.55745315551758,8604355
2001-06-20,45.506256103515625,49.92036437988281,43.45847702026367,48.46416473388672,11744429
2001-06-21,49.6473274230957,50.64846420288086,44.960182189941406,45.68828201293945,11898605
2001-06-22,53.515357971191406,56.88282012939453,52.10466384887695,54.19795227050781,12400976
2001-06-25,54.51649475097656,56.427757263183594,53.697383880615234,55.608646392822266,6389407
2001-06-26,54.74402618408203,55.654151916503906,51.831626892089844,53.515357971191406,5856623
2001-06-27,55.19908905029297,57.24687194824219,53.788394927978516,55.29010009765625,7052393
2001-06-28,56.83731460571289,58.70307159423828,56.109214782714844,56.38225173950195,5593165
2001-06-29,56.88282012939453,61.888511657714844,55.74516677856445,57.29237747192383,7706413
2001-07-02,58.97610855102539,60.068260192871094,57.20136642456055,58.8395881652832,4841664
2001-07-03,57.656429290771484,58.566551208496094,56.97383499145508,58.15699768066406,1731344
2001-07-05,52.832763671875,57.1103515625,52.69624710083008,56.79180908203125,4183051
2001-07-06,51.46757888793945,52.78725814819336,49.32878112792969,51.01251220703125,4447828
2001-07-09,53.424346923828125,55.972694396972656,51.877132415771484,52.55972671508789,5830956
2001-07-10,49.10124969482422,54.60750961303711,48.60068130493164,54.60750961303711,5402114
2001-07-11,49.87485885620117,50.64846420288086,47.872581481933594,48.919227600097656,5648608
2001-07-12,54.74402618408203,55.790672302246094,51.513084411621094,53.15130615234375,6251756
2001-07-13,54.10694122314453,57.20136642456055,52.832763671875,54.42548370361328,5403191
2001-07-16,48.28213882446289,53.742889404296875,48.23663330078125,53.651878356933594,5401719
2001-07-17,46.09783935546875,47.78157043457031,45.506256103515625,47.326507568359375,8571283
2001-07-18,46.46188735961914,47.098976135253906,45.278724670410156,45.551761627197266,5143315
2001-07-19,45.96131896972656,48.69169616699219,44.55062484741211,48.00910186767578,7051668
2001-07-20,45.187713623046875,45.64277648925781,44.14106750488281,44.59613037109375,4026699
2001-07-23,43.68600845336914,46.8259391784668,43.50398254394531,46.55290222167969,3757505
2001-07-24,41.7292366027832,43.54948806762695,40.955631256103516,43.2309455871582,6750149
2001-07-25,40.0,41.91126251220703,38.680320739746094,41.86575698852539,6530465
2001-07-26,43.094425201416016,43.2309455871582,36.632537841796875,40.54607391357422,8263787
2001-07-27,38.9078483581543,40.27303695678711,35.94994354248047,37.042091369628906,14915971
2001-07-30,39.90898513793945,41.183162689208984,39.135379791259766,39.27190017700195,4286290
2001-07-31,42.04778289794922,42.59385681152344,40.04550552368164,40.31854248046875,5785402
2001-08-01,43.8680305480957,44.641639709472656,42.00227355957031,43.048919677734375,5327048
2001-08-02,43.2309455871582,45.096702575683594,42.09328842163086,44.960182189941406,5584089
2001-08-03,41.54721450805664,43.45847702026367,41.41069412231445,43.276451110839844,3450866
2001-08-06,43.003414154052734,44.277587890625,41.456199645996094,41.456199645996094,3347693
2001-08-07,43.367462158203125,45.187713623046875,42.821388244628906,43.82252502441406,4635868
2001-08-08,41.59272003173828,43.77701950073242,40.682594299316406,43.1854362487793,4682938
2001-08-09,40.819114685058594,41.82025146484375,39.90898513793945,41.36518859863281,3636379
2001-08-10,39.90898513793945,41.274173736572266,38.725826263427734,40.54607391357422,3386194
2001-08-13,41.228668212890625,41.54721450805664,39.22639465332031,40.45506286621094,3341980
2001-08-14,40.682594299316406,42.27531433105469,39.90898513793945,41.774742126464844,3396764
2001-08-15,37.8612060546875,40.864620208740234,37.63367462158203,40.364051818847656,3267946
2001-08-16,37.224117279052734,37.67918014526367,35.67690658569336,36.587032318115234,3759791
2001-08-17,35.26734924316406,37.26962661743164,35.039817810058594,36.45051193237305,4320812
2001-08-20,34.17519760131836,35.358360290527344,33.44709777832031,35.358360290527344,4303386
2001-08-21,32.17292404174805,34.31171798706055,32.17292404174805,33.76564407348633,4713703
2001-08-22,34.12969207763672,34.12969207763672,32.309444427490234,33.08304977416992,5560664
2001-08-23,31.945392608642578,34.266212463378906,31.854379653930664,34.03868103027344,4202982
2001-08-24,34.857791900634766,35.085323333740234,32.4914665222168,33.1740608215332,5012981
2001-08-27,34.903297424316406,36.31399154663086,34.17519760131836,35.358360290527344,3916824
2001-08-28,32.354949951171875,34.99431228637695,32.0819091796875,34.99431228637695,4485537
2001-08-29,32.4914665222168,33.08304977416992,31.44482421875,32.4914665222168,4526169
2001-08-30,29.35153579711914,31.626848220825195,28.668941497802734,31.399316787719727,9443207
2001-08-31,32.0819091796875,32.26393508911133,29.3060302734375,29.35153579711914,6330822
2001-09-04,30.307167053222656,32.4914665222168,30.034130096435547,31.71786117553711,5563543
2001-09-05,29.488054275512695,30.716724395751953,28.213878631591797,29.53356170654297,6411558
2001-09-06,28.441410064697266,29.670080184936523,27.303754806518555,28.896472930908203,6688289
2001-09-07,29.260522842407227,29.988622665405273,27.576791763305664,27.986347198486328,4406405
2001-09-10,28.25938606262207,29.488054275512695,27.758817672729492,28.48691749572754,4874011
2001-09-17,26.62116050720215,27.758817672729492,24.982934951782227,25.25597381591797,5338189
2001-09-18,24.345848083496094,27.531286239624023,23.845279693603516,27.39476776123047,4687114
2001-09-19,25.938566207885742,26.029579162597656,23.299203872680664,23.43572235107422,7319235
2001-09-20,26.029579162597656,27.986347198486328,25.483503341674805,26.666667938232422,6992841
2001-09-21,24.391353607177734,26.575653076171875,23.43572235107422,23.481229782104492,8227880
2001-09-24,29.07849884033203,29.124004364013672,26.894197463989258,27.576791763305664,10955702
2001-09-25,29.988622665405273,33.90216064453125,29.57906723022461,30.352672576904297,14431246
2001-09-26,28.623435974121094,32.26393508911133,28.213878631591797,31.626848220825195,8743765
2001-09-27,27.44027328491211,28.441410064697266,26.21160316467285,27.804323196411133,8695376
2001-09-28,28.75995445251465,30.944255828857422,27.804323196411133,28.623435974121094,8246317
2001-10-01,29.53356170654297,30.48919105529785,27.667804718017578,28.714448928833008,6160318
2001-10-02,28.48691749572754,31.53583526611328,28.30489158630371,30.39818000793457,8691222
2001-10-03,32.445960998535156,33.12855529785156,27.849828720092773,28.0318546295166,12951362
2001-10-04,31.945392608642578,33.40159225463867,30.48919105529785,33.12855529785156,11545687
2001-10-05,31.49032974243164,32.21842956542969,30.216154098510742,31.353811264038086,6115796
2001-10-08,31.080774307250977,32.4914665222168,30.39818000793457,30.48919105529785,5863897
2001-10-09,30.1706485748291,31.71786117553711,29.62457275390625,31.353811264038086,4593280
2001-10-10,34.08418655395508,34.220703125,29.57906723022461,30.125141143798828,8731700
2001-10-11,40.72809982299805,40.72809982299805,35.722412109375,35.81342315673828,14296715
2001-10-12,41.137657165527344,43.003414154052734,37.8612060546875,41.63822555541992,16588422
2001-10-15,40.4095573425293,41.183162689208984,38.816837310791016,39.49943161010742,5639510
2001-10-16,40.04550552368164,41.228668212890625,38.36177444458008,40.955631256103516,9147885
2001-10-17,36.951080322265625,42.73037338256836,36.54152297973633,41.774742126464844,8572360
2001-10-18,37.497154235839844,39.362911224365234,36.45051193237305,37.4516487121582,5958961
2001-10-19,36.951080322265625,37.90671157836914,35.81342315673828,36.587032318115234,5415475
2001-10-22,37.99772644042969,38.40727996826172,36.17747497558594,36.632537841796875,4283741
2001-10-23,40.09101486206055,41.228668212890625,38.543800354003906,38.816837310791016,7859007
2001-10-24,41.274173736572266,42.32081985473633,38.9078483581543,39.49943161010742,7406696
2001-10-25,45.3242301940918,45.506256103515625,38.9078483581543,39.72696304321289,13832977
2001-10-26,39.90898513793945,43.68600845336914,39.5904426574707,42.1387939453125,13424813
2001-10-29,37.90671157836914,40.4095573425293,37.67918014526367,39.81797409057617,5616656
2001-10-30,35.44937515258789,37.042091369628906,34.584754943847656,36.951080322265625,7970904
2001-10-31,36.359500885009766,38.862342834472656,35.81342315673828,36.8145637512207,6976689
2001-11-01,38.31626892089844,38.45278549194336,35.81342315673828,36.54152297973633,5757384
2001-11-02,38.2707633972168,39.180885314941406,36.587032318115234,37.224117279052734,5213635
2001-11-05,40.72809982299805,41.54721450805664,40.0,40.04550552368164,5441142
2001-11-06,40.864620208740234,41.59272003173828,39.089874267578125,40.864620208740234,5767163
2001-11-07,41.183162689208984,42.45733642578125,40.27303695678711,40.50056838989258,5085740
2001-11-08,40.09101486206055,43.640499114990234,38.9078483581543,42.00227355957031,7555928
2001-11-09,41.7292366027832,42.04778289794922,39.72696304321289,40.18202590942383,4439609
2001-11-12,43.82252502441406,44.09556198120117,39.72696304321289,42.1387939453125,7848569
2001-11-13,48.10011291503906,48.32764434814453,44.869171142578125,45.460750579833984,11818792
2001-11-14,49.556312561035156,51.285552978515625,47.326507568359375,50.14789581298828,11161388
2001-11-15,48.23663330078125,50.78498458862305,47.372013092041016,48.919227600097656,8319142
2001-11-16,52.78725814819336,53.87940979003906,47.96359634399414,48.64619064331055,11055666
2001-11-19,55.790672302246094,56.60978317260742,54.47098922729492,54.92605209350586,12088052
2001-11-20,50.92150115966797,56.109214782714844,50.42093276977539,55.10807800292969,11656023
2001-11-21,51.649600982666016,52.33219528198242,49.60182189941406,49.96586990356445,7214283
2001-11-23,53.28782653808594,53.651878356933594,51.46757888793945,52.01365280151367,2555736
2001-11-26,53.33333206176758,54.83504104614258,51.46757888793945,54.37997817993164,6763575
2001-11-27,51.14903259277344,53.378841400146484,50.73947525024414,52.96928405761719,8964262
2001-11-28,46.0068244934082,50.51194381713867,45.779296875,50.056884765625,9429802
2001-11-29,47.417518615722656,48.10011291503906,46.50739669799805,47.235496520996094,7140007
2001-11-30,45.87030792236328,47.554039001464844,45.278724670410156,47.326507568359375,6983040
2001-12-03,43.95904541015625,45.142208099365234,43.412967681884766,44.59613037109375,5637532
2001-12-04,48.19112777709961,48.50967025756836,44.641639709472656,45.460750579833984,7118252
2001-12-05,52.01365280151367,53.15130615234375,50.19340133666992,50.87599563598633,11342660
2001-12-06,50.64846420288086,52.55972671508789,50.10239028930664,51.96814727783203,6743336
2001-12-07,47.9180908203125,50.2844123840332,46.18885040283203,49.96586990356445,8686849
2001-12-10,45.278724670410156,47.78157043457031,44.41410827636719,44.960182189941406,10857650
2001-12-11,45.779296875,47.326507568359375,45.278724670410156,46.4163818359375,6401120
2001-12-12,44.82366180419922,46.4163818359375,43.50398254394531,46.18885040283203,7774975
2001-12-13,39.635948181152344,42.18429946899414,39.27190017700195,41.0921516418457,10065869
2001-12-14,38.816837310791016,40.31854248046875,38.225257873535156,40.0,7438977
2001-12-17,39.77246856689453,41.41069412231445,39.089874267578125,39.45392608642578,7314620
2001-12-18,40.31854248046875,42.18429946899414,39.81797409057617,41.183162689208984,5739123
2001-12-19,38.225257873535156,40.4095573425293,38.17974853515625,39.089874267578125,5439735
2001-12-20,37.31513214111328,40.27303695678711,37.224117279052734,39.54493713378906,6112170
2001-12-21,38.45278549194336,39.72696304321289,37.77019119262695,38.2707633972168,7545490
2001-12-24,38.45278549194336,38.862342834472656,37.99772644042969,38.816837310791016,1568685
2001-12-26,38.63481140136719,39.635948181152344,37.8612060546875,38.725826263427734,3112451
2001-12-27,38.680320739746094,39.362911224365234,37.77019119262695,38.9078483581543,3286317
2001-12-28,38.498294830322266,39.317405700683594,37.90671157836914,38.771331787109375,3969498
2001-12-31,39.49943161010742,41.0921516418457,37.8612060546875,38.08873748779297,7876258
2002-01-02,41.54721450805664,41.59272003173828,39.40842056274414,39.5904426574707,6998642
2002-01-03,43.321956634521484,44.05005645751953,41.95676803588867,42.5483512878418,6921378
2002-01-04,45.59727096557617,46.64391326904297,41.501705169677734,44.32309341430664,10987236
2002-01-07,44.18657684326172,47.053470611572266,43.8680305480957,46.05233383178711,18726216
2002-01-08,43.82252502441406,44.960182189941406,43.003414154052734,44.45961380004883,7952005
2002-01-09,43.594993591308594,45.3697395324707,43.048919677734375,44.77815628051758,6519345
2002-01-10,42.957908630371094,44.32309341430664,42.09328842163086,43.640499114990234,5574332
2002-01-11,41.0466423034668,43.50398254394531,40.955631256103516,43.1854362487793,5328542
2002-01-14,39.49943161010742,40.955631256103516,39.135379791259766,40.819114685058594,4857991
2002-01-15,40.50056838989258,41.68373107910156,39.635948181152344,40.0,5229852
2002-01-16,36.905574798583984,39.45392608642578,36.8145637512207,39.27190017700195,7173541
2002-01-17,39.49943161010742,39.5904426574707,37.63367462158203,38.498294830322266,5159642
2002-01-18,37.224117279052734,38.40727996826172,36.860069274902344,37.77019119262695,5928372
2002-01-22,35.085323333740234,38.2707633972168,35.039817810058594,38.13424301147461,6940540
2002-01-23,35.76791763305664,36.22298049926758,34.03868103027344,35.94994354248047,6899425
2002-01-24,35.90443801879883,37.58816909790039,35.49488067626953,37.31513214111328,7907704
2002-01-25,32.582481384277344,33.85665512084961,31.854379653930664,33.44709777832031,10914961
2002-01-28,33.53811264038086,33.5836181640625,31.67235565185547,33.12855529785156,6905314
2002-01-29,31.67235565185547,33.1740608215332,31.308305740356445,33.12855529785156,6593203
2002-01-30,31.76336669921875,32.0819091796875,30.034130096435547,31.945392608642578,7192483
2002-01-31,31.854379653930664,32.26393508911133,30.48919105529785,32.127418518066406,6188380
2002-02-01,31.808874130249023,33.12855529785156,29.35153579711914,29.39704132080078,10811524
2002-02-04,30.1706485748291,32.81001281738281,29.57906723022461,32.26393508911133,6375277
2002-02-05,28.122867584228516,29.85210418701172,27.576791763305664,29.53356170654297,8516104
2002-02-06,28.48691749572754,29.35153579711914,27.531286239624023,28.896472930908203,5565015
2002-02-07,28.668941497802734,30.989761352539062,28.213878631591797,28.714448928833008,5455623
2002-02-08,30.034130096435547,30.307167053222656,28.75995445251465,29.715585708618164,5476126
2002-02-11,31.49032974243164,32.03640365600586,30.125141143798828,31.171785354614258,5186759
2002-02-12,29.806598663330078,30.853242874145508,29.670080184936523,30.44368553161621,4731877
2002-02-13,29.442548751831055,30.716724395751953,29.215017318725586,30.44368553161621,4261150
2002-02-14,27.667804718017578,30.079635620117188,27.48577880859375,29.85210418701172,5533964
2002-02-15,27.622297286987305,27.895336151123047,26.21160316467285,27.71331024169922,5308677
2002-02-19,26.803184509277344,27.44027328491211,25.665529251098633,27.076223373413086,5279845
2002-02-20,26.43913459777832,27.303754806518555,25.30147933959961,26.93970489501953,5404422
2002-02-21,23.936290740966797,25.938566207885742,23.936290740966797,25.802047729492188,7516043
2002-02-22,22.6621150970459,22.844141006469727,21.569965362548828,22.38907814025879,9797268
2002-02-25,24.48236656188965,24.755403518676758,22.07053565979004,22.93515396118164,6866924
2002-02-26,23.43572235107422,25.11945343017578,22.798635482788086,24.982934951782227,5589012
2002-02-27,22.571104049682617,24.20932960510254,22.34357261657715,24.20932960510254,6387232
2002-02-28,22.07053565979004,23.344709396362305,21.751991271972656,22.753128051757812,5317532
2002-03-01,22.6621150970459,23.25369644165039,22.298065185546875,22.571104049682617,6360422
2002-03-04,26.257110595703125,26.712173461914062,22.753128051757812,22.93515396118164,8775826
2002-03-05,28.395904541015625,29.124004364013672,25.30147933959961,25.665529251098633,10760257
2002-03-06,29.943117141723633,30.125141143798828,26.575653076171875,28.077360153198242,9937556
2002-03-07,29.169511795043945,31.399316787719727,28.850967407226562,30.989761352539062,7407641
2002-03-08,28.987485885620117,30.48919105529785,28.122867584228516,29.761091232299805,6842773
2002-03-11,30.216154098510742,31.262798309326172,27.758817672729492,28.441410064697266,6399867
2002-03-12,27.21274185180664,28.75995445251465,26.712173461914062,28.122867584228516,8159032
2002-03-13,27.076223373413086,27.71331024169922,26.666667938232422,27.076223373413086,6255272
2002-03-14,27.349260330200195,27.71331024169922,27.121728897094727,27.303754806518555,6386396
2002-03-15,27.758817672729492,27.804323196411133,27.121728897094727,27.667804718017578,6545056
2002-03-18,27.303754806518555,28.35039710998535,26.39362907409668,27.940841674804688,7060238
2002-03-19,25.847553253173828,27.076223373413086,25.028440475463867,26.985210418701172,7278318
2002-03-20,25.483503341674805,26.62116050720215,25.028440475463867,25.34698486328125,5635687
2002-03-21,26.575653076171875,26.894197463989258,25.57451629638672,25.984073638916016,5357044
2002-03-22,26.62116050720215,27.531286239624023,25.802047729492188,26.39362907409668,4901414
2002-03-25,25.30147933959961,27.576791763305664,25.210466384887695,26.62116050720215,5131536
2002-03-26,24.664390563964844,26.21160316467285,24.163822174072266,25.39249038696289,5194736
2002-03-27,25.34698486328125,25.57451629638672,23.481229782104492,24.664390563964844,6130036
2002-03-28,26.803184509277344,27.076223373413086,24.891923904418945,25.34698486328125,5714687
2002-04-01,27.940841674804688,28.213878631591797,26.21160316467285,26.34812355041504,5433626
2002-04-02,26.62116050720215,27.895336151123047,26.62116050720215,27.48577880859375,5433319
2002-04-03,26.34812355041504,27.44027328491211,25.210466384887695,26.985210418701172,5266594
2002-04-04,26.93970489501953,27.303754806518555,25.711034774780273,26.12059211730957,4706869
2002-04-05,25.39249038696289,27.44027328491211,25.30147933959961,27.21274185180664,4466353
2002-04-08,25.711034774780273,25.847553253173828,24.391353607177734,24.80091094970703,4226803
2002-04-09,24.48236656188965,26.666667938232422,24.436859130859375,25.756542205810547,5503902
2002-04-10,24.07280921936035,25.847553253173828,23.799772262573242,24.937429428100586,4854673
2002-04-11,22.753128051757812,24.02730369567871,22.525596618652344,23.936290740966797,5211349
2002-04-12,23.026166915893555,23.299203872680664,21.843002319335938,23.071672439575195,4910534
2002-04-15,23.845279693603516,24.25483512878418,23.299203872680664,23.526735305786133,4722296
2002-04-16,25.984073638916016,26.075084686279297,24.345848083496094,24.573379516601562,3707424
2002-04-17,26.757678985595703,27.804323196411133,25.984073638916016,26.484642028808594,6255953
2002-04-18,25.847553253173828,26.62116050720215,25.028440475463867,26.43913459777832,4602642
2002-04-19,24.937429428100586,26.39362907409668,24.709897994995117,25.8930606842041,2768586
2002-04-22,23.663253784179688,23.936290740966797,23.026166915893555,23.890785217285156,3428474
2002-04-23,23.572240829467773,24.80091094970703,23.20819091796875,23.43572235107422,3596143
2002-04-24,22.844141006469727,24.48236656188965,22.798635482788086,24.30034065246582,2638692
2002-04-25,22.889646530151367,23.11717987060547,22.025028228759766,22.844141006469727,4239373
2002-04-26,20.614334106445312,22.16154670715332,20.25028419494629,21.843002319335938,6545144
2002-04-29,19.203641891479492,20.796358108520508,18.475540161132812,20.5233211517334,6125180
2002-04-30,19.74971580505371,20.705347061157227,18.839590072631836,18.93060302734375,4678302
2002-05-01,19.249147415161133,20.20477867126465,18.339021682739258,19.385665893554688,4567899
2002-05-02,18.794084548950195,19.704208374023438,18.202503204345703,19.203641891479492,5812827
2002-05-03,17.474403381347656,18.794084548950195,17.201364517211914,18.657564163208008,4118598
2002-05-06,17.06484603881836,18.248008728027344,16.928327560424805,17.565414428710938,3465370
2002-05-07,17.61092185974121,18.020477294921875,17.06484603881836,17.565414428710938,4087174
2002-05-08,19.74971580505371,19.840728759765625,18.612058639526367,18.839590072631836,6670819
2002-05-09,18.88509750366211,19.840728759765625,18.202503204345703,19.522184371948242,4402889
2002-05-10,17.201364517211914,19.294652938842773,16.973833084106445,19.112628936767578,3600911
2002-05-13,16.928327560424805,17.79294776916504,15.426621437072754,17.565414428710938,6187303
2002-05-14,17.61092185974121,18.293514251708984,16.79180908203125,17.92946434020996,4929234
2002-05-15,18.430034637451172,20.568828582763672,16.88282012939453,17.383390426635742,5871852
2002-05-16,19.840728759765625,20.20477867126465,18.612058639526367,18.748577117919922,4724933
2002-05-17,20.432308197021484,21.342435836791992,19.79522132873535,20.932878494262695,4190874
2002-05-20,19.522184371948242,20.159271240234375,18.97610855102539,20.159271240234375,2469155
2002-05-21,18.430034637451172,20.113765716552734,18.202503204345703,19.840728759765625,3411289
2002-05-22,18.3845272064209,19.249147415161133,17.565414428710938,18.248008728027344,4553791
2002-05-23,18.521047592163086,18.93060302734375,17.88395881652832,18.430034637451172,3099881
2002-05-24,17.79294776916504,18.248008728027344,17.61092185974121,18.202503204345703,1812828
2002-05-28,18.156997680664062,18.293514251708984,17.428895950317383,18.156997680664062,2502469
2002-05-29,17.155858993530273,18.11149024963379,17.01934051513672,17.565414428710938,3477939
2002-05-30,16.83731460571289,17.88395881652832,16.473264694213867,17.110353469848633,3688108
2002-05-31,15.972696304321289,17.155858993530273,15.69965934753418,17.06484603881836,3674857
2002-06-03,14.379977226257324,15.74516487121582,14.334470748901367,15.69965934753418,3885532
2002-06-04,15.199090003967285,15.244595527648926,13.515357971191406,14.607508659362793,5229720
2002-06-05,14.197952270507812,15.790671348571777,13.742890357971191,15.426621437072754,4350479
2002-06-06,13.014789581298828,14.243457794189453,12.969283103942871,14.106940269470215,4915522
2002-06-07,13.924915313720703,14.744027137756348,12.55972671508789,12.55972671508789,5305600
2002-06-10,12.832764625549316,14.288965225219727,12.650738716125488,14.106940269470215,4015448
2002-06-11,12.55972671508789,13.56086540222168,12.059158325195312,13.378840446472168,4733635
2002-06-12,12.332196235656738,12.878271102905273,12.150171279907227,12.423208236694336,5082466
2002-06-13,11.513083457946777,12.468713760375977,11.376564025878906,12.377701759338379,5225413
2002-06-14,12.51422119140625,12.78725814819336,11.376564025878906,11.376564025878906,5693832
2002-06-17,13.424345970153809,13.87940788269043,12.650738716125488,12.969283103942871,4979337
2002-06-18,13.742890357971191,14.197952270507812,13.105801582336426,13.378840446472168,4109501
2002-06-19,12.605233192443848,13.469852447509766,12.55972671508789,13.424345970153809,3388457
2002-06-20,13.515357971191406,14.334470748901367,12.468713760375977,12.650738716125488,5669418
2002-06-21,12.923776626586914,14.334470748901367,12.423208236694336,13.333333015441895,4556780
2002-06-24,13.515357971191406,14.061432838439941,12.013651847839355,12.832764625549316,5605383
2002-06-25,11.649601936340332,14.65301513671875,11.604096412658691,13.833902359008789,6652953
2002-06-26,10.37542724609375,11.285552024841309,10.193402290344238,11.149032592773438,6781177
2002-06-27,12.696246147155762,12.969283103942871,10.602957725524902,11.194539070129395,6432962
2002-06-28,12.150171279907227,13.60637092590332,11.649601936340332,13.060296058654785,3784754
2002-07-01,11.649601936340332,12.923776626586914,11.604096412658691,11.8771333694458,3218744
2002-07-02,11.103527069091797,12.059158325195312,10.921502113342285,11.74061393737793,3161170
2002-07-03,11.74061393737793,11.786121368408203,10.875994682312012,11.194539070129395,2640077
2002-07-05,13.19681453704834,13.287826538085938,12.150171279907227,12.286688804626465,2275489
2002-07-08,12.969283103942871,14.243457794189453,12.51422119140625,13.515357971191406,4349490
2002-07-09,14.152445793151855,14.562002182006836,12.923776626586914,13.060296058654785,5225985
2002-07-10,14.69852066040039,14.789533615112305,13.970420837402344,14.69852066040039,4771190
2002-07-11,17.474403381347656,17.974971771240234,13.924915313720703,14.379977226257324,8864561
2002-07-12,16.154720306396484,18.521047592163086,15.335609436035156,18.06598472595215,9090025
2002-07-15,17.383390426635742,17.383390426635742,14.880545616149902,15.74516487121582,6146869
2002-07-16,16.291240692138672,17.65642738342285,15.927189826965332,17.201364517211914,6559230
2002-07-17,16.83731460571289,17.565414428710938,15.972696304321289,17.3378849029541,5442966
2002-07-18,16.473264694213867,16.973833084106445,16.291240692138672,16.83731460571289,3818816
2002-07-19,14.92605209350586,15.927189826965332,14.334470748901367,15.927189826965332,4221332
2002-07-22,15.199090003967285,15.69965934753418,12.55972671508789,14.334470748901367,7355999
2002-07-23,12.923776626586914,15.335609436035156,12.55972671508789,14.835040092468262,4911434
2002-07-24,13.697382926940918,14.562002182006836,12.51422119140625,12.696246147155762,5771448
2002-07-25,11.513083457946777,13.56086540222168,11.376564025878906,13.469852447509766,5509154
2002-07-26,9.7383394241333,11.194539070129395,9.465300559997559,11.149032592773438,8061617
2002-07-29,9.647327423095703,10.64846420288086,9.374288558959961,10.557452201843262,7293459
2002-07-30,11.376564025878906,11.649601936340332,10.238907814025879,10.557452201843262,9103100
2002-07-31,11.513083457946777,12.195676803588867,11.33105754852295,11.8771333694458,6699386
2002-08-01,10.42093276977539,11.74061393737793,10.238907814025879,11.649601936340332,5970190
2002-08-02,10.830489158630371,10.921502113342285,10.329919815063477,10.6939697265625,3653014
2002-08-05,10.830489158630371,12.423208236694336,10.511944770812988,11.513083457946777,6991280
2002-08-06,10.784982681274414,11.831626892089844,10.64846420288086,11.46757698059082,5281911
2002-08-07,11.240045547485352,11.513083457946777,10.511944770812988,11.46757698059082,5822650
2002-08-08,11.285552024841309,11.558588981628418,10.6939697265625,11.240045547485352,4319340
2002-08-09,10.64846420288086,11.240045547485352,10.602957725524902,11.240045547485352,3431704
2002-08-12,10.329919815063477,10.557452201843262,10.238907814025879,10.557452201843262,3512286
2002-08-13,10.011377334594727,10.830489158630371,9.829352378845215,10.37542724609375,5029374
2002-08-14,11.74061393737793,11.831626892089844,10.102389335632324,10.329919815063477,6151198
2002-08-15,10.784982681274414,11.74061393737793,10.602957725524902,11.695108413696289,5875719
2002-08-16,10.511944770812988,11.240045547485352,10.466439247131348,10.6939697265625,4837577
2002-08-19,10.6939697265625,10.875994682312012,10.42093276977539,10.830489158630371,4793319
2002-08-20,10.6939697265625,11.149032592773438,10.329919815063477,10.602957725524902,5156126
2002-08-21,10.921502113342285,11.376564025878906,10.739477157592773,10.967007637023926,5558818
2002-08-22,11.831626892089844,11.968146324157715,10.739477157592773,10.967007637023926,7585331
2002-08-23,13.833902359008789,13.970420837402344,11.376564025878906,11.46757698059082,11359471
2002-08-26,15.017065048217773,15.381114959716797,13.833902359008789,14.243457794189453,11129568
2002-08-27,13.19681453704834,15.654151916503906,13.151308059692383,15.472126960754395,8608069
2002-08-28,12.286688804626465,13.014789581298828,12.059158325195312,12.78725814819336,6703430
2002-08-29,12.78725814819336,13.333333015441895,11.695108413696289,12.195676803588867,5495948
2002-08-30,12.241183280944824,13.014789581298828,12.104663848876953,12.423208236694336,3354813
2002-09-03,11.240045547485352,12.195676803588867,10.739477157592773,11.831626892089844,5638631
2002-09-04,12.878271102905273,13.19681453704834,11.149032592773438,11.376564025878906,8812656
2002-09-05,12.696246147155762,12.923776626586914,12.195676803588867,12.423208236694336,6788825
2002-09-06,12.696246147155762,13.788395881652832,12.51422119140625,13.56086540222168,5457052
2002-09-09,12.332196235656738,13.014789581298828,12.150171279907227,12.423208236694336,4990632
2002-09-10,12.241183280944824,12.832764625549316,11.831626892089844,12.605233192443848,5796258
2002-09-11,12.423208236694336,13.014789581298828,12.332196235656738,12.468713760375977,4073198
2002-09-12,11.695108413696289,12.332196235656738,11.649601936340332,12.286688804626465,5090091
2002-09-13,11.649601936340332,11.8771333694458,11.103527069091797,11.33105754852295,4261172
2002-09-16,10.921502113342285,11.786121368408203,10.875994682312012,11.695108413696289,3958027
2002-09-17,10.37542724609375,11.695108413696289,10.147894859313965,11.558588981628418,7613854
2002-09-18,9.920364379882812,10.284414291381836,9.556314468383789,10.284414291381836,8185951
2002-09-19,9.32878303527832,9.874857902526855,9.146758079528809,9.60181999206543,5477554
2002-09-20,9.7383394241333,9.920364379882812,9.101250648498535,9.783844947814941,5959884
2002-09-23,8.50967025756836,9.510807991027832,8.50967025756836,9.374288558959961,10408591
2002-09-24,9.055745124816895,9.510807991027832,8.28213882446289,8.373150825500488,6769728
2002-09-25,9.692832946777344,9.692832946777344,9.19226360321045,9.419795036315918,4975667
2002-09-26,9.146758079528809,10.147894859313965,9.055745124816895,9.7383394241333,5213591
2002-09-27,9.19226360321045,9.7383394241333,8.873720169067383,9.101250648498535,4831819
2002-09-30,8.828213691711426,9.19226360321045,8.646188735961914,9.146758079528809,6052003
2002-10-01,8.828213691711426,9.283275604248047,8.145620346069336,9.101250648498535,7900430
2002-10-02,8.100113868713379,8.873720169067383,8.054608345031738,8.691695213317871,5440680
2002-10-03,7.554039001464844,8.373150825500488,7.5085320472717285,8.191125869750977,6021985
2002-10-04,7.645051002502441,7.918088912963867,7.46302604675293,7.872581958770752,4704386
2002-10-07,7.372014045715332,7.781569957733154,7.235495090484619,7.554039001464844,5025770
2002-10-08,7.69055700302124,7.918088912963867,7.235495090484619,7.5085320472717285,5111473
2002-10-09,7.963594913482666,8.145620346069336,7.18998908996582,7.417520046234131,5265342
2002-10-10,8.373150825500488,8.600683212280273,8.009100914001465,8.100113868713379,5496057
2002-10-11,8.373150825500488,8.919225692749023,8.191125869750977,8.600683212280273,5444944
2002-10-14,8.418658256530762,8.600683212280273,7.872581958770752,8.100113868713379,4611761
2002-10-15,9.283275604248047,9.283275604248047,8.782708168029785,9.237770080566406,5785622
2002-10-16,8.691695213317871,9.146758079528809,8.418658256530762,8.691695213317871,4104798
2002-10-17,9.237770080566406,9.556314468383789,8.691695213317871,9.374288558959961,4242801
2002-10-18,9.055745124816895,9.419795036315918,8.873720169067383,9.237770080566406,3812838
2002-10-21,10.329919815063477,10.42093276977539,8.737200736999512,8.964733123779297,6203059
2002-10-22,10.37542724609375,11.376564025878906,9.647327423095703,9.920364379882812,6439884
2002-10-23,10.557452201843262,10.830489158630371,9.647327423095703,10.284414291381836,6679345
2002-10-24,11.012514114379883,12.013651847839355,10.147894859313965,10.64846420288086,10783770
2002-10-25,10.011377334594727,10.784982681274414,9.101250648498535,10.102389335632324,5312984
2002-10-28,10.37542724609375,10.602957725524902,9.965869903564453,10.466439247131348,5516516
2002-10-29,9.374288558959961,10.64846420288086,9.101250648498535,10.511944770812988,6546462
2002-10-30,10.238907814025879,10.64846420288086,9.419795036315918,9.60181999206543,7850854
2002-10-31,10.238907814025879,11.285552024841309,10.147894859313965,10.37542724609375,7421419
2002-11-01,11.285552024841309,11.42207145690918,10.011377334594727,10.193402290344238,7805652
2002-11-04,12.741751670837402,13.742890357971191,11.649601936340332,12.059158325195312,15817078
2002-11-05,12.286688804626465,13.19681453704834,11.8771333694458,12.650738716125488,7188023
2002-11-06,12.605233192443848,13.151308059692383,12.104663848876953,13.151308059692383,7097332
2002-11-07,12.150171279907227,13.242321014404297,12.059158325195312,12.51422119140625,7335255
2002-11-08,11.376564025878906,12.55972671508789,11.285552024841309,12.241183280944824,5093739
2002-11-11,10.511944770812988,11.285552024841309,10.466439247131348,11.149032592773438,3959587
2002-11-12,11.513083457946777,11.831626892089844,10.739477157592773,10.739477157592773,5921911
2002-11-13,11.558588981628418,11.604096412658691,10.921502113342285,11.194539070129395,6896546
2002-11-14,12.55972671508789,12.650738716125488,11.922638893127441,11.968146324157715,6745929
2002-11-15,12.195676803588867,12.696246147155762,11.649601936340332,12.286688804626465,6107072
2002-11-18,12.969283103942871,13.105801582336426,12.468713760375977,12.696246147155762,7313654
2002-11-19,12.51422119140625,13.105801582336426,12.332196235656738,12.78725814819336,6099029
2002-11-20,13.924915313720703,13.970420837402344,12.51422119140625,12.605233192443848,9837482
2002-11-21,14.607508659362793,15.381114959716797,14.425483703613281,14.516495704650879,14007678
2002-11-22,14.106940269470215,14.880545616149902,13.651877403259277,14.425483703613281,8377310
2002-11-25,15.062570571899414,15.381114959716797,14.152445793151855,14.243457794189453,7953588
2002-11-26,14.243457794189453,15.290102005004883,13.242321014404297,15.244595527648926,8420754
2002-11-27,15.426621437072754,15.790671348571777,14.379977226257324,14.65301513671875,8328855
2002-11-29,15.517634391784668,16.018203735351562,15.062570571899414,15.836176872253418,4208410
2002-12-02,15.290102005004883,16.382253646850586,14.69852066040039,16.109214782714844,9559345
2002-12-03,15.017065048217773,15.426621437072754,14.562002182006836,15.017065048217773,6379738
2002-12-04,14.152445793151855,14.744027137756348,13.833902359008789,14.516495704650879,6595862
2002-12-05,13.515357971191406,14.69852066040039,13.424345970153809,14.607508659362793,6224880
2002-12-06,13.60637092590332,14.0159273147583,12.78725814819336,12.969283103942871,5590462
2002-12-09,12.059158325195312,13.60637092590332,11.922638893127441,13.424345970153809,5672473
2002-12-10,12.969283103942871,13.378840446472168,12.059158325195312,12.377701759338379,4293322
2002-12-11,12.832764625549316,13.242321014404297,12.377701759338379,12.923776626586914,3939436
2002-12-12,13.19681453704834,14.0159273147583,12.923776626586914,13.651877403259277,5992956
2002-12-13,12.377701759338379,13.56086540222168,12.286688804626465,13.151308059692383,3729114
2002-12-16,12.696246147155762,12.923776626586914,12.377701759338379,12.78725814819336,3544897
2002-12-17,13.287826538085938,13.515357971191406,12.423208236694336,12.605233192443848,6270478
2002-12-18,12.150171279907227,13.333333015441895,12.059158325195312,12.969283103942871,8164701
2002-12-19,11.695108413696289,12.696246147155762,11.513083457946777,12.104663848876953,7567311
2002-12-20,10.64846420288086,12.150171279907227,10.557452201843262,11.922638893127441,10829851
2002-12-23,11.649601936340332,11.695108413696289,10.6939697265625,10.830489158630371,6076329
2002-12-24,11.240045547485352,11.922638893127441,11.149032592773438,11.649601936340332,1536646
2002-12-26,11.558588981628418,12.059158325195312,11.194539070129395,11.285552024841309,3364658
2002-12-27,11.42207145690918,11.831626892089844,11.33105754852295,11.604096412658691,2829633
2002-12-30,11.149032592773438,11.786121368408203,11.058019638061523,11.376564025878906,3512880
2002-12-31,11.240045547485352,11.240045547485352,10.64846420288086,10.921502113342285,4014635
2003-01-02,12.51422119140625,12.741751670837402,11.285552024841309,11.46757698059082,5551808
2003-01-03,12.605233192443848,12.969283103942871,12.150171279907227,12.696246147155762,4970987
2003-01-06,13.87940788269043,13.970420837402344,12.55972671508789,12.605233192443848,7301677
2003-01-07,14.197952270507812,14.92605209350586,13.515357971191406,13.833902359008789,8360828
2003-01-08,13.469852447509766,14.197952270507812,13.378840446472168,13.697382926940918,5055876
2003-01-09,14.425483703613281,14.789533615112305,13.833902359008789,13.924915313720703,6413909
2003-01-10,15.472126960754395,15.654151916503906,13.924915313720703,14.0159273147583,7413354
2003-01-13,14.65301513671875,16.018203735351562,14.243457794189453,15.881684303283691,9463116
2003-01-14,14.92605209350586,15.017065048217773,14.243457794189453,14.65301513671875,7421924
2003-01-15,14.106940269470215,15.017065048217773,13.87940788269043,14.971558570861816,6914302
2003-01-16,13.424345970153809,14.288965225219727,13.424345970153809,14.197952270507812,5904968
2003-01-17,12.51422119140625,13.105801582336426,12.286688804626465,12.923776626586914,5301776
2003-01-21,12.650738716125488,13.105801582336426,12.51422119140625,12.51422119140625,5219832
2003-01-22,12.377701759338379,13.378840446472168,12.332196235656738,12.605233192443848,7052129
2003-01-23,12.878271102905273,13.060296058654785,12.332196235656738,12.832764625549316,7855184
2003-01-24,12.195676803588867,13.333333015441895,11.968146324157715,13.242321014404297,9301952
2003-01-27,11.513083457946777,12.377701759338379,11.42207145690918,11.831626892089844,5153335
2003-01-28,12.104663848876953,12.605233192443848,11.558588981628418,11.831626892089844,5740507
2003-01-29,12.78725814819336,13.014789581298828,11.695108413696289,11.968146324157715,6496228
2003-01-30,12.286688804626465,12.969283103942871,12.195676803588867,12.878271102905273,4963295
2003-01-31,12.286688804626465,12.78725814819336,11.8771333694458,12.104663848876953,4594929
2003-02-03,12.468713760375977,12.741751670837402,12.195676803588867,12.51422119140625,4163559
2003-02-04,11.8771333694458,12.468713760375977,11.649601936340332,12.059158325195312,6140936
2003-02-05,12.104663848876953,12.51422119140625,11.8771333694458,12.013651847839355,5640191
2003-02-06,12.650738716125488,12.696246147155762,11.831626892089844,11.8771333694458,6263886
2003-02-07,12.195676803588867,13.151308059692383,12.059158325195312,13.060296058654785,5348473
2003-02-10,12.923776626586914,13.060296058654785,12.241183280944824,12.423208236694336,5979354
2003-02-11,13.19681453704834,13.378840446472168,12.605233192443848,13.105801582336426,7499562
2003-02-12,12.423208236694336,13.287826538085938,12.286688804626465,12.969283103942871,5361636
2003-02-13,12.423208236694336,12.696246147155762,12.059158325195312,12.51422119140625,5659925
2003-02-14,12.78725814819336,12.969283103942871,12.332196235656738,12.55972671508789,5023002
2003-02-18,13.651877403259277,13.742890357971191,12.741751670837402,13.060296058654785,5334190
2003-02-19,13.242321014404297,13.87940788269043,12.969283103942871,13.56086540222168,6721669
2003-02-20,12.741751670837402,13.60637092590332,12.650738716125488,13.424345970153809,5626018
2003-02-21,13.060296058654785,13.151308059692383,12.51422119140625,12.832764625549316,4971602
2003-02-24,12.878271102905273,13.287826538085938,12.78725814819336,12.923776626586914,4458596
2003-02-25,12.969283103942871,13.060296058654785,12.332196235656738,12.741751670837402,4584710
2003-02-26,12.423208236694336,13.19681453704834,12.377701759338379,12.923776626586914,4088778
2003-02-27,12.923776626586914,13.242321014404297,12.51422119140625,12.650738716125488,3735860
2003-02-28,13.060296058654785,13.242321014404297,12.696246147155762,13.014789581298828,3774514
2003-03-03,12.741751670837402,13.424345970153809,12.741751670837402,13.060296058654785,4815645
2003-03-04,12.969283103942871,13.060296058654785,12.51422119140625,12.78725814819336,3918077
2003-03-05,13.060296058654785,13.287826538085938,12.741751670837402,12.832764625549316,4451652
2003-03-06,13.151308059692383,13.469852447509766,12.696246147155762,12.832764625549316,5672253
2003-03-07,12.969283103942871,13.469852447509766,12.78725814819336,12.832764625549316,4944639
2003-03-10,12.605233192443848,13.060296058654785,12.605233192443848,12.878271102905273,3393687
2003-03-11,12.55972671508789,12.923776626586914,12.423208236694336,12.741751670837402,5163707
2003-03-12,12.150171279907227,12.650738716125488,11.831626892089844,12.51422119140625,5120593
2003-03-13,13.242321014404297,13.242321014404297,12.377701759338379,12.605233192443848,6460584
2003-03-14,13.287826538085938,13.515357971191406,12.741751670837402,13.333333015441895,4838280
2003-03-17,14.379977226257324,14.470990180969238,12.832764625549316,13.105801582336426,8203289
2003-03-18,14.152445793151855,14.516495704650879,13.60637092590332,14.516495704650879,10967547
2003-03-19,13.970420837402344,14.288965225219727,13.697382926940918,14.243457794189453,7306512
2003-03-20,13.924915313720703,14.197952270507812,13.515357971191406,13.651877403259277,7469654
2003-03-21,14.061432838439941,14.288965225219727,13.788395881652832,14.243457794189453,9192516
2003-03-24,12.878271102905273,13.697382926940918,12.878271102905273,13.515357971191406,6386726
2003-03-25,13.287826538085938,13.469852447509766,12.923776626586914,13.014789581298828,5241543
2003-03-26,13.651877403259277,13.87940788269043,13.19681453704834,13.242321014404297,6667852
2003-03-27,13.651877403259277,13.833902359008789,13.424345970153809,13.469852447509766,4077505
2003-03-28,13.515357971191406,13.833902359008789,13.424345970153809,13.469852447509766,3958664
2003-03-31,12.969283103942871,13.287826538085938,12.923776626586914,13.151308059692383,4657843
2003-04-01,13.014789581298828,13.333333015441895,12.878271102905273,13.19681453704834,7038636
2003-04-02,14.334470748901367,14.470990180969238,13.378840446472168,13.515357971191406,9707566
2003-04-03,14.0159273147583,14.744027137756348,14.0159273147583,14.470990180969238,6171393
2003-04-04,14.197952270507812,14.516495704650879,13.924915313720703,14.379977226257324,5012300
2003-04-07,14.106940269470215,15.062570571899414,14.061432838439941,14.971558570861816,6217585
2003-04-08,14.516495704650879,14.744027137756348,14.061432838439941,14.197952270507812,6573602
2003-04-09,14.197952270507812,14.92605209350586,14.152445793151855,14.65301513671875,5889740
2003-04-10,14.288965225219727,14.470990180969238,14.0159273147583,14.288965225219727,5050646
2003-04-11,14.106940269470215,14.789533615112305,14.0159273147583,14.562002182006836,5282900
2003-04-14,14.334470748901367,14.379977226257324,14.152445793151855,14.243457794189453,4315187
2003-04-15,14.379977226257324,14.470990180969238,14.197952270507812,14.243457794189453,3818376
2003-04-16,14.0159273147583,14.607508659362793,13.87940788269043,14.425483703613281,5481993
2003-04-17,14.425483703613281,14.516495704650879,13.924915313720703,14.106940269470215,5778238
2003-04-21,14.425483703613281,14.516495704650879,14.152445793151855,14.379977226257324,4394451
2003-04-22,14.744027137756348,15.062570571899414,14.243457794189453,14.334470748901367,7638906
2003-04-23,14.789533615112305,15.108077049255371,14.65301513671875,14.92605209350586,4587853
2003-04-24,14.789533615112305,15.017065048217773,14.607508659362793,14.69852066040039,4756071
2003-04-25,14.243457794189453,14.880545616149902,14.152445793151855,14.744027137756348,3887641
2003-04-28,14.379977226257324,14.516495704650879,14.243457794189453,14.288965225219727,4204411
2003-04-29,15.108077049255371,15.108077049255371,14.607508659362793,14.69852066040039,8184083
2003-04-30,14.69852066040039,15.244595527648926,14.562002182006836,15.199090003967285,9668714
2003-05-01,14.379977226257324,14.65301513671875,14.152445793151855,14.379977226257324,7451393
2003-05-02,14.562002182006836,14.65301513671875,14.334470748901367,14.379977226257324,4471978
2003-05-05,14.470990180969238,14.789533615112305,14.425483703613281,14.562002182006836,5511308
2003-05-06,16.063709259033203,16.382253646850586,14.470990180969238,14.516495704650879,13875630
2003-05-07,15.108077049255371,15.927189826965332,14.334470748901367,14.334470748901367,6449355
2003-05-08,14.425483703613281,15.244595527648926,14.334470748901367,14.835040092468262,6349632
2003-05-09,14.880545616149902,15.017065048217773,14.470990180969238,14.789533615112305,4511643
2003-05-12,15.335609436035156,15.563139915466309,14.744027137756348,14.971558570861816,5479290
2003-05-13,15.517634391784668,15.836176872253418,15.381114959716797,15.654151916503906,7116120
2003-05-14,15.017065048217773,15.927189826965332,13.742890357971191,15.836176872253418,5239785
2003-05-15,15.153583526611328,15.608646392822266,14.880545616149902,15.381114959716797,4184941
2003-05-16,15.836176872253418,16.382253646850586,14.835040092468262,14.92605209350586,3711468
2003-05-19,14.65301513671875,15.654151916503906,14.607508659362793,15.517634391784668,4732514
2003-05-20,14.789533615112305,15.062570571899414,14.243457794189453,14.971558570861816,6998774
2003-05-21,14.789533615112305,14.971558570861816,14.379977226257324,14.607508659362793,4511468
2003-05-22,14.65301513671875,14.880545616149902,14.516495704650879,14.835040092468262,5228622
2003-05-23,14.425483703613281,14.744027137756348,14.334470748901367,14.607508659362793,3382875
2003-05-27,14.92605209350586,14.92605209350586,14.152445793151855,14.379977226257324,5763427
2003-05-28,15.426621437072754,15.881684303283691,14.880545616149902,15.017065048217773,9450854
2003-05-29,17.01934051513672,17.383390426635742,15.563139915466309,15.69965934753418,14829917
2003-05-30,17.201364517211914,17.65642738342285,16.88282012939453,17.474403381347656,10148846
2003-06-02,17.747440338134766,18.612058639526367,17.474403381347656,17.88395881652832,8417326
2003-06-03,17.110353469848633,17.83845329284668,16.2457332611084,17.65642738342285,8962987
2003-06-04,17.65642738342285,17.747440338134766,16.83731460571289,17.110353469848633,5123779
2003-06-05,19.4766788482666,19.840728759765625,17.06484603881836,17.201364517211914,11295194
2003-06-06,19.340158462524414,21.433446884155273,19.203641891479492,21.433446884155273,11806113
2003-06-09,17.79294776916504,19.385665893554688,17.747440338134766,19.249147415161133,7262408
2003-06-10,18.3845272064209,18.657564163208008,17.474403381347656,18.657564163208008,6218244
2003-06-11,18.248008728027344,18.475540161132812,17.201364517211914,18.156997680664062,6494074
2003-06-12,18.202503204345703,18.657564163208008,17.88395881652832,18.339021682739258,5567872
2003-06-13,17.428895950317383,18.430034637451172,17.3378849029541,18.293514251708984,5957313
2003-06-16,17.61092185974121,17.83845329284668,17.292377471923828,17.701934814453125,5152083
2003-06-17,17.83845329284668,17.88395881652832,17.292377471923828,17.747440338134766,4996719
2003-06-18,17.83845329284668,18.202503204345703,17.292377471923828,17.565414428710938,4281257
2003-06-19,17.383390426635742,17.974971771240234,17.201364517211914,17.92946434020996,4850762
2003-06-20,16.928327560424805,17.79294776916504,16.609783172607422,17.428895950317383,6108962
2003-06-23,15.927189826965332,17.01934051513672,15.69965934753418,16.74630355834961,6660469
2003-06-24,15.69965934753418,16.609783172607422,15.472126960754395,15.608646392822266,4972986
2003-06-25,15.563139915466309,16.291240692138672,15.517634391784668,15.74516487121582,6589138
2003-06-26,15.790671348571777,16.109214782714844,15.472126960754395,15.472126960754395,4139233
2003-06-27,15.74516487121582,16.382253646850586,15.608646392822266,15.972696304321289,4254953
2003-06-30,15.927189826965332,16.382253646850586,15.654151916503906,15.836176872253418,5012388
2003-07-01,15.972696304321289,16.200227737426758,15.426621437072754,15.74516487121582,5172893
2003-07-02,16.609783172607422,16.700796127319336,16.109214782714844,16.109214782714844,7530811
2003-07-03,16.291240692138672,16.973833084106445,16.154720306396484,16.382253646850586,3746650
2003-07-07,17.246871948242188,17.3378849029541,16.518770217895508,16.609783172607422,5185331
2003-07-08,17.3378849029541,17.519908905029297,16.928327560424805,17.3378849029541,5007377
2003-07-09,18.06598472595215,18.156997680664062,17.155858993530273,17.246871948242188,8480174
2003-07-10,17.474403381347656,17.92946434020996,17.292377471923828,17.65642738342285,6723097
2003-07-11,17.565414428710938,17.83845329284668,17.292377471923828,17.61092185974121,3713709
2003-07-14,17.292377471923828,18.020477294921875,17.201364517211914,17.88395881652832,4977843
2003-07-15,16.79180908203125,17.747440338134766,16.700796127319336,17.747440338134766,6705957
2003-07-16,16.56427764892578,18.202503204345703,16.109214782714844,16.88282012939453,4660963
2003-07-17,15.017065048217773,16.154720306396484,14.92605209350586,15.927189826965332,6969657
2003-07-18,14.971558570861816,15.426621437072754,13.651877403259277,15.335609436035156,7247421
2003-07-21,14.379977226257324,14.880545616149902,14.152445793151855,14.835040092468262,4563548
2003-07-22,14.470990180969238,15.062570571899414,14.379977226257324,14.92605209350586,8039532
2003-07-23,14.65301513671875,14.789533615112305,14.334470748901367,14.65301513671875,4647515
2003-07-24,14.334470748901367,15.017065048217773,14.152445793151855,14.971558570861816,5874247
2003-07-25,12.969283103942871,13.060296058654785,11.831626892089844,12.696246147155762,23829229
2003-07-28,13.242321014404297,13.469852447509766,12.923776626586914,13.060296058654785,8104688
2003-07-29,13.651877403259277,13.87940788269043,13.014789581298828,13.378840446472168,8508610
2003-07-30,13.424345970153809,13.833902359008789,13.060296058654785,13.742890357971191,4944749
2003-07-31,13.697382926940918,14.288965225219727,13.19681453704834,13.788395881652832,5898617
2003-08-01,14.106940269470215,14.425483703613281,13.469852447509766,13.697382926940918,5586375
2003-08-04,14.288965225219727,14.425483703613281,13.788395881652832,14.106940269470215,5472302
2003-08-05,13.651877403259277,14.288965225219727,13.515357971191406,14.243457794189453,6384617
2003-08-06,13.378840446472168,13.833902359008789,13.19681453704834,13.469852447509766,4120488
2003-08-07,13.151308059692383,13.56086540222168,12.832764625549316,13.424345970153809,4850278
2003-08-08,13.151308059692383,13.651877403259277,13.014789581298828,13.515357971191406,4220013
2003-08-11,13.287826538085938,13.469852447509766,12.969283103942871,13.19681453704834,2852531
2003-08-12,13.242321014404297,13.469852447509766,12.878271102905273,13.333333015441895,5449910
2003-08-13,13.60637092590332,13.788395881652832,13.151308059692383,13.469852447509766,5330168
2003-08-14,13.87940788269043,14.106940269470215,13.60637092590332,13.742890357971191,3861051
2003-08-15,13.833902359008789,14.061432838439941,13.56086540222168,13.788395881652832,1247521
2003-08-18,14.061432838439941,14.243457794189453,13.788395881652832,13.87940788269043,3779326
2003-08-19,14.789533615112305,14.835040092468262,13.833902359008789,14.152445793151855,6985523
2003-08-20,14.516495704650879,14.971558570861816,14.288965225219727,14.516495704650879,6008075
2003-08-21,15.927189826965332,15.972696304321289,14.789533615112305,14.789533615112305,12793823
2003-08-22,15.426621437072754,16.700796127319336,15.290102005004883,16.518770217895508,6955681
2003-08-25,15.290102005004883,15.381114959716797,14.835040092468262,15.290102005004883,4440400
2003-08-26,15.472126960754395,15.517634391784668,14.69852066040039,15.335609436035156,3823936
2003-08-27,15.972696304321289,16.109214782714844,15.381114959716797,15.472126960754395,5925888
2003-08-28,15.927189826965332,16.2457332611084,15.517634391784668,16.109214782714844,5103364
2003-08-29,15.69965934753418,16.018203735351562,15.563139915466309,15.881684303283691,3554061
2003-09-02,15.881684303283691,15.972696304321289,15.290102005004883,15.654151916503906,6323724
2003-09-03,16.336746215820312,16.83731460571289,15.972696304321289,16.154720306396484,12023160
2003-09-04,16.79180908203125,17.201364517211914,16.154720306396484,16.518770217895508,9365262
2003-09-05,17.3378849029541,17.747440338134766,16.700796127319336,16.83731460571289,8736667
2003-09-08,18.248008728027344,18.339021682739258,17.474403381347656,17.519908905029297,10929464
2003-09-09,19.112628936767578,20.02275276184082,18.88509750366211,19.385665893554688,19912405
2003-09-10,17.974971771240234,19.02161407470703,17.79294776916504,18.839590072631836,11757086
2003-09-11,18.521047592163086,18.657564163208008,17.83845329284668,18.156997680664062,8929014
2003-09-12,18.248008728027344,18.3845272064209,17.92946434020996,18.339021682739258,5016783
2003-09-15,18.06598472595215,18.566553115844727,17.974971771240234,18.430034637451172,5342606
2003-09-16,18.93060302734375,19.067121505737305,18.202503204345703,18.202503204345703,7100452
2003-09-17,18.3845272064209,19.112628936767578,18.293514251708984,18.93060302734375,7638092
2003-09-18,18.657564163208008,18.88509750366211,18.202503204345703,18.3845272064209,5056931
2003-09-19,18.70307159423828,19.112628936767578,18.566553115844727,18.97610855102539,5163026
2003-09-22,18.202503204345703,18.430034637451172,18.020477294921875,18.202503204345703,5484762
2003-09-23,18.475540161132812,18.794084548950195,18.248008728027344,18.475540161132812,4595917
2003-09-24,17.519908905029297,18.612058639526367,17.474403381347656,18.430034637451172,7356549
2003-09-25,17.155858993530273,17.88395881652832,17.06484603881836,17.747440338134766,6167767
2003-09-26,16.56427764892578,17.110353469848633,16.2457332611084,17.06484603881836,7345803
2003-09-29,17.201364517211914,17.428895950317383,16.473264694213867,16.973833084106445,5844603
2003-09-30,16.382253646850586,17.246871948242188,16.291240692138672,16.928327560424805,5155027
2003-10-01,16.700796127319336,16.83731460571289,16.427759170532227,16.609783172607422,4433808
2003-10-02,16.56427764892578,16.74630355834961,16.427759170532227,16.700796127319336,2838774
2003-10-03,17.246871948242188,17.519908905029297,17.06484603881836,17.246871948242188,6021370
2003-10-06,17.3378849029541,17.519908905029297,17.06484603881836,17.3378849029541,3098277
2003-10-07,17.428895950317383,17.519908905029297,16.88282012939453,17.201364517211914,3636247
2003-10-08,17.474403381347656,17.92946434020996,17.3378849029541,17.65642738342285,3833099
2003-10-09,17.61092185974121,18.020477294921875,17.474403381347656,17.92946434020996,5800917
2003-10-10,17.83845329284668,17.88395881652832,17.474403381347656,17.65642738342285,4174349
2003-10-13,17.83845329284668,18.202503204345703,17.61092185974121,17.974971771240234,3606581
2003-10-14,18.248008728027344,18.3845272064209,17.92946434020996,17.92946434020996,2902084
2003-10-15,17.88395881652832,18.475540161132812,17.747440338134766,18.293514251708984,2673127
2003-10-16,18.293514251708984,18.293514251708984,17.565414428710938,17.61092185974121,3616733
2003-10-17,17.701934814453125,18.521047592163086,17.61092185974121,18.11149024963379,3126120
2003-10-20,17.3378849029541,17.519908905029297,16.973833084106445,17.428895950317383,5561411
2003-10-21,17.06484603881836,17.383390426635742,16.928327560424805,17.292377471923828,6304474
2003-10-22,17.01934051513672,17.06484603881836,16.700796127319336,16.88282012939453,4930003
2003-10-23,17.201364517211914,17.474403381347656,16.83731460571289,16.928327560424805,6601488
2003-10-24,16.382253646850586,16.518770217895508,15.199090003967285,16.291240692138672,13854534
2003-10-27,16.291240692138672,16.928327560424805,16.109214782714844,16.700796127319336,5040164
2003-10-28,15.790671348571777,15.881684303283691,15.290102005004883,15.381114959716797,40637862
2003-10-29,15.927189826965332,16.109214782714844,15.563139915466309,15.654151916503906,11997251
2003-10-30,15.972696304321289,16.427759170532227,15.74516487121582,16.200227737426758,12061792
2003-10-31,16.063709259033203,16.2457332611084,15.836176872253418,16.2457332611084,6550330
2003-11-03,16.382253646850586,16.473264694213867,16.154720306396484,16.291240692138672,10273422
2003-11-04,16.109214782714844,16.473264694213867,15.972696304321289,16.336746215820312,9202625
2003-11-05,16.109214782714844,16.336746215820312,15.790671348571777,16.336746215820312,9178892
2003-11-06,16.018203735351562,16.291240692138672,15.790671348571777,16.200227737426758,8511445
2003-11-07,15.881684303283691,16.336746215820312,15.836176872253418,16.2457332611084,7181298
2003-11-10,15.927189826965332,16.154720306396484,15.69965934753418,15.881684303283691,5882993
2003-11-11,15.69965934753418,16.018203735351562,15.517634391784668,15.836176872253418,6188138
2003-11-12,15.927189826965332,16.018203735351562,15.517634391784668,15.608646392822266,5566355
2003-11-13,15.654151916503906,15.927189826965332,15.472126960754395,15.74516487121582,4823095
2003-11-14,15.290102005004883,15.836176872253418,15.244595527648926,15.563139915466309,5659485
2003-11-17,14.607508659362793,15.335609436035156,14.470990180969238,15.290102005004883,6620474
2003-11-18,14.243457794189453,15.153583526611328,13.924915313720703,14.789533615112305,12080119
2003-11-19,15.199090003967285,15.472126960754395,14.243457794189453,14.334470748901367,13725893
2003-11-20,14.92605209350586,15.563139915466309,14.835040092468262,14.971558570861816,11323234
2003-11-21,15.017065048217773,15.290102005004883,14.789533615112305,15.199090003967285,6774475
2003-11-24,15.69965934753418,15.790671348571777,15.108077049255371,15.290102005004883,7288294
2003-11-25,15.608646392822266,15.972696304321289,15.608646392822266,15.790671348571777,5209108
2003-11-26,15.74516487121582,15.927189826965332,15.335609436035156,15.836176872253418,2648954
2003-11-28,15.654151916503906,15.790671348571777,15.472126960754395,15.654151916503906,1420156
2003-12-01,15.608646392822266,15.881684303283691,15.472126960754395,15.74516487121582,4535508
2003-12-02,15.290102005004883,15.608646392822266,15.199090003967285,15.517634391784668,5311687
2003-12-03,15.290102005004883,15.790671348571777,15.244595527648926,15.335609436035156,9389148
2003-12-04,15.426621437072754,15.654151916503906,15.199090003967285,15.244595527648926,4681774
2003-12-05,15.244595527648926,15.608646392822266,15.108077049255371,15.199090003967285,5736310
2003-12-08,15.290102005004883,15.472126960754395,14.69852066040039,15.199090003967285,3817255
2003-12-09,14.789533615112305,15.426621437072754,14.789533615112305,15.381114959716797,3854041
2003-12-10,14.69852066040039,15.062570571899414,14.516495704650879,14.835040092468262,4451080
2003-12-11,15.381114959716797,15.472126960754395,14.744027137756348,14.835040092468262,4752907
2003-12-12,15.69965934753418,15.74516487121582,15.472126960754395,15.654151916503906,4550825
2003-12-15,15.426621437072754,16.109214782714844,15.381114959716797,16.018203735351562,4882647
2003-12-16,15.472126960754395,15.654151916503906,15.108077049255371,15.335609436035156,7630687
2003-12-17,15.290102005004883,15.563139915466309,14.789533615112305,15.563139915466309,3821057
2003-12-18,15.381114959716797,15.472126960754395,15.199090003967285,15.290102005004883,4383551
2003-12-19,15.244595527648926,15.69965934753418,15.199090003967285,15.517634391784668,5264353
2003-12-22,15.199090003967285,15.426621437072754,15.062570571899414,15.108077049255371,3628270
2003-12-23,15.381114959716797,15.426621437072754,15.199090003967285,15.335609436035156,3277571
2003-12-24,15.290102005004883,15.472126960754395,15.244595527648926,15.472126960754395,1325356
2003-12-26,15.335609436035156,15.654151916503906,15.290102005004883,15.381114959716797,1039000
2003-12-29,15.517634391784668,15.69965934753418,15.290102005004883,15.426621437072754,6086504
2003-12-30,16.2457332611084,16.74630355834961,15.472126960754395,15.563139915466309,12904247
2003-12-31,16.56427764892578,16.88282012939453,16.2457332611084,16.2457332611084,8657974
2004-01-02,17.246871948242188,17.383390426635742,16.700796127319336,16.700796127319336,8130464
2004-01-05,17.747440338134766,17.83845329284668,17.246871948242188,17.61092185974121,9789928
2004-01-06,17.65642738342285,17.88395881652832,17.383390426635742,17.79294776916504,8311516
2004-01-07,18.202503204345703,18.430034637451172,17.519908905029297,17.701934814453125,18375539
2004-01-08,19.203641891479492,19.340158462524414,18.293514251708984,18.612058639526367,21056753
2004-01-09,19.658702850341797,20.932878494262695,18.293514251708984,18.794084548950195,24439123
2004-01-12,20.25028419494629,20.386802673339844,19.658702850341797,20.06825828552246,11564981
2004-01-13,19.97724723815918,21.160409927368164,19.93174171447754,20.295791625976562,16740753
2004-01-14,20.477815628051758,20.705347061157227,20.02275276184082,20.341297149658203,11449942
2004-01-15,20.341297149658203,20.614334106445312,19.93174171447754,20.341297149658203,8977710
2004-01-16,23.526735305786133,23.7542667388916,21.251422882080078,21.387941360473633,29202885
2004-01-20,26.075084686279297,26.803184509277344,24.573379516601562,26.712173461914062,40273319
2004-01-21,24.48236656188965,25.07394790649414,23.708759307861328,25.028440475463867,20282134
2004-01-22,22.525596618652344,24.664390563964844,22.34357261657715,24.52787208557129,18895533
2004-01-23,21.979522705078125,22.434585571289062,21.660978317260742,21.979522705078125,18922760
2004-01-26,23.7542667388916,23.845279693603516,22.07053565979004,22.07053565979004,14773551
2004-01-27,22.889646530151367,24.573379516601562,22.889646530151367,24.163822174072266,20290287
2004-01-28,22.93515396118164,23.890785217285156,22.38907814025879,23.845279693603516,16396053
2004-01-29,22.480091094970703,23.7542667388916,21.843002319335938,23.708759307861328,20846298
2004-01-30,23.20819091796875,23.481229782104492,22.707622528076172,23.390216827392578,13489705
2004-02-02,23.20819091796875,23.845279693603516,22.98065948486328,23.43572235107422,13963486
2004-02-03,22.98065948486328,23.43572235107422,22.93515396118164,23.071672439575195,9706731
2004-02-04,21.660978317260742,22.753128051757812,21.6154727935791,22.34357261657715,13474433
2004-02-05,21.569965362548828,22.434585571289062,21.387941360473633,21.979522705078125,11348461
2004-02-06,22.252559661865234,22.34357261657715,21.478952407836914,21.93401527404785,9361768
2004-02-09,22.38907814025879,22.98065948486328,22.298065185546875,22.98065948486328,7417683
2004-02-10,22.753128051757812,22.753128051757812,22.16154670715332,22.16154670715332,6993236
2004-02-11,22.93515396118164,23.390216827392578,22.434585571289062,22.616609573364258,10590016
2004-02-12,22.480091094970703,23.390216827392578,22.434585571289062,22.98065948486328,6887448
2004-02-13,21.88850975036621,22.889646530151367,21.88850975036621,22.571104049682617,4996961
2004-02-17,23.20819091796875,23.20819091796875,22.252559661865234,22.480091094970703,8140177
2004-02-18,23.11717987060547,23.572240829467773,22.889646530151367,23.16268539428711,10486646
2004-02-19,22.34357261657715,23.845279693603516,22.298065185546875,23.708759307861328,10657699
2004-02-20,22.6621150970459,22.98065948486328,22.34357261657715,22.6621150970459,11819495
2004-02-23,22.753128051757812,23.11717987060547,22.07053565979004,22.889646530151367,15678921
2004-02-24,21.843002319335938,22.93515396118164,21.569965362548828,22.434585571289062,13388708
2004-02-25,21.6154727935791,22.11604118347168,21.478952407836914,21.88850975036621,8594181
2004-02-26,22.20705223083496,22.38907814025879,21.524459838867188,21.6154727935791,5902639
2004-02-27,21.979522705078125,22.707622528076172,21.797496795654297,22.34357261657715,7563246
2004-03-01,22.434585571289062,22.525596618652344,21.93401527404785,22.252559661865234,5705677
2004-03-02,21.93401527404785,22.616609573364258,21.88850975036621,22.434585571289062,7333453
2004-03-03,22.16154670715332,22.34357261657715,21.843002319335938,21.88850975036621,6483416
2004-03-04,22.16154670715332,22.298065185546875,21.93401527404785,22.16154670715332,4246097
2004-03-05,21.797496795654297,22.34357261657715,21.751991271972656,21.843002319335938,5421804
2004-03-08,21.06939697265625,22.16154670715332,20.932878494262695,21.843002319335938,7839911
2004-03-09,20.5233211517334,21.342435836791992,20.341297149658203,20.887371063232422,10980050
2004-03-10,20.113765716552734,21.02389144897461,19.340158462524414,20.5233211517334,9875323
2004-03-11,19.02161407470703,19.97724723815918,18.93060302734375,19.15813446044922,9937864
2004-03-12,19.79522132873535,19.93174171447754,19.340158462524414,19.385665893554688,7764932
2004-03-15,18.566553115844727,19.704208374023438,18.430034637451172,19.567691802978516,7588253
2004-03-16,18.657564163208008,19.112628936767578,18.202503204345703,18.88509750366211,8298727
2004-03-17,18.88509750366211,19.112628936767578,18.794084548950195,18.794084548950195,5103408
2004-03-18,18.475540161132812,18.839590072631836,18.339021682739258,18.748577117919922,4667578
2004-03-19,18.202503204345703,18.70307159423828,18.11149024963379,18.521047592163086,5766987
2004-03-22,18.293514251708984,18.475540161132812,17.747440338134766,17.92946434020996,12992543
2004-03-23,18.020477294921875,18.748577117919922,18.020477294921875,18.566553115844727,6652338
2004-03-24,18.06598472595215,18.339021682739258,17.519908905029297,18.06598472595215,10134760
2004-03-25,19.02161407470703,19.02161407470703,18.293514251708984,18.430034637451172,7949764
2004-03-26,18.88509750366211,19.340158462524414,18.748577117919922,18.839590072631836,5066886
2004-03-29,19.249147415161133,19.522184371948242,18.97610855102539,19.15813446044922,4691970
2004-03-30,18.839590072631836,19.249147415161133,18.566553115844727,19.02161407470703,7849668
2004-03-31,18.521047592163086,18.88509750366211,18.521047592163086,18.839590072631836,7602361
2004-04-01,19.02161407470703,19.067121505737305,18.521047592163086,18.657564163208008,5651531
2004-04-02,20.02275276184082,20.25028419494629,19.4766788482666,19.840728759765625,9736859
2004-04-05,20.386802673339844,20.614334106445312,20.06825828552246,20.113765716552734,6852992
2004-04-06,19.704208374023438,20.06825828552246,19.613197326660156,19.886234283447266,4102403
2004-04-07,19.74971580505371,20.159271240234375,19.02161407470703,19.4766788482666,7071995
2004-04-08,19.658702850341797,20.295791625976562,19.4766788482666,20.25028419494629,4934376
2004-04-12,19.79522132873535,19.840728759765625,19.340158462524414,19.522184371948242,3592671
2004-04-13,19.4766788482666,20.02275276184082,19.15813446044922,19.840728759765625,4528190
2004-04-14,19.340158462524414,19.567691802978516,19.02161407470703,19.112628936767578,2487196
2004-04-15,18.612058639526367,19.4766788482666,18.339021682739258,19.4766788482666,7043669
2004-04-16,18.11149024963379,18.748577117919922,18.020477294921875,18.70307159423828,3829649
2004-04-19,18.748577117919922,18.839590072631836,17.974971771240234,18.202503204345703,5096003
2004-04-20,18.11149024963379,18.93060302734375,17.88395881652832,18.657564163208008,6307155
2004-04-21,18.248008728027344,18.612058639526367,17.747440338134766,18.202503204345703,6011986
2004-04-22,18.521047592163086,18.97610855102539,17.88395881652832,17.92946434020996,6820381
2004-04-23,19.340158462524414,19.385665893554688,18.70307159423828,18.88509750366211,6279928
2004-04-26,19.02161407470703,19.567691802978516,18.794084548950195,19.4766788482666,4634835
2004-04-27,18.339021682739258,19.431171417236328,18.293514251708984,19.067121505737305,6912104
2004-04-28,17.565414428710938,18.202503204345703,17.246871948242188,18.156997680664062,9763141
2004-04-29,14.789533615112305,16.2457332611084,14.562002182006836,15.563139915466309,27642880
2004-04-30,13.788395881652832,15.199090003967285,13.697382926940918,15.108077049255371,10859210
2004-05-03,14.061432838439941,14.92605209350586,13.924915313720703,14.243457794189453,10947308
2004-05-04,14.425483703613281,14.65301513671875,13.970420837402344,14.334470748901367,8421128
2004-05-05,14.789533615112305,15.244595527648926,14.516495704650879,14.562002182006836,9601625
2004-05-06,14.152445793151855,14.69852066040039,14.106940269470215,14.562002182006836,7872522
2004-05-07,14.197952270507812,14.607508659362793,14.152445793151855,14.197952270507812,5213635
2004-05-10,14.152445793151855,14.243457794189453,13.697382926940918,14.106940269470215,6364048
2004-05-11,14.379977226257324,14.65301513671875,14.197952270507812,14.334470748901367,4606927
2004-05-12,14.243457794189453,14.379977226257324,13.87940788269043,14.334470748901367,6595752
2004-05-13,14.379977226257324,14.516495704650879,14.0159273147583,14.152445793151855,3321983
2004-05-14,14.197952270507812,14.379977226257324,14.0159273147583,14.379977226257324,4450860
2004-05-17,13.56086540222168,13.924915313720703,13.378840446472168,13.87940788269043,8008459
2004-05-18,13.788395881652832,14.061432838439941,13.60637092590332,13.788395881652832,4314308
2004-05-19,13.87940788269043,14.562002182006836,13.833902359008789,14.379977226257324,5125449
2004-05-20,13.833902359008789,14.379977226257324,13.833902359008789,14.243457794189453,4265150
2004-05-21,14.061432838439941,14.288965225219727,13.87940788269043,14.197952270507812,3067688
2004-05-24,14.106940269470215,14.425483703613281,14.061432838439941,14.288965225219727,3089202
2004-05-25,14.379977226257324,14.516495704650879,13.924915313720703,14.152445793151855,4319120
2004-05-26,15.153583526611328,15.199090003967285,14.243457794189453,14.379977226257324,5156807
2004-05-27,15.244595527648926,15.69965934753418,15.153583526611328,15.381114959716797,6186028
2004-05-28,15.335609436035156,15.69965934753418,14.92605209350586,15.244595527648926,2642142
2004-06-01,15.244595527648926,15.654151916503906,15.017065048217773,15.108077049255371,3291218
2004-06-02,15.062570571899414,15.426621437072754,15.017065048217773,15.381114959716797,4246317
2004-06-03,14.744027137756348,15.199090003967285,14.744027137756348,15.108077049255371,3119044
2004-06-04,14.880545616149902,15.290102005004883,14.835040092468262,15.199090003967285,3243378
2004-06-07,15.335609436035156,15.335609436035156,14.971558570861816,15.199090003967285,4476483
2004-06-08,15.472126960754395,15.472126960754395,15.062570571899414,15.244595527648926,4727284
2004-06-09,14.789533615112305,15.381114959716797,14.744027137756348,15.335609436035156,5315115
2004-06-10,15.244595527648926,15.244595527648926,14.880545616149902,14.92605209350586,4787627
2004-06-14,14.69852066040039,15.153583526611328,14.562002182006836,14.92605209350586,3025100
2004-06-15,15.244595527648926,15.290102005004883,14.835040092468262,15.017065048217773,6089075
2004-06-16,15.426621437072754,15.426621437072754,15.062570571899414,15.199090003967285,2939024
2004-06-17,14.835040092468262,15.335609436035156,14.744027137756348,15.244595527648926,5081982
2004-06-18,14.69852066040039,15.108077049255371,14.379977226257324,14.789533615112305,4500150
2004-06-21,14.562002182006836,14.92605209350586,14.516495704650879,14.880545616149902,2698200
2004-06-22,16.291240692138672,16.427759170532227,14.65301513671875,14.65301513671875,13476345
2004-06-23,17.292377471923828,17.383390426635742,16.473264694213867,16.56427764892578,14761157
2004-06-24,16.79180908203125,17.383390426635742,16.609783172607422,17.383390426635742,7173233
2004-06-25,17.383390426635742,17.519908905029297,16.74630355834961,16.83731460571289,6546924
2004-06-28,17.3378849029541,17.92946434020996,17.06484603881836,17.65642738342285,8413634
2004-06-29,17.428895950317383,17.565414428710938,16.88282012939453,17.383390426635742,7904605
2004-06-30,17.246871948242188,17.79294776916504,16.973833084106445,17.519908905029297,7489366
2004-07-01,16.427759170532227,17.292377471923828,16.382253646850586,17.201364517211914,5897233
2004-07-02,16.154720306396484,16.655290603637695,16.154720306396484,16.56427764892578,3741200
2004-07-06,15.290102005004883,16.063709259033203,15.244595527648926,16.018203735351562,7465677
2004-07-07,15.563139915466309,15.836176872253418,15.244595527648926,15.335609436035156,4129608
2004-07-08,14.971558570861816,15.517634391784668,14.92605209350586,15.472126960754395,4632242
2004-07-09,15.290102005004883,15.290102005004883,14.971558570861816,15.199090003967285,3246543
2004-07-12,14.880545616149902,15.199090003967285,14.744027137756348,15.153583526611328,4291322
2004-07-13,14.789533615112305,15.062570571899414,14.69852066040039,14.971558570861816,3155610
2004-07-14,14.971558570861816,15.790671348571777,14.65301513671875,14.744027137756348,7496837
2004-07-15,14.69852066040039,15.426621437072754,14.607508659362793,15.062570571899414,6576239
2004-07-16,14.379977226257324,14.971558570861816,14.197952270507812,14.880545616149902,6568723
2004-07-19,14.197952270507812,14.65301513671875,13.924915313720703,14.562002182006836,5870292
2004-07-20,14.971558570861816,15.062570571899414,14.334470748901367,14.516495704650879,4272687
2004-07-21,14.152445793151855,15.290102005004883,14.152445793151855,14.971558570861816,5753407
2004-07-22,14.152445793151855,14.470990180969238,13.924915313720703,14.152445793151855,5157027
2004-07-23,13.788395881652832,14.197952270507812,13.742890357971191,14.061432838439941,4570646
2004-07-26,13.697382926940918,14.0159273147583,13.424345970153809,13.87940788269043,6987786
2004-07-27,13.788395881652832,13.970420837402344,13.469852447509766,13.87940788269043,6295684
2004-07-28,13.651877403259277,13.833902359008789,12.923776626586914,13.651877403259277,9022539
2004-07-29,15.654151916503906,16.2457332611084,14.789533615112305,14.971558570861816,17713938
2004-07-30,15.69965934753418,15.927189826965332,15.381114959716797,15.608646392822266,8326152
2004-08-02,15.790671348571777,15.790671348571777,15.108077049255371,15.244595527648926,6863188
2004-08-03,15.108077049255371,15.74516487121582,15.062570571899414,15.654151916503906,8602751
2004-08-04,15.244595527648926,15.426621437072754,14.789533615112305,14.880545616149902,5495266
2004-08-05,14.835040092468262,15.608646392822266,14.789533615112305,15.244595527648926,6678510
2004-08-06,13.970420837402344,14.789533615112305,13.924915313720703,14.69852066040039,5853613
2004-08-09,13.970420837402344,14.425483703613281,13.924915313720703,14.197952270507812,4253481
2004-08-10,14.562002182006836,14.744027137756348,14.152445793151855,14.197952270507812,5291338
2004-08-11,14.061432838439941,14.288965225219727,13.87940788269043,14.243457794189453,6945550
2004-08-12,13.924915313720703,14.0159273147583,13.742890357971191,13.87940788269043,4623408
2004-08-13,13.515357971191406,14.152445793151855,13.287826538085938,14.106940269470215,5631665
2004-08-16,13.970420837402344,14.243457794189453,13.60637092590332,13.697382926940918,5228907
2004-08-17,14.152445793151855,14.425483703613281,13.87940788269043,14.152445793151855,5128460
2004-08-18,14.744027137756348,14.835040092468262,13.924915313720703,14.061432838439941,5206888
2004-08-19,14.379977226257324,14.880545616149902,14.243457794189453,14.835040092468262,3896629
2004-08-20,14.562002182006836,14.69852066040039,14.152445793151855,14.243457794189453,2609443
2004-08-23,14.425483703613281,14.789533615112305,14.379977226257324,14.69852066040039,2209147
2004-08-24,14.197952270507812,14.69852066040039,13.970420837402344,14.607508659362793,2986007
2004-08-25,14.562002182006836,14.607508659362793,14.061432838439941,14.334470748901367,2728350
2004-08-26,14.152445793151855,14.562002182006836,14.152445793151855,14.516495704650879,2604675
2004-08-27,14.152445793151855,14.425483703613281,14.106940269470215,14.334470748901367,2256569
2004-08-30,13.970420837402344,14.243457794189453,13.924915313720703,14.106940269470215,1905320
2004-08-31,14.152445793151855,14.243457794189453,13.742890357971191,14.0159273147583,7691382
2004-09-01,14.243457794189453,14.470990180969238,14.061432838439941,14.152445793151855,3634467
2004-09-02,14.197952270507812,14.334470748901367,14.106940269470215,14.243457794189453,3549138
2004-09-03,13.87940788269043,14.197952270507812,13.833902359008789,14.106940269470215,3947545
2004-09-07,14.0159273147583,14.197952270507812,13.924915313720703,14.061432838439941,3224194
2004-09-08,13.833902359008789,14.197952270507812,13.833902359008789,13.970420837402344,3134558
2004-09-09,14.880545616149902,15.153583526611328,14.152445793151855,14.288965225219727,6950934
2004-09-10,15.517634391784668,15.654151916503906,14.789533615112305,15.153583526611328,6348358
2004-09-13,16.018203735351562,16.700796127319336,15.517634391784668,16.018203735351562,9948500
2004-09-14,15.927189826965332,16.473264694213867,15.654151916503906,15.927189826965332,5979859
2004-09-15,15.74516487121582,16.609783172607422,15.608646392822266,15.74516487121582,6872176
2004-09-16,15.790671348571777,16.2457332611084,15.563139915466309,15.69965934753418,5369152
2004-09-17,15.881684303283691,16.154720306396484,15.69965934753418,15.881684303283691,5018431
2004-09-20,15.790671348571777,16.609783172607422,15.563139915466309,15.654151916503906,6268940
2004-09-21,16.200227737426758,16.2457332611084,15.836176872253418,15.927189826965332,3378480
2004-09-22,15.517634391784668,16.109214782714844,15.381114959716797,15.881684303283691,3199538
2004-09-23,15.608646392822266,15.836176872253418,15.335609436035156,15.608646392822266,2909995
2004-09-24,15.244595527648926,15.881684303283691,15.062570571899414,15.517634391784668,2857629
2004-09-27,14.92605209350586,15.244595527648926,14.880545616149902,15.108077049255371,2858069
2004-09-28,14.789533615112305,15.290102005004883,14.607508659362793,15.062570571899414,3964620
2004-09-29,15.108077049255371,15.290102005004883,14.744027137756348,14.880545616149902,2806647
2004-09-30,15.335609436035156,15.335609436035156,14.92605209350586,15.108077049255371,3833143
2004-10-01,15.608646392822266,15.972696304321289,15.335609436035156,15.381114959716797,4310352
2004-10-04,15.517634391784668,15.972696304321289,15.426621437072754,15.927189826965332,2755226
2004-10-05,15.244595527648926,15.472126960754395,15.017065048217773,15.381114959716797,5318148
2004-10-06,15.74516487121582,15.790671348571777,14.789533615112305,15.199090003967285,6027896
2004-10-07,15.153583526611328,15.608646392822266,15.017065048217773,15.563139915466309,4028391
2004-10-08,14.744027137756348,15.199090003967285,14.562002182006836,14.92605209350586,4318307
2004-10-11,14.835040092468262,14.971558570861816,14.69852066040039,14.789533615112305,2538618
2004-10-12,14.516495704650879,14.789533615112305,14.516495704650879,14.69852066040039,2984908
2004-10-13,14.607508659362793,14.880545616149902,14.425483703613281,14.789533615112305,3780425
2004-10-14,14.789533615112305,15.244595527648926,14.379977226257324,14.562002182006836,4858826
2004-10-15,15.062570571899414,15.381114959716797,14.789533615112305,14.835040092468262,4107128
2004-10-18,15.290102005004883,15.335609436035156,14.835040092468262,15.199090003967285,5424705
2004-10-19,15.017065048217773,15.472126960754395,14.334470748901367,15.335609436035156,4805273
2004-10-20,15.108077049255371,15.290102005004883,14.334470748901367,15.108077049255371,4235681
2004-10-21,16.200227737426758,16.200227737426758,15.244595527648926,15.426621437072754,9805575
2004-10-22,15.426621437072754,16.336746215820312,15.290102005004883,16.154720306396484,4997225
2004-10-25,15.517634391784668,15.836176872253418,15.381114959716797,15.472126960754395,7267330
2004-10-26,15.426621437072754,15.790671348571777,15.017065048217773,15.69965934753418,7321367
2004-10-27,15.972696304321289,16.109214782714844,14.92605209350586,15.199090003967285,6651613
2004-10-28,14.288965225219727,14.607508659362793,13.87940788269043,14.470990180969238,17569078
2004-10-29,14.425483703613281,14.516495704650879,14.243457794189453,14.334470748901367,5848954
2004-11-01,14.243457794189453,14.562002182006836,14.243457794189453,14.470990180969238,4572910
2004-11-02,14.334470748901367,14.470990180969238,14.106940269470215,14.379977226257324,6736612
2004-11-03,14.243457794189453,14.65301513671875,14.152445793151855,14.470990180969238,5863413
2004-11-04,14.334470748901367,14.379977226257324,14.197952270507812,14.288965225219727,3946864
2004-11-05,14.379977226257324,14.470990180969238,14.152445793151855,14.425483703613281,5426792
2004-11-08,14.379977226257324,14.470990180969238,14.288965225219727,14.379977226257324,2985260
2004-11-09,14.288965225219727,14.470990180969238,14.288965225219727,14.334470748901367,3294514
2004-11-10,14.243457794189453,14.470990180969238,14.152445793151855,14.379977226257324,3529383
2004-11-11,14.425483703613281,14.470990180969238,14.243457794189453,14.288965225219727,5588880
2004-11-12,14.334470748901367,14.470990180969238,14.243457794189453,14.379977226257324,7099178
2004-11-15,14.744027137756348,14.744027137756348,14.243457794189453,14.288965225219727,5917626
2004-11-16,14.470990180969238,14.789533615112305,14.379977226257324,14.69852066040039,3905089
2004-11-17,14.516495704650879,14.880545616149902,14.470990180969238,14.607508659362793,4824260
2004-11-18,14.69852066040039,14.69852066040039,14.470990180969238,14.470990180969238,5531811
2004-11-19,14.288965225219727,14.789533615112305,14.288965225219727,14.789533615112305,4353797
2004-11-22,14.379977226257324,14.516495704650879,14.243457794189453,14.334470748901367,5660430
2004-11-23,14.243457794189453,14.470990180969238,14.197952270507812,14.379977226257324,3228809
2004-11-24,14.243457794189453,14.334470748901367,14.197952270507812,14.334470748901367,4757390
2004-11-26,14.379977226257324,14.470990180969238,14.288965225219727,14.334470748901367,2701716
2004-11-29,14.334470748901367,14.69852066040039,14.288965225219727,14.470990180969238,4461101
2004-11-30,14.425483703613281,14.516495704650879,14.334470748901367,14.379977226257324,4918225
2004-12-01,14.516495704650879,14.789533615112305,14.379977226257324,14.562002182006836,8924113
2004-12-02,14.334470748901367,14.65301513671875,14.197952270507812,14.470990180969238,7810003
2004-12-03,14.425483703613281,14.516495704650879,14.288965225219727,14.425483703613281,8286465
2004-12-06,14.288965225219727,14.379977226257324,14.197952270507812,14.334470748901367,8213420
2004-12-07,13.970420837402344,14.334470748901367,13.924915313720703,14.334470748901367,7618908
2004-12-08,14.0159273147583,14.106940269470215,13.833902359008789,14.106940269470215,4514039
2004-12-09,14.106940269470215,14.334470748901367,13.833902359008789,14.197952270507812,9035922
2004-12-10,14.288965225219727,14.334470748901367,14.061432838439941,14.197952270507812,5113165
2004-12-13,14.197952270507812,14.607508659362793,14.0159273147583,14.425483703613281,7146468
2004-12-14,14.0159273147583,14.197952270507812,13.87940788269043,14.106940269470215,7278296
2004-12-15,14.0159273147583,14.152445793151855,13.87940788269043,14.061432838439941,5942304
2004-12-16,13.87940788269043,14.243457794189453,13.788395881652832,14.061432838439941,6319109
2004-12-17,13.970420837402344,14.061432838439941,13.833902359008789,13.87940788269043,6516796
2004-12-20,13.970420837402344,14.152445793151855,13.87940788269043,14.061432838439941,5722927
2004-12-21,13.833902359008789,14.106940269470215,13.742890357971191,14.0159273147583,8532189
2004-12-22,13.87940788269043,13.970420837402344,13.515357971191406,13.833902359008789,8546869
2004-12-23,13.833902359008789,14.0159273147583,13.788395881652832,13.924915313720703,7526679
2004-12-27,13.788395881652832,14.0159273147583,13.742890357971191,13.970420837402344,6711758
2004-12-28,13.833902359008789,13.924915313720703,13.742890357971191,13.924915313720703,6251602
2004-12-29,14.516495704650879,14.562002182006836,13.742890357971191,13.87940788269043,12609980
2004-12-30,14.516495704650879,14.65301513671875,14.243457794189453,14.470990180969238,9590373
2004-12-31,14.425483703613281,14.607508659362793,14.288965225219727,14.516495704650879,5907100
2005-01-03,14.243457794189453,14.835040092468262,14.197952270507812,14.562002182006836,8268094
2005-01-04,13.87940788269043,14.562002182006836,13.87940788269043,14.288965225219727,13670560
2005-01-05,13.56086540222168,14.152445793151855,13.56086540222168,14.061432838439941,10631681
2005-01-06,13.469852447509766,13.788395881652832,13.469852447509766,13.742890357971191,4568163
2005-01-07,13.333333015441895,13.60637092590332,13.242321014404297,13.469852447509766,5225611
2005-01-10,13.19681453704834,13.469852447509766,13.105801582336426,13.333333015441895,6111621
2005-01-11,12.55972671508789,13.151308059692383,11.8771333694458,13.105801582336426,8743303
2005-01-12,12.78725814819336,12.969283103942871,12.286688804626465,12.832764625549316,10819040
2005-01-13,12.377701759338379,12.78725814819336,12.332196235656738,12.650738716125488,8978348
2005-01-14,12.650738716125488,12.696246147155762,12.241183280944824,12.468713760375977,7917483
2005-01-18,12.650738716125488,12.696246147155762,11.922638893127441,11.968146324157715,11329057
2005-01-19,12.013651847839355,12.55972671508789,11.968146324157715,12.423208236694336,7355450
2005-01-20,11.786121368408203,12.104663848876953,11.604096412658691,11.8771333694458,6616782
2005-01-21,11.376564025878906,11.8771333694458,11.240045547485352,11.786121368408203,6828665
2005-01-24,10.921502113342285,11.46757698059082,10.921502113342285,11.46757698059082,7179584
2005-01-25,10.875994682312012,11.285552024841309,10.784982681274414,11.194539070129395,6011964
2005-01-26,11.149032592773438,11.285552024841309,10.6939697265625,10.967007637023926,8374453
2005-01-27,10.193402290344238,10.557452201843262,10.011377334594727,10.511944770812988,20483447
2005-01-28,9.965869903564453,10.37542724609375,9.692832946777344,10.329919815063477,13662143
2005-01-31,9.783844947814941,10.147894859313965,9.60181999206543,10.056882858276367,10100479
2005-02-01,9.419795036315918,9.829352378845215,9.19226360321045,9.7383394241333,14621769
2005-02-02,9.19226360321045,9.510807991027832,9.010238647460938,9.419795036315918,19651891
2005-02-03,9.055745124816895,9.465300559997559,8.964733123779297,9.146758079528809,15113328
2005-02-04,9.101250648498535,9.32878303527832,9.010238647460938,9.055745124816895,10866000
2005-02-07,9.19226360321045,9.419795036315918,9.101250648498535,9.19226360321045,6353346
2005-02-08,9.146758079528809,9.32878303527832,9.101250648498535,9.283275604248047,8019491
2005-02-09,8.873720169067383,9.237770080566406,8.873720169067383,9.237770080566406,7371272
2005-02-10,8.55517578125,9.055745124816895,8.50967025756836,8.964733123779297,9689547
2005-02-11,8.691695213317871,8.919225692749023,8.191125869750977,8.600683212280273,10100743
2005-02-14,8.964733123779297,9.055745124816895,8.50967025756836,8.600683212280273,9499661
2005-02-15,9.19226360321045,9.374288558959961,8.964733123779297,9.010238647460938,12719877
2005-02-16,8.691695213317871,9.556314468383789,8.418658256530762,9.237770080566406,16631581
2005-02-17,8.191125869750977,8.828213691711426,7.963594913482666,8.737200736999512,22340225
2005-02-18,8.145620346069336,8.646188735961914,7.963594913482666,8.23663330078125,9233851
2005-02-22,8.418658256530762,8.600683212280273,8.28213882446289,8.28213882446289,10979765
2005-02-23,8.691695213317871,8.873720169067383,8.600683212280273,8.782708168029785,12495073
2005-02-24,8.737200736999512,8.919225692749023,8.55517578125,8.873720169067383,10263314
2005-02-25,8.55517578125,8.828213691711426,8.50967025756836,8.782708168029785,16244491
2005-02-28,8.691695213317871,8.737200736999512,8.418658256530762,8.646188735961914,13928173
2005-03-01,8.828213691711426,8.873720169067383,8.55517578125,8.737200736999512,7537447
2005-03-02,8.646188735961914,8.828213691711426,8.600683212280273,8.737200736999512,8697793
2005-03-03,8.600683212280273,8.691695213317871,8.464163780212402,8.646188735961914,8853640
2005-03-04,8.464163780212402,8.646188735961914,8.418658256530762,8.600683212280273,9777513
2005-03-07,8.919225692749023,8.964733123779297,8.464163780212402,8.55517578125,15746384
2005-03-08,9.101250648498535,9.374288558959961,8.873720169067383,8.919225692749023,10084503
2005-03-09,8.873720169067383,9.32878303527832,8.873720169067383,9.101250648498535,16911191
2005-03-10,8.828213691711426,9.010238647460938,8.55517578125,8.964733123779297,12842849
2005-03-11,8.646188735961914,9.010238647460938,8.600683212280273,8.873720169067383,6949726
2005-03-14,8.691695213317871,8.873720169067383,8.600683212280273,8.737200736999512,8507753
2005-03-15,8.464163780212402,8.782708168029785,8.418658256530762,8.737200736999512,13787620
2005-03-16,8.100113868713379,8.600683212280273,7.963594913482666,8.464163780212402,18859033
2005-03-17,7.918088912963867,8.23663330078125,7.918088912963867,8.191125869750977,16271323
2005-03-18,7.963594913482666,8.054608345031738,7.781569957733154,7.963594913482666,10025852
2005-03-21,7.7360639572143555,8.009100914001465,7.69055700302124,7.918088912963867,7825583
2005-03-22,7.781569957733154,8.191125869750977,7.69055700302124,7.827075958251953,9070643
2005-03-23,7.781569957733154,7.963594913482666,7.69055700302124,7.7360639572143555,9177947
2005-03-24,7.372014045715332,7.827075958251953,7.326507091522217,7.827075958251953,9953027
2005-03-28,7.417520046234131,7.599545001983643,7.281001091003418,7.46302604675293,6778167
2005-03-29,7.281001091003418,7.5085320472717285,7.18998908996582,7.417520046234131,8179754
2005-03-30,7.281001091003418,7.326507091522217,7.098976135253906,7.235495090484619,8995906
2005-03-31,7.599545001983643,7.69055700302124,7.235495090484619,7.281001091003418,11792972
2005-04-01,7.326507091522217,7.872581958770752,7.18998908996582,7.827075958251953,9251958
2005-04-04,7.18998908996582,7.417520046234131,7.053470134735107,7.372014045715332,6420985
2005-04-05,6.780432224273682,7.281001091003418,6.643914222717285,7.281001091003418,18494578
2005-04-06,6.689420223236084,6.871445178985596,6.598406791687012,6.825939178466797,15293282
2005-04-07,6.962457180023193,7.053470134735107,6.552900791168213,6.643914222717285,19279063
2005-04-08,6.825939178466797,7.18998908996582,6.780432224273682,7.053470134735107,15512131
2005-04-11,6.689420223236084,6.962457180023193,6.689420223236084,6.9169511795043945,6852596
2005-04-12,6.825939178466797,6.962457180023193,6.370875835418701,6.734926223754883,21458895
2005-04-13,6.734926223754883,6.871445178985596,6.507394790649414,6.780432224273682,8184435
2005-04-14,7.007964134216309,7.098976135253906,6.643914222717285,6.734926223754883,13123953
2005-04-15,6.734926223754883,7.18998908996582,6.643914222717285,6.9169511795043945,10292233
2005-04-18,6.962457180023193,7.098976135253906,6.825939178466797,6.871445178985596,7040307
2005-04-19,7.5085320472717285,7.69055700302124,7.053470134735107,7.144482135772705,15184681
2005-04-20,7.372014045715332,7.918088912963867,7.372014045715332,7.645051002502441,14563646
2005-04-21,7.5085320472717285,7.645051002502441,7.46302604675293,7.554039001464844,4623013
2005-04-22,7.053470134735107,7.554039001464844,6.9169511795043945,7.46302604675293,5107034
2005-04-25,7.326507091522217,7.372014045715332,7.098976135253906,7.18998908996582,3990594
2005-04-26,7.144482135772705,7.326507091522217,7.053470134735107,7.326507091522217,3904057
2005-04-27,7.5085320472717285,7.554039001464844,7.053470134735107,7.18998908996582,6660557
2005-04-28,6.780432224273682,7.053470134735107,6.689420223236084,7.007964134216309,10597861
2005-04-29,6.734926223754883,6.9169511795043945,6.643914222717285,6.871445178985596,6325438
2005-05-02,6.598406791687012,6.825939178466797,6.461888790130615,6.780432224273682,4847949
2005-05-03,6.370875835418701,6.643914222717285,6.370875835418701,6.598406791687012,5734222
2005-05-04,6.279862880706787,6.507394790649414,6.143344879150391,6.4163818359375,6542243
2005-05-05,6.1888508796691895,6.552900791168213,6.006825923919678,6.1888508796691895,7909132
2005-05-06,6.234356880187988,6.370875835418701,6.143344879150391,6.325369834899902,8074384
2005-05-09,6.643914222717285,6.689420223236084,6.143344879150391,6.279862880706787,5790478
2005-05-10,6.461888790130615,6.507394790649414,6.325369834899902,6.507394790649414,5250399
2005-05-11,6.461888790130615,6.598406791687012,6.325369834899902,6.461888790130615,5423430
2005-05-12,6.507394790649414,6.780432224273682,6.461888790130615,6.552900791168213,6409009
2005-05-13,6.689420223236084,6.734926223754883,6.507394790649414,6.598406791687012,3448691
2005-05-16,6.598406791687012,6.825939178466797,6.507394790649414,6.643914222717285,5647839
2005-05-17,6.461888790130615,6.643914222717285,6.325369834899902,6.643914222717285,10520905
2005-05-18,6.643914222717285,6.9169511795043945,6.4163818359375,6.461888790130615,20843375
2005-05-19,6.689420223236084,6.825939178466797,6.552900791168213,6.689420223236084,7121614
2005-05-20,7.144482135772705,7.144482135772705,6.598406791687012,6.689420223236084,9260221
2005-05-23,7.053470134735107,7.235495090484619,6.962457180023193,7.18998908996582,4903128
2005-05-24,7.46302604675293,7.69055700302124,7.281001091003418,7.599545001983643,15038679
2005-05-25,7.46302604675293,7.554039001464844,7.281001091003418,7.46302604675293,8338765
2005-05-26,7.554039001464844,7.69055700302124,7.5085320472717285,7.599545001983643,10969832
2005-05-27,7.326507091522217,7.645051002502441,7.326507091522217,7.599545001983643,7792840
2005-05-31,6.962457180023193,7.417520046234131,6.962457180023193,7.372014045715332,12840806
2005-06-01,7.007964134216309,7.235495090484619,7.007964134216309,7.18998908996582,7699622
2005-06-02,7.18998908996582,7.281001091003418,7.007964134216309,7.144482135772705,7862985
2005-06-03,7.18998908996582,7.235495090484619,7.053470134735107,7.235495090484619,4423018
2005-06-06,7.18998908996582,7.326507091522217,7.098976135253906,7.18998908996582,6279532
2005-06-07,6.9169511795043945,7.281001091003418,6.871445178985596,7.18998908996582,8708583
2005-06-08,6.871445178985596,7.144482135772705,6.734926223754883,6.962457180023193,18930386
2005-06-09,7.144482135772705,7.281001091003418,6.689420223236084,6.871445178985596,11964750
2005-06-10,7.007964134216309,7.098976135253906,6.9169511795043945,7.053470134735107,8564471
2005-06-13,6.962457180023193,7.053470134735107,6.871445178985596,7.007964134216309,4257766
2005-06-14,7.098976135253906,7.144482135772705,6.9169511795043945,6.9169511795043945,5368580
2005-06-15,6.9169511795043945,7.098976135253906,6.871445178985596,7.053470134735107,7029253
2005-06-16,7.053470134735107,7.144482135772705,6.825939178466797,6.9169511795043945,7206394
2005-06-17,7.18998908996582,7.235495090484619,6.962457180023193,7.18998908996582,7836637
2005-06-20,7.281001091003418,7.281001091003418,7.053470134735107,7.144482135772705,4948704
2005-06-21,7.281001091003418,7.326507091522217,6.825939178466797,7.281001091003418,3848350
2005-06-22,7.281001091003418,7.326507091522217,7.18998908996582,7.326507091522217,2366488
2005-06-23,7.053470134735107,7.46302604675293,7.007964134216309,7.326507091522217,10044443
2005-06-24,6.9169511795043945,7.144482135772705,6.9169511795043945,7.144482135772705,4199181
2005-06-27,7.053470134735107,7.053470134735107,6.871445178985596,6.9169511795043945,2839346
2005-06-28,6.962457180023193,7.098976135253906,6.9169511795043945,7.053470134735107,3807520
2005-06-29,6.9169511795043945,7.053470134735107,6.871445178985596,6.962457180023193,4489317
2005-06-30,6.9169511795043945,7.053470134735107,6.825939178466797,6.962457180023193,10833433
2005-07-01,6.825939178466797,7.053470134735107,6.825939178466797,6.9169511795043945,4013140
2005-07-05,6.825939178466797,7.007964134216309,6.643914222717285,6.871445178985596,3366526
2005-07-06,6.871445178985596,6.962457180023193,6.825939178466797,6.9169511795043945,5055547
2005-07-07,6.871445178985596,6.9169511795043945,6.689420223236084,6.825939178466797,4516456
2005-07-08,6.825939178466797,6.9169511795043945,6.780432224273682,6.871445178985596,5145292
2005-07-11,7.053470134735107,7.098976135253906,6.871445178985596,6.871445178985596,4869924
2005-07-12,7.281001091003418,7.417520046234131,6.962457180023193,7.053470134735107,13676295
2005-07-13,7.417520046234131,7.554039001464844,6.825939178466797,7.326507091522217,9429626
2005-07-14,7.781569957733154,8.100113868713379,7.69055700302124,7.918088912963867,13890925
2005-07-15,7.645051002502441,7.918088912963867,7.599545001983643,7.872581958770752,8984391
2005-07-18,7.781569957733154,7.781569957733154,7.645051002502441,7.69055700302124,3722587
2005-07-19,7.7360639572143555,7.872581958770752,7.69055700302124,7.781569957733154,3458404
2005-07-20,7.554039001464844,7.7360639572143555,7.46302604675293,7.645051002502441,5766108
2005-07-21,7.645051002502441,7.872581958770752,7.554039001464844,7.554039001464844,7684174
2005-07-22,7.645051002502441,7.7360639572143555,7.554039001464844,7.645051002502441,4687905
2005-07-25,7.599545001983643,7.69055700302124,7.554039001464844,7.599545001983643,1607405
2005-07-26,7.326507091522217,7.645051002502441,7.326507091522217,7.599545001983643,6191984
2005-07-27,7.144482135772705,7.372014045715332,7.053470134735107,7.326507091522217,9590505
2005-07-28,6.9169511795043945,7.18998908996582,6.825939178466797,7.098976135253906,15020792
2005-07-29,6.871445178985596,7.007964134216309,6.871445178985596,6.9169511795043945,6837345
2005-08-01,6.9169511795043945,6.962457180023193,6.825939178466797,6.9169511795043945,5791907
2005-08-02,7.235495090484619,7.326507091522217,6.9169511795043945,7.007964134216309,9916768
2005-08-03,6.9169511795043945,7.235495090484619,6.871445178985596,7.144482135772705,20222933
2005-08-04,6.825939178466797,6.962457180023193,6.780432224273682,6.9169511795043945,11118911
2005-08-05,6.780432224273682,6.9169511795043945,6.734926223754883,6.825939178466797,5000741
2005-08-08,7.144482135772705,7.7360639572143555,7.007964134216309,7.18998908996582,12942550
2005-08-09,7.007964134216309,7.235495090484619,6.9169511795043945,7.144482135772705,6197455
2005-08-10,7.007964134216309,7.144482135772705,6.871445178985596,7.053470134735107,7315016
2005-08-11,6.962457180023193,7.098976135253906,6.9169511795043945,7.053470134735107,5711830
2005-08-12,7.053470134735107,7.053470134735107,6.871445178985596,6.962457180023193,6115247
2005-08-15,7.053470134735107,7.098976135253906,7.007964134216309,7.053470134735107,3543667
2005-08-16,6.962457180023193,7.098976135253906,6.9169511795043945,7.098976135253906,4476395
2005-08-17,7.18998908996582,7.18998908996582,6.962457180023193,7.144482135772705,8156373
2005-08-18,6.9169511795043945,7.053470134735107,6.9169511795043945,6.962457180023193,7274890
2005-08-19,7.098976135253906,7.144482135772705,6.9169511795043945,6.962457180023193,7100342
2005-08-22,7.053470134735107,7.144482135772705,6.962457180023193,7.098976135253906,4634000
2005-08-23,6.962457180023193,7.098976135253906,6.962457180023193,7.053470134735107,4198016
2005-08-24,7.053470134735107,7.098976135253906,6.9169511795043945,7.007964134216309,6091338
2005-08-25,6.962457180023193,7.098976135253906,6.871445178985596,7.007964134216309,7856172
2005-08-26,6.871445178985596,7.053470134735107,6.825939178466797,7.007964134216309,8360938
2005-08-29,7.007964134216309,7.053470134735107,6.825939178466797,6.871445178985596,4106314
2005-08-30,7.007964134216309,7.053470134735107,6.871445178985596,6.962457180023193,7536546
2005-08-31,7.18998908996582,7.235495090484619,7.007964134216309,7.053470134735107,10400592
2005-09-01,7.007964134216309,7.372014045715332,7.007964134216309,7.235495090484619,9315334
2005-09-02,6.962457180023193,7.281001091003418,6.871445178985596,7.144482135772705,8735744
2005-09-06,7.053470134735107,7.098976135253906,7.007964134216309,7.007964134216309,3304095
2005-09-07,7.053470134735107,7.098976135253906,6.871445178985596,7.053470134735107,7202636
2005-09-08,7.281001091003418,7.372014045715332,6.9169511795043945,7.053470134735107,14461044
2005-09-09,7.326507091522217,7.417520046234131,7.18998908996582,7.372014045715332,6416063
2005-09-12,7.417520046234131,7.46302604675293,7.281001091003418,7.326507091522217,10995565
2005-09-13,7.554039001464844,7.918088912963867,7.417520046234131,7.46302604675293,15662418
2005-09-14,8.009100914001465,8.191125869750977,7.554039001464844,7.599545001983643,18913575
2005-09-15,7.827075958251953,8.191125869750977,7.827075958251953,8.145620346069336,9018958
2005-09-16,8.464163780212402,8.464163780212402,8.100113868713379,8.373150825500488,27562869
2005-09-19,8.145620346069336,8.55517578125,8.054608345031738,8.50967025756836,8389132
2005-09-20,8.28213882446289,8.50967025756836,8.145620346069336,8.327645301818848,11573046
2005-09-21,8.191125869750977,8.327645301818848,8.009100914001465,8.28213882446289,5916461
2005-09-22,8.009100914001465,8.145620346069336,7.918088912963867,8.145620346069336,5608965
2005-09-23,8.873720169067383,9.32878303527832,8.054608345031738,8.054608345031738,23256055
2005-09-26,9.146758079528809,9.283275604248047,8.737200736999512,9.146758079528809,19887529
2005-09-27,9.920364379882812,9.920364379882812,9.374288558959961,9.556314468383789,33975174
2005-09-28,9.692832946777344,10.147894859313965,9.60181999206543,10.011377334594727,18015237
2005-09-29,9.7383394241333,9.874857902526855,9.32878303527832,9.60181999206543,11856787
2005-09-30,10.102389335632324,10.102389335632324,9.60181999206543,9.692832946777344,14005503
2005-10-03,9.783844947814941,9.965869903564453,9.510807991027832,9.647327423095703,16801602
2005-10-04,10.238907814025879,10.37542724609375,9.647327423095703,9.783844947814941,16479558
2005-10-05,10.238907814025879,11.376564025878906,9.647327423095703,10.329919815063477,29442523
2005-10-06,10.011377334594727,10.557452201843262,9.829352378845215,10.329919815063477,10194840
2005-10-07,9.7383394241333,10.193402290344238,9.647327423095703,10.102389335632324,8122158
2005-10-10,9.7383394241333,10.102389335632324,9.647327423095703,9.783844947814941,9330321
2005-10-11,9.19226360321045,9.783844947814941,9.101250648498535,9.783844947814941,14093468
2005-10-12,8.646188735961914,9.32878303527832,7.918088912963867,9.146758079528809,20014874
2005-10-13,9.010238647460938,9.146758079528809,8.464163780212402,8.691695213317871,12908752
2005-10-14,9.010238647460938,9.19226360321045,8.919225692749023,9.101250648498535,6872110
2005-10-17,8.873720169067383,9.146758079528809,8.782708168029785,9.101250648498535,4793121
2005-10-18,8.873720169067383,8.964733123779297,8.782708168029785,8.919225692749023,6124674
2005-10-19,8.873720169067383,8.873720169067383,8.55517578125,8.691695213317871,7865358
2005-10-20,9.055745124816895,9.783844947814941,8.691695213317871,8.919225692749023,10249426
2005-10-21,9.374288558959961,9.556314468383789,9.055745124816895,9.146758079528809,9504122
2005-10-24,9.465300559997559,9.556314468383789,9.101250648498535,9.510807991027832,5719170
2005-10-25,9.32878303527832,9.465300559997559,9.101250648498535,9.419795036315918,5662342
2005-10-26,9.237770080566406,9.647327423095703,9.19226360321045,9.465300559997559,7584561
2005-10-27,8.737200736999512,9.237770080566406,8.737200736999512,9.237770080566406,6379255
2005-10-28,9.419795036315918,9.465300559997559,8.737200736999512,9.374288558959961,11506440
2005-10-31,9.556314468383789,9.60181999206543,9.283275604248047,9.465300559997559,7016398
2005-11-01,9.465300559997559,9.510807991027832,9.32878303527832,9.419795036315918,2970449
2005-11-02,10.102389335632324,10.193402290344238,9.510807991027832,9.556314468383789,11968816
2005-11-03,10.921502113342285,10.921502113342285,10.193402290344238,10.193402290344238,19282403
2005-11-04,10.6939697265625,11.012514114379883,10.42093276977539,10.921502113342285,11612271
2005-11-07,10.784982681274414,11.103527069091797,10.466439247131348,10.830489158630371,8720559
2005-11-08,10.193402290344238,10.830489158630371,10.102389335632324,10.739477157592773,9596988
2005-11-09,10.64846420288086,10.64846420288086,10.056882858276367,10.238907814025879,12621341
2005-11-10,10.193402290344238,10.64846420288086,9.829352378845215,10.602957725524902,18640206
2005-11-11,10.42093276977539,10.466439247131348,10.102389335632324,10.147894859313965,4795055
2005-11-14,9.920364379882812,10.466439247131348,9.920364379882812,10.42093276977539,6103512
2005-11-15,9.783844947814941,10.056882858276367,9.556314468383789,10.011377334594727,8022457
2005-11-16,9.874857902526855,10.147894859313965,9.647327423095703,9.7383394241333,9272637
2005-11-17,10.147894859313965,10.193402290344238,9.7383394241333,9.920364379882812,5945182
2005-11-18,10.37542724609375,10.466439247131348,10.193402290344238,10.284414291381836,6746061
2005-11-21,10.238907814025879,10.37542724609375,10.193402290344238,10.238907814025879,3221975
2005-11-22,10.875994682312012,10.875994682312012,10.102389335632324,10.193402290344238,11327212
2005-11-23,11.012514114379883,11.42207145690918,10.557452201843262,10.967007637023926,16200300
2005-11-25,11.012514114379883,11.240045547485352,10.921502113342285,11.058019638061523,5512649
2005-11-28,10.784982681274414,11.103527069091797,10.6939697265625,11.103527069091797,5899321
2005-11-29,10.6939697265625,11.012514114379883,10.64846420288086,10.830489158630371,11299193
2005-11-30,11.695108413696289,11.695108413696289,10.6939697265625,10.784982681274414,18206903
2005-12-01,12.741751670837402,12.741751670837402,11.831626892089844,11.8771333694458,33870749
2005-12-02,12.241183280944824,12.51422119140625,12.104663848876953,12.423208236694336,11520679
2005-12-05,12.104663848876953,12.150171279907227,11.786121368408203,12.104663848876953,9785270
2005-12-06,12.332196235656738,12.650738716125488,11.922638893127441,11.968146324157715,14792252
2005-12-07,12.241183280944824,12.650738716125488,12.195676803588867,12.286688804626465,7777941
2005-12-08,12.286688804626465,12.696246147155762,12.241183280944824,12.423208236694336,9407190
2005-12-09,12.332196235656738,12.51422119140625,12.241183280944824,12.332196235656738,4833511
2005-12-12,12.150171279907227,12.51422119140625,12.059158325195312,12.468713760375977,4345205
2005-12-13,12.150171279907227,12.377701759338379,12.013651847839355,12.286688804626465,4955890
2005-12-14,12.195676803588867,12.332196235656738,12.059158325195312,12.104663848876953,3921527
2005-12-15,11.968146324157715,12.286688804626465,11.8771333694458,12.150171279907227,4019293
2005-12-16,11.922638893127441,12.286688804626465,11.8771333694458,11.922638893127441,6615046
2005-12-19,11.42207145690918,12.059158325195312,11.285552024841309,12.013651847839355,7906297
2005-12-20,11.103527069091797,11.558588981628418,10.875994682312012,11.513083457946777,10430434
2005-12-21,11.42207145690918,11.604096412658691,11.058019638061523,11.103527069091797,6528487
2005-12-22,11.513083457946777,11.8771333694458,11.240045547485352,11.46757698059082,5521834
2005-12-23,11.42207145690918,11.604096412658691,11.376564025878906,11.558588981628418,2414130
2005-12-27,11.33105754852295,11.558588981628418,11.285552024841309,11.46757698059082,3112627
2005-12-28,10.921502113342285,11.376564025878906,10.784982681274414,11.376564025878906,9015617
2005-12-29,10.967007637023926,11.194539070129395,10.784982681274414,10.875994682312012,10328711
2005-12-30,10.739477157592773,10.967007637023926,10.602957725524902,10.921502113342285,7591549
2006-01-03,11.012514114379883,11.194539070129395,10.557452201843262,10.830489158630371,7692041
2006-01-04,11.376564025878906,11.558588981628418,10.967007637023926,10.967007637023926,6156428
2006-01-05,11.74061393737793,12.150171279907227,11.649601936340332,11.786121368408203,9013442
2006-01-06,12.104663848876953,12.150171279907227,11.831626892089844,12.013651847839355,7178661
2006-01-09,11.786121368408203,12.150171279907227,11.558588981628418,12.104663848876953,3429792
2006-01-10,12.923776626586914,12.969283103942871,11.604096412658691,11.649601936340332,12839509
2006-01-11,13.333333015441895,13.424345970153809,12.696246147155762,12.78725814819336,17264461
2006-01-12,12.696246147155762,13.287826538085938,12.650738716125488,13.287826538085938,7717510
2006-01-13,13.469852447509766,13.651877403259277,13.242321014404297,13.651877403259277,14912499
2006-01-17,13.014789581298828,13.469852447509766,12.969283103942871,13.469852447509766,6511258
2006-01-18,13.105801582336426,13.151308059692383,12.51422119140625,12.605233192443848,6512028
2006-01-19,14.0159273147583,14.152445793151855,13.378840446472168,13.469852447509766,19047842
2006-01-20,13.242321014404297,14.152445793151855,13.19681453704834,14.061432838439941,12275938
2006-01-23,13.333333015441895,13.742890357971191,13.287826538085938,13.515357971191406,8180831
2006-01-24,13.970420837402344,14.0159273147583,13.469852447509766,13.515357971191406,11735287
2006-01-25,13.697382926940918,14.243457794189453,13.651877403259277,14.106940269470215,9532140
2006-01-26,14.334470748901367,14.334470748901367,13.788395881652832,13.970420837402344,13880772
2006-01-27,14.379977226257324,14.65301513671875,14.197952270507812,14.379977226257324,14953636
2006-01-30,14.197952270507812,14.65301513671875,14.152445793151855,14.65301513671875,7542040
2006-01-31,14.197952270507812,14.334470748901367,13.697382926940918,14.243457794189453,11523185
2006-02-01,14.379977226257324,14.516495704650879,13.924915313720703,14.197952270507812,13022956
2006-02-02,13.924915313720703,14.197952270507812,13.651877403259277,14.152445793151855,18089381
2006-02-03,13.424345970153809,13.742890357971191,13.242321014404297,13.697382926940918,11779809
2006-02-06,13.56086540222168,13.651877403259277,13.378840446472168,13.60637092590332,5831769
2006-02-07,13.333333015441895,13.651877403259277,13.287826538085938,13.515357971191406,6131970
2006-02-08,13.60637092590332,13.697382926940918,13.469852447509766,13.651877403259277,4325889
2006-02-09,13.651877403259277,13.970420837402344,13.651877403259277,13.742890357971191,6749423
2006-02-10,13.424345970153809,13.742890357971191,13.333333015441895,13.697382926940918,3752649
2006-02-13,13.651877403259277,13.742890357971191,13.469852447509766,13.515357971191406,3971762
2006-02-14,13.56086540222168,13.742890357971191,13.424345970153809,13.697382926940918,3728279
2006-02-15,13.424345970153809,13.651877403259277,13.333333015441895,13.60637092590332,4289872
2006-02-16,13.424345970153809,13.788395881652832,13.333333015441895,13.56086540222168,7252190
2006-02-17,13.924915313720703,14.152445793151855,13.424345970153809,13.424345970153809,15763986
2006-02-21,13.56086540222168,14.0159273147583,13.469852447509766,13.924915313720703,5808014
2006-02-22,13.424345970153809,13.651877403259277,13.242321014404297,13.60637092590332,9740704
2006-02-23,13.56086540222168,13.87940788269043,13.424345970153809,13.60637092590332,10653590
2006-02-24,13.924915313720703,13.924915313720703,13.651877403259277,13.651877403259277,4762862
2006-02-27,13.742890357971191,13.970420837402344,13.697382926940918,13.970420837402344,4111017
2006-02-28,13.833902359008789,14.061432838439941,13.697382926940918,13.924915313720703,5432242
2006-03-01,14.425483703613281,14.470990180969238,13.788395881652832,13.970420837402344,12446135
2006-03-02,15.881684303283691,16.109214782714844,14.470990180969238,14.607508659362793,31172790
2006-03-03,16.88282012939453,17.3378849029541,15.972696304321289,16.382253646850586,36464876
2006-03-06,16.518770217895508,17.292377471923828,15.972696304321289,17.246871948242188,22095313
2006-03-07,15.927189826965332,16.473264694213867,15.654151916503906,16.382253646850586,13702379
2006-03-08,17.06484603881836,17.201364517211914,15.563139915466309,15.74516487121582,20406490
2006-03-09,17.292377471923828,18.248008728027344,17.110353469848633,17.246871948242188,23551706
2006-03-10,16.83731460571289,17.474403381347656,16.609783172607422,17.292377471923828,13754988
2006-03-13,16.88282012939453,17.519908905029297,16.74630355834961,17.110353469848633,11142182
2006-03-14,16.928327560424805,17.155858993530273,16.83731460571289,17.01934051513672,9958103
2006-03-15,18.339021682739258,18.430034637451172,16.973833084106445,17.06484603881836,17894264
2006-03-16,18.020477294921875,19.567691802978516,17.83845329284668,18.293514251708984,38730586
2006-03-17,18.430034637451172,19.067121505737305,18.020477294921875,18.156997680664062,21941290
2006-03-20,18.202503204345703,18.657564163208008,18.11149024963379,18.612058639526367,11470862
2006-03-21,18.11149024963379,18.93060302734375,18.06598472595215,18.11149024963379,13591274
2006-03-22,18.020477294921875,18.748577117919922,17.974971771240234,18.248008728027344,12766288
2006-03-23,17.83845329284668,18.248008728027344,17.519908905029297,18.11149024963379,15589724
2006-03-24,18.339021682739258,18.430034637451172,17.92946434020996,18.06598472595215,16355707
2006-03-27,18.430034637451172,18.566553115844727,18.339021682739258,18.475540161132812,10462034
2006-03-28,18.70307159423828,19.067121505737305,18.430034637451172,18.475540161132812,13108439
2006-03-29,19.02161407470703,19.340158462524414,18.88509750366211,19.067121505737305,14623462
2006-03-30,18.794084548950195,19.340158462524414,18.70307159423828,19.249147415161133,12534694
2006-03-31,18.97610855102539,19.203641891479492,18.657564163208008,19.067121505737305,9412354
2006-04-03,18.566553115844727,19.02161407470703,18.475540161132812,18.93060302734375,12245107
2006-04-04,17.79294776916504,18.612058639526367,17.61092185974121,18.521047592163086,25065586
2006-04-05,17.92946434020996,18.020477294921875,17.65642738342285,17.747440338134766,7446317
2006-04-06,18.794084548950195,18.839590072631836,17.747440338134766,17.83845329284668,15477915
2006-04-07,17.974971771240234,19.02161407470703,17.92946434020996,18.70307159423828,11675427
2006-04-10,17.110353469848633,18.156997680664062,16.88282012939453,18.11149024963379,21426065
2006-04-11,16.336746215820312,17.3378849029541,15.972696304321289,17.246871948242188,23421922
2006-04-12,16.473264694213867,16.83731460571289,16.109214782714844,16.427759170532227,11510747
2006-04-13,16.74630355834961,16.973833084106445,16.291240692138672,16.382253646850586,6992401
2006-04-17,15.517634391784668,16.700796127319336,14.744027137756348,16.700796127319336,20698209
2006-04-18,16.700796127319336,16.79180908203125,15.563139915466309,15.74516487121582,18102434
2006-04-19,17.110353469848633,17.3378849029541,16.928327560424805,17.01934051513672,11559377
2006-04-20,17.474403381347656,17.61092185974121,16.973833084106445,17.292377471923828,10906390
2006-04-21,16.79180908203125,17.747440338134766,16.655290603637695,17.519908905029297,11060479
2006-04-24,16.2457332611084,16.88282012939453,16.200227737426758,16.79180908203125,7292492
2006-04-25,16.2457332611084,16.700796127319336,16.154720306396484,16.427759170532227,7967190
2006-04-26,16.291240692138672,16.655290603637695,16.200227737426758,16.336746215820312,9101386
2006-04-27,15.972696304321289,16.427759170532227,15.790671348571777,16.109214782714844,9484959
2006-04-28,15.881684303283691,16.427759170532227,15.69965934753418,16.109214782714844,11593417
2006-05-01,15.836176872253418,16.2457332611084,15.69965934753418,16.109214782714844,5049020
2006-05-02,16.018203735351562,16.2457332611084,15.836176872253418,15.927189826965332,4899634
2006-05-03,16.56427764892578,16.655290603637695,16.063709259033203,16.109214782714844,10954252
2006-05-04,15.426621437072754,16.154720306396484,15.290102005004883,15.381114959716797,20764199
2006-05-05,15.426621437072754,15.69965934753418,15.290102005004883,15.563139915466309,5516670
2006-05-08,15.062570571899414,15.381114959716797,14.835040092468262,15.290102005004883,9600899
2006-05-09,15.608646392822266,15.69965934753418,15.062570571899414,15.199090003967285,8456815
2006-05-10,15.426621437072754,15.881684303283691,15.244595527648926,15.790671348571777,10997696
2006-05-11,13.788395881652832,14.744027137756348,13.60637092590332,14.516495704650879,31687664
2006-05-12,13.287826538085938,13.697382926940918,12.878271102905273,13.60637092590332,27897504
2006-05-15,12.55972671508789,13.333333015441895,12.51422119140625,13.105801582336426,13257693
2006-05-16,12.969283103942871,13.151308059692383,12.696246147155762,12.741751670837402,12387923
2006-05-17,12.51422119140625,12.969283103942871,12.51422119140625,12.78725814819336,9041064
2006-05-18,12.605233192443848,13.060296058654785,12.468713760375977,12.969283103942871,10008624
2006-05-19,12.650738716125488,12.878271102905273,12.423208236694336,12.78725814819336,9912681
2006-05-22,12.650738716125488,12.878271102905273,12.332196235656738,12.468713760375977,11300468
2006-05-23,13.333333015441895,13.60637092590332,12.78725814819336,12.923776626586914,21272833
2006-05-24,13.060296058654785,13.469852447509766,12.741751670837402,13.242321014404297,9219084
2006-05-25,13.469852447509766,13.651877403259277,13.151308059692383,13.19681453704834,14390527
2006-05-26,13.970420837402344,14.106940269470215,13.56086540222168,13.651877403259277,11939281
2006-05-30,13.469852447509766,13.970420837402344,13.333333015441895,13.970420837402344,5407125
2006-05-31,13.788395881652832,13.924915313720703,13.242321014404297,13.56086540222168,11474202
2006-06-01,14.061432838439941,14.243457794189453,13.788395881652832,14.243457794189453,7104474
2006-06-02,13.833902359008789,14.425483703613281,13.60637092590332,14.334470748901367,10742655
2006-06-05,13.242321014404297,13.742890357971191,13.19681453704834,13.697382926940918,4113742
2006-06-06,13.151308059692383,13.469852447509766,12.741751670837402,13.287826538085938,13121580
2006-06-07,13.242321014404297,13.970420837402344,13.151308059692383,13.242321014404297,14834993
2006-06-08,12.51422119140625,13.242321014404297,11.695108413696289,13.105801582336426,34946293
2006-06-09,12.423208236694336,12.832764625549316,12.104663848876953,12.696246147155762,8698496
2006-06-12,11.103527069091797,12.377701759338379,11.058019638061523,12.332196235656738,22802798
2006-06-13,10.602957725524902,11.33105754852295,10.37542724609375,10.967007637023926,24086534
2006-06-14,10.830489158630371,11.012514114379883,10.284414291381836,10.42093276977539,20236360
2006-06-15,11.33105754852295,11.558588981628418,11.012514114379883,11.149032592773438,12194763
2006-06-16,11.012514114379883,11.33105754852295,10.921502113342285,11.285552024841309,7802224
2006-06-19,11.012514114379883,11.46757698059082,10.967007637023926,11.240045547485352,6950627
2006-06-20,11.604096412658691,11.604096412658691,11.012514114379883,11.058019638061523,8062496
2006-06-21,11.968146324157715,12.241183280944824,11.376564025878906,11.46757698059082,11206701
2006-06-22,11.831626892089844,12.286688804626465,11.558588981628418,12.104663848876953,8322108
2006-06-23,11.8771333694458,12.059158325195312,11.604096412658691,11.695108413696289,5776942
2006-06-26,11.695108413696289,11.968146324157715,11.604096412658691,11.8771333694458,3173278
2006-06-27,11.149032592773438,11.695108413696289,11.012514114379883,11.695108413696289,7239114
2006-06-28,11.149032592773438,11.33105754852295,10.602957725524902,11.103527069091797,10132760
2006-06-29,11.604096412658691,11.604096412658691,10.784982681274414,11.194539070129395,13169046
2006-06-30,11.513083457946777,11.786121368408203,11.42207145690918,11.74061393737793,6665237
2006-07-03,11.33105754852295,11.604096412658691,11.285552024841309,11.558588981628418,2698728
2006-07-05,10.921502113342285,11.194539070129395,10.921502113342285,11.194539070129395,6267556
2006-07-06,10.784982681274414,11.012514114379883,10.602957725524902,10.967007637023926,7197054
2006-07-07,10.511944770812988,10.830489158630371,10.42093276977539,10.602957725524902,5135821
2006-07-10,9.829352378845215,10.602957725524902,9.692832946777344,10.557452201843262,10343325
2006-07-11,9.60181999206543,9.965869903564453,9.32878303527832,9.556314468383789,20911718
2006-07-12,9.920364379882812,10.147894859313965,9.556314468383789,9.647327423095703,10274653
2006-07-13,9.465300559997559,9.829352378845215,9.419795036315918,9.510807991027832,7084213
2006-07-14,9.556314468383789,9.783844947814941,9.419795036315918,9.60181999206543,5239104
2006-07-17,9.32878303527832,9.829352378845215,9.32878303527832,9.465300559997559,6167965
2006-07-18,10.011377334594727,10.102389335632324,9.101250648498535,9.419795036315918,14708021
2006-07-19,10.102389335632324,10.238907814025879,9.7383394241333,9.920364379882812,7796708
2006-07-20,9.647327423095703,10.238907814025879,9.510807991027832,10.147894859313965,6059299
2006-07-21,9.465300559997559,9.647327423095703,9.19226360321045,9.647327423095703,10881800
2006-07-24,9.874857902526855,10.102389335632324,9.510807991027832,9.556314468383789,6042202
2006-07-25,10.056882858276367,10.102389335632324,9.783844947814941,9.829352378845215,3654486
2006-07-26,10.238907814025879,10.37542724609375,9.920364379882812,10.011377334594727,4702123
2006-07-27,9.419795036315918,10.602957725524902,9.374288558959961,10.37542724609375,11649277
2006-07-28,9.7383394241333,9.783844947814941,9.419795036315918,9.465300559997559,6015876
2006-07-31,9.7383394241333,9.783844947814941,9.465300559997559,9.60181999206543,3752121
2006-08-01,9.510807991027832,9.692832946777344,9.374288558959961,9.60181999206543,4050718
2006-08-02,9.510807991027832,9.692832946777344,9.465300559997559,9.556314468383789,4781606
2006-08-03,9.692832946777344,9.783844947814941,9.465300559997559,9.510807991027832,4308397
2006-08-04,9.829352378845215,10.102389335632324,9.7383394241333,9.829352378845215,5393017
2006-08-07,9.783844947814941,9.920364379882812,9.647327423095703,9.783844947814941,2679566
2006-08-08,9.60181999206543,9.965869903564453,9.465300559997559,9.920364379882812,4745084
2006-08-09,10.011377334594727,10.37542724609375,9.829352378845215,9.874857902526855,8531156
2006-08-10,9.647327423095703,10.37542724609375,9.647327423095703,9.920364379882812,6712154
2006-08-11,9.692832946777344,10.011377334594727,9.556314468383789,9.7383394241333,5184562
2006-08-14,9.874857902526855,10.056882858276367,9.783844947814941,9.874857902526855,4073000
2006-08-15,10.42093276977539,10.466439247131348,10.102389335632324,10.147894859313965,7975914
2006-08-16,11.376564025878906,11.42207145690918,10.42093276977539,10.602957725524902,10806514
2006-08-17,11.194539070129395,11.604096412658691,11.058019638061523,11.240045547485352,9331178
2006-08-18,11.42207145690918,11.42207145690918,10.784982681274414,11.149032592773438,6306781
2006-08-21,11.240045547485352,11.376564025878906,11.058019638061523,11.103527069091797,3031495
2006-08-22,11.42207145690918,11.649601936340332,11.103527069091797,11.240045547485352,6464034
2006-08-23,11.42207145690918,11.786121368408203,11.376564025878906,11.558588981628418,5700623
2006-08-24,11.786121368408203,12.013651847839355,11.513083457946777,11.558588981628418,7919988
2006-08-25,11.74061393737793,12.059158325195312,11.649601936340332,11.8771333694458,7894936
2006-08-28,12.059158325195312,12.195676803588867,11.831626892089844,11.922638893127441,6290322
2006-08-29,12.013651847839355,12.286688804626465,11.558588981628418,12.195676803588867,9914790
2006-08-30,11.968146324157715,12.241183280944824,11.831626892089844,12.104663848876953,11867335
2006-08-31,10.329919815063477,10.511944770812988,9.692832946777344,10.193402290344238,28749761
2006-09-01,10.329919815063477,10.557452201843262,10.056882858276367,10.557452201843262,8482064
2006-09-05,10.056882858276367,10.37542724609375,10.011377334594727,10.37542724609375,8155208
2006-09-06,9.692832946777344,10.011377334594727,9.692832946777344,9.920364379882812,7006553
2006-09-07,9.60181999206543,9.829352378845215,9.556314468383789,9.783844947814941,4587040
2006-09-08,9.465300559997559,9.7383394241333,9.419795036315918,9.692832946777344,7013167
2006-09-11,9.465300559997559,9.7383394241333,9.283275604248047,9.465300559997559,10241932
2006-09-12,9.920364379882812,9.965869903564453,9.419795036315918,9.556314468383789,10063517
2006-09-13,10.193402290344238,10.42093276977539,9.965869903564453,10.011377334594727,8076362
2006-09-14,10.102389335632324,10.102389335632324,9.647327423095703,10.102389335632324,13337968
2006-09-15,9.874857902526855,10.238907814025879,9.7383394241333,10.147894859313965,13100111
2006-09-18,9.920364379882812,10.102389335632324,9.7383394241333,9.965869903564453,5539370
2006-09-19,9.783844947814941,9.965869903564453,9.7383394241333,9.920364379882812,3763021
2006-09-20,9.920364379882812,10.193402290344238,9.7383394241333,9.874857902526855,6283773
2006-09-21,9.783844947814941,10.056882858276367,9.783844947814941,9.965869903564453,3414058
2006-09-22,9.874857902526855,10.056882858276367,9.783844947814941,9.874857902526855,4626990
2006-09-25,10.011377334594727,10.102389335632324,9.829352378845215,9.874857902526855,5932832
2006-09-26,9.920364379882812,10.193402290344238,9.920364379882812,9.965869903564453,6076439
2006-09-27,10.238907814025879,10.284414291381836,9.965869903564453,10.011377334594727,7790555
2006-09-28,10.238907814025879,10.37542724609375,10.056882858276367,10.193402290344238,4773168
2006-09-29,9.965869903564453,10.284414291381836,9.7383394241333,10.238907814025879,9598812
2006-10-02,10.102389335632324,10.193402290344238,9.874857902526855,9.920364379882812,7544039
2006-10-03,9.965869903564453,10.056882858276367,9.874857902526855,10.056882858276367,3938008
2006-10-04,10.193402290344238,10.284414291381836,9.829352378845215,9.920364379882812,6517302
2006-10-05,10.011377334594727,10.284414291381836,9.965869903564453,10.056882858276367,5413519
2006-10-06,9.783844947814941,10.102389335632324,9.692832946777344,10.011377334594727,8895832
2006-10-09,9.60181999206543,9.829352378845215,9.465300559997559,9.783844947814941,9288591
2006-10-10,9.60181999206543,9.829352378845215,9.465300559997559,9.692832946777344,8249151
2006-10-11,9.783844947814941,9.965869903564453,9.556314468383789,9.60181999206543,8066144
2006-10-12,9.783844947814941,9.920364379882812,9.7383394241333,9.783844947814941,4387902
2006-10-13,9.692832946777344,9.829352378845215,9.60181999206543,9.783844947814941,4795055
2006-10-16,9.692832946777344,9.7383394241333,9.556314468383789,9.692832946777344,6919576
2006-10-17,9.442547798156738,9.681455612182617,9.283275604248047,9.385665893554688,4337689
2006-10-18,9.425483703613281,9.499430656433105,9.186575889587402,9.397042274475098,7477126
2006-10-19,8.959044456481934,9.35153579711914,8.816837310791016,9.277587890625,15044612
2006-10-20,8.566553115844727,8.959044456481934,8.526735305786133,8.959044456481934,14189345
2006-10-23,8.248008728027344,8.49829387664795,8.168373107910156,8.435722351074219,10621133
2006-10-24,8.054608345031738,8.139931678771973,7.974971771240234,8.117178916931152,9204009
2006-10-25,8.367463111877441,8.390215873718262,7.952218055725098,7.992035865783691,9559125
2006-10-26,8.481228828430176,8.543800354003906,8.344710350036621,8.486916542053223,7722718
2006-10-27,8.333333015441895,8.486916542053223,8.27076244354248,8.412968635559082,7251223
2006-10-30,8.321956634521484,8.435722351074219,8.213878631591797,8.299203872680664,5623315
2006-10-31,8.265073776245117,8.412968635559082,8.219568252563477,8.321956634521484,7014947
2006-11-01,7.9863481521606445,8.378840446472168,7.974971771240234,8.310580253601074,8435763
2006-11-02,8.1228666305542,8.191125869750977,7.923777103424072,7.974971771240234,11057820
2006-11-03,9.431172370910645,9.476677894592285,8.93060302734375,9.044368743896484,27522193
2006-11-06,9.613197326660156,9.812287330627441,9.442547798156738,9.499430656433105,13086552
2006-11-07,9.499430656433105,9.664390563964844,9.499430656433105,9.658702850341797,8161691
2006-11-08,9.334470748901367,9.482365608215332,9.209328651428223,9.465300559997559,9533634
2006-11-09,9.25483512878418,9.613197326660156,9.243457794189453,9.527873039245605,5727037
2006-11-10,9.260522842407227,9.368600845336914,9.243457794189453,9.283275604248047,3796577
2006-11-13,9.323094367980957,9.385665893554688,9.226393699645996,9.226393699645996,3334399
2006-11-14,9.465300559997559,9.493742942810059,9.249147415161133,9.408418655395508,3964993
2006-11-15,10.07394790649414,10.153583526611328,9.425483703613281,9.465300559997559,11377776
2006-11-16,9.869170188903809,10.170647621154785,9.852105140686035,10.125142097473145,8317977
2006-11-17,10.426621437072754,10.477815628051758,9.840727806091309,9.840727806091309,14900632
2006-11-20,10.364049911499023,10.477815628051758,10.170647621154785,10.307167053222656,10805371
2006-11-21,10.460750579833984,10.506257057189941,10.193402290344238,10.36973762512207,7265990
2006-11-22,11.018202781677246,11.183162689208984,10.42093276977539,10.42093276977539,11563948
2006-11-24,10.881684303283691,11.080774307250977,10.750852584838867,10.858930587768555,3404719
2006-11-27,10.523322105407715,10.893059730529785,10.31285572052002,10.881684303283691,8291959
2006-11-28,10.460750579833984,10.580204963684082,10.329919815063477,10.551762580871582,5883499
2006-11-29,10.295790672302246,10.608646392822266,10.170647621154785,10.500569343566895,5922702
2006-11-30,10.511944770812988,10.580204963684082,10.216155052185059,10.32423210144043,7533382
2006-12-01,10.267349243164062,10.546074867248535,10.108077049255371,10.534699440002441,7049932
2006-12-04,10.42093276977539,10.472126960754395,10.07394790649414,10.278725624084473,7697227
2006-12-05,10.227531433105469,10.608646392822266,10.199090003967285,10.443685531616211,8956131
2006-12-06,10.500569343566895,10.580204963684082,10.221842765808105,10.233220100402832,9332870
2006-12-07,10.250284194946289,10.517634391784668,9.95449447631836,9.95449447631836,4869308
2006-12-08,10.108077049255371,10.307167053222656,10.096700668334961,10.250284194946289,6363257
2006-12-11,9.960182189941406,10.08532428741455,9.857792854309082,10.068259239196777,5140040
2006-12-12,9.783844947814941,10.034130096435547,9.732650756835938,9.92605209350586,6047344
2006-12-13,9.556314468383789,9.874857902526855,9.539249420166016,9.761092185974121,6939178
2006-12-14,10.176337242126465,10.290102005004883,9.67576789855957,9.726962089538574,12319009
2006-12-15,9.960182189941406,10.352672576904297,9.749715805053711,10.278725624084473,24483666
2006-12-18,9.806597709655762,10.227531433105469,9.732650756835938,10.017065048217773,12523992
2006-12-19,9.806597709655762,9.874857902526855,9.57906723022461,9.721274375915527,7550786
2006-12-20,9.97724723815918,10.119454383850098,9.823662757873535,9.823662757873535,8585545
2006-12-21,9.903299331665039,9.988622665405273,9.823662757873535,9.95449447631836,6992621
2006-12-22,9.726962089538574,10.0,9.664390563964844,9.897610664367676,6344095
2006-12-26,9.709897994995117,9.823662757873535,9.67576789855957,9.67576789855957,3699184
2006-12-27,9.68714427947998,9.812287330627441,9.635950088500977,9.732650756835938,4929080
2006-12-28,9.556314468383789,9.715585708618164,9.556314468383789,9.670080184936523,6161790
2006-12-29,9.476677894592285,9.635950088500977,9.448237419128418,9.539249420166016,7552895
2007-01-03,9.783844947814941,10.0,9.556314468383789,9.562002182006836,13910702
2007-01-04,10.199090003967285,10.233220100402832,9.726962089538574,9.874857902526855,10929838
2007-01-05,10.04550552368164,10.136519432067871,9.897610664367676,10.02275276184082,7983254
2007-01-08,9.852105140686035,10.182024955749512,9.778157234191895,10.017065048217773,8124949
2007-01-09,9.562002182006836,9.943117141723633,9.499430656433105,9.817975044250488,12533661
2007-01-10,9.533560752868652,9.550625801086426,9.260522842407227,9.499430656433105,11651497
2007-01-11,9.510807991027832,9.63026237487793,9.431172370910645,9.550625801086426,5609778
2007-01-12,9.260522842407227,9.57906723022461,9.209328651428223,9.459612846374512,16134748
2007-01-16,9.368600845336914,9.419795036315918,9.152445793151855,9.294652938842773,8723372
2007-01-17,9.226393699645996,9.402729988098145,9.203640937805176,9.3060302734375,8144638
2007-01-18,8.981797218322754,9.23208236694336,8.924915313720703,9.19226360321045,12718954
2007-01-19,9.852105140686035,10.011377334594727,9.357224464416504,9.869170188903809,33148848
2007-01-22,9.852105140686035,10.011377334594727,9.744027137756348,9.908987045288086,10848970
2007-01-23,9.772468566894531,9.931740760803223,9.749715805053711,9.783844947814941,6612365
2007-01-24,9.994312286376953,10.011377334594727,9.817975044250488,9.869170188903809,8495359
2007-01-25,9.931740760803223,10.091012954711914,9.800909996032715,10.005687713623047,5875060
2007-01-26,9.903299331665039,10.005687713623047,9.744027137756348,9.903299331665039,8250470
2007-01-29,9.840727806091309,9.931740760803223,9.681455612182617,9.863480567932129,6551187
2007-01-30,9.835040092468262,9.95449447631836,9.732650756835938,9.897610664367676,6213827
2007-01-31,10.113765716552734,10.119454383850098,9.726962089538574,9.835040092468262,12725986
2007-02-01,9.499430656433105,9.95449447631836,9.391353607177734,9.829352378845215,26862943
2007-02-02,9.379977226257324,9.664390563964844,9.36291217803955,9.664390563964844,10262325
2007-02-05,9.19226360321045,9.476677894592285,9.158134460449219,9.379977226257324,11815166
2007-02-06,9.249147415161133,9.311717987060547,9.186575889587402,9.215017318725586,9331464
2007-02-07,9.35153579711914,9.408418655395508,9.271900177001953,9.402729988098145,9013090
2007-02-08,9.533560752868652,9.5676908493042,9.288965225219727,9.334470748901367,14699165
2007-02-09,9.197952270507812,9.510807991027832,9.163823127746582,9.499430656433105,11380413
2007-02-12,8.97610855102539,9.209328651428223,8.862343788146973,9.197952270507812,15256451
2007-02-13,8.885096549987793,9.032992362976074,8.816837310791016,8.998862266540527,10932650
2007-02-14,9.095562934875488,9.152445793151855,8.902161598205566,8.913537979125977,21284985
2007-02-15,9.101250648498535,9.180887222290039,8.970420837402344,9.129693031311035,11229225
2007-02-16,9.539249420166016,9.5676908493042,9.044368743896484,9.101250648498535,22662905
2007-02-20,9.5676908493042,9.65301513671875,9.408418655395508,9.465300559997559,13085497
2007-02-21,9.556314468383789,9.732650756835938,9.402729988098145,9.476677894592285,10648733
2007-02-22,9.65301513671875,9.721274375915527,9.57906723022461,9.596132278442383,9363635
2007-02-23,9.60181999206543,9.755404472351074,9.562002182006836,9.635950088500977,6686905
2007-02-26,9.499430656433105,9.67576789855957,9.385665893554688,9.658702850341797,8414140
2007-02-27,9.050057411193848,9.226393699645996,8.896472930908203,9.226393699645996,14652051
2007-02-28,9.220705032348633,9.243457794189453,8.987485885620117,9.089875221252441,13417232
2007-03-01,8.90785026550293,9.055745124816895,8.782708168029785,8.970420837402344,16917410
2007-03-02,8.708760261535645,8.896472930908203,8.657565116882324,8.833902359008789,11394125
2007-03-05,8.475540161132812,8.66894245147705,8.447098731994629,8.549488067626953,11766646
2007-03-06,8.720136642456055,8.771330833435059,8.589305877685547,8.60637092590332,12276290
2007-03-07,8.663253784179688,8.805460929870605,8.543800354003906,8.720136642456055,7473434
2007-03-08,8.794083595275879,8.873720169067383,8.725825309753418,8.765643119812012,10323152
2007-03-09,8.805460929870605,8.896472930908203,8.663253784179688,8.805460929870605,6029237
2007-03-12,8.691695213317871,8.816837310791016,8.657565116882324,8.765643119812012,7409970
2007-03-13,8.572240829467773,8.754265785217285,8.566553115844727,8.634812355041504,6767245
2007-03-14,8.674630165100098,8.697382926940918,8.447098731994629,8.53242301940918,8396735
2007-03-15,8.674630165100098,8.708760261535645,8.572240829467773,8.708760261535645,5452964
2007-03-16,8.62912368774414,8.691695213317871,8.53242301940918,8.691695213317871,4678565
2007-03-19,8.53242301940918,8.674630165100098,8.503981590270996,8.674630165100098,6059299
2007-03-20,8.651877403259277,8.657565116882324,8.50967025756836,8.53242301940918,6596016
2007-03-21,8.759954452514648,8.805460929870605,8.481228828430176,8.651877403259277,14993806
2007-03-22,8.759954452514648,8.805460929870605,8.646188735961914,8.805460929870605,5407432
2007-03-23,8.799772262573242,8.85665512084961,8.691695213317871,8.754265785217285,6385408
2007-03-26,8.782708168029785,8.805460929870605,8.646188735961914,8.782708168029785,4869133
2007-03-27,8.691695213317871,8.782708168029785,8.674630165100098,8.731513023376465,5076401
2007-03-28,8.720136642456055,8.759954452514648,8.600683212280273,8.646188735961914,5533129
2007-03-29,8.600683212280273,8.794083595275879,8.486916542053223,8.759954452514648,7881114
2007-03-30,8.663253784179688,8.686006546020508,8.549488067626953,8.60637092590332,5925515
2007-04-02,8.57792854309082,8.703071594238281,8.526735305786133,8.697382926940918,5558269
2007-04-03,8.62912368774414,8.703071594238281,8.572240829467773,8.594993591308594,7137304
2007-04-04,8.651877403259277,8.686006546020508,8.566553115844727,8.651877403259277,6475241
2007-04-05,8.697382926940918,8.759954452514648,8.62912368774414,8.657565116882324,5037901
2007-04-09,8.612058639526367,8.697382926940918,8.572240829467773,8.686006546020508,5305644
2007-04-10,8.634812355041504,8.646188735961914,8.53242301940918,8.612058639526367,5601867
2007-04-11,8.640501022338867,8.714447975158691,8.589305877685547,8.646188735961914,5772041
2007-04-12,8.691695213317871,8.703071594238281,8.543800354003906,8.589305877685547,6483504
2007-04-13,8.805460929870605,8.868032455444336,8.634812355041504,8.697382926940918,8697529
2007-04-16,8.8452787399292,8.959044456481934,8.816837310791016,8.828213691711426,7847360
2007-04-17,8.85665512084961,8.902161598205566,8.788395881652832,8.811148643493652,5110506
2007-04-18,8.913537979125977,9.067122459411621,8.777018547058105,8.777018547058105,8083284
2007-04-19,8.936290740966797,9.067122459411621,8.816837310791016,8.913537979125977,5643180
2007-04-20,8.987485885620117,9.061432838439941,8.87940788269043,9.00455093383789,6452387
2007-04-23,8.959044456481934,9.0159273147583,8.839590072631836,8.964733123779297,5219150
2007-04-24,8.970420837402344,9.0159273147583,8.862343788146973,8.987485885620117,5609778
2007-04-25,9.516495704650879,9.527873039245605,9.055745124816895,9.055745124816895,14994334
2007-04-26,9.658702850341797,9.755404472351074,9.448237419128418,9.527873039245605,11186506
2007-04-27,9.493742942810059,9.69852066040039,9.414107322692871,9.596132278442383,8353840
2007-04-30,9.374288558959961,9.596132278442383,9.374288558959961,9.5676908493042,5984935
2007-05-01,9.226393699645996,9.385665893554688,9.078497886657715,9.374288558959961,11205844
2007-05-02,9.465300559997559,9.670080184936523,9.271900177001953,9.271900177001953,20781494
2007-05-03,8.151308059692383,8.52104663848877,7.997725009918213,8.50967025756836,60241738
2007-05-04,7.963594913482666,8.219568252563477,7.906712055206299,8.219568252563477,23327078
2007-05-07,7.849829196929932,7.969283103942871,7.81001091003418,7.963594913482666,12848870
2007-05-08,7.770193099975586,7.849829196929932,7.7360639572143555,7.849829196929932,8977754
2007-05-09,7.957907199859619,7.974971771240234,7.684868812561035,7.701933860778809,11123921
2007-05-10,7.770193099975586,7.952218055725098,7.758817195892334,7.946529865264893,9286108
2007-05-11,7.8612060546875,7.906712055206299,7.747439861297607,7.815700054168701,11256298
2007-05-14,7.730374813079834,7.849829196929932,7.667803764343262,7.849829196929932,11024418
2007-05-15,7.582479953765869,7.730374813079834,7.542662143707275,7.713311195373535,11526151
2007-05-16,7.554039001464844,7.616610050201416,7.457337856292725,7.576791763305664,11804970
2007-05-17,7.445960998535156,7.554039001464844,7.400454998016357,7.554039001464844,16355729
2007-05-18,7.394766807556152,7.4914679527282715,7.337883949279785,7.451650142669678,10498600
2007-05-21,7.411831855773926,7.440272808074951,7.3663249015808105,7.372014045715332,12226011
2007-05-22,7.502843856811523,7.542662143707275,7.4061431884765625,7.411831855773926,8376870
2007-05-23,7.519908905029297,7.565414905548096,7.468714237213135,7.51422119140625,8214958
2007-05-24,7.354948997497559,7.559727191925049,7.30944299697876,7.531285762786865,10453947
2007-05-25,7.298066139221191,7.394766807556152,7.275312900543213,7.3663249015808105,6734546
2007-05-29,7.2639360427856445,7.34357213973999,7.224118232727051,7.315131187438965,7656090
2007-05-30,7.18998908996582,7.246870994567871,7.110352993011475,7.246870994567871,13404223
2007-05-31,7.451650142669678,7.53697395324707,7.337883949279785,7.337883949279785,14877251
2007-06-01,7.451650142669678,7.51422119140625,7.394766807556152,7.423208236694336,6686905
2007-06-04,7.440272808074951,7.502843856811523,7.394766807556152,7.46302604675293,8097524
2007-06-05,7.30944299697876,7.440272808074951,7.281001091003418,7.400454998016357,10931771
2007-06-06,7.1615471839904785,7.275312900543213,7.150170803070068,7.2582478523254395,8211970
2007-06-07,7.11604118347168,7.229806900024414,7.110352993011475,7.121728897094727,8648129
2007-06-08,7.428895950317383,7.457337856292725,7.059157848358154,7.11604118347168,12872955
2007-06-11,7.400454998016357,7.423208236694336,7.3663249015808105,7.423208236694336,7079642
2007-06-12,7.662116050720215,7.7360639572143555,7.582479953765869,7.616610050201416,14171941
2007-06-13,7.673492908477783,7.758817195892334,7.565414905548096,7.713311195373535,10850903
2007-06-14,7.747439861297607,7.901023864746094,7.6507391929626465,7.6507391929626465,8789473
2007-06-15,7.895336151123047,7.912399768829346,7.792946815490723,7.8612060546875,8104732
2007-06-18,7.918088912963867,7.952218055725098,7.844141006469727,7.918088912963867,4804614
2007-06-19,7.849829196929932,7.906712055206299,7.775881767272949,7.866893768310547,9557894
2007-06-20,7.730374813079834,7.918088912963867,7.69055700302124,7.895336151123047,8447190
2007-06-21,7.849829196929932,7.855517864227295,7.684868812561035,7.718998908996582,9296656
2007-06-22,7.718998908996582,7.849829196929932,7.684868812561035,7.849829196929932,8412557
2007-06-25,7.6336750984191895,7.764504909515381,7.610921859741211,7.724687099456787,5478455
2007-06-26,7.497156143188477,7.662116050720215,7.423208236694336,7.6336750984191895,9659331
2007-06-27,7.605233192443848,7.616610050201416,7.428895950317383,7.46302604675293,4661864
2007-06-28,7.622297763824463,7.872581958770752,7.542662143707275,7.559727191925049,11287063
2007-06-29,7.639362812042236,7.7360639572143555,7.582479953765869,7.627985954284668,6237736
2007-07-02,7.707622051239014,7.764504909515381,7.639362812042236,7.662116050720215,5142853
2007-07-03,7.895336151123047,7.906712055206299,7.639362812042236,7.69055700302124,5058469
2007-07-05,7.906712055206299,7.935153961181641,7.815700054168701,7.815700054168701,4517181
2007-07-06,8.031853675842285,8.060296058654785,7.878271102905273,7.906712055206299,5232511
2007-07-09,8.094425201416016,8.1228666305542,7.963594913482666,8.026165962219238,4937167
2007-07-10,8.486916542053223,8.53242301940918,8.060296058654785,8.094425201416016,19060763
2007-07-11,8.697382926940918,8.731513023376465,8.430033683776855,8.447098731994629,12239548
2007-07-12,8.868032455444336,8.90785026550293,8.674630165100098,8.725825309753418,14113751
2007-07-13,8.828213691711426,8.924915313720703,8.737200736999512,8.8452787399292,6487196
2007-07-16,8.85665512084961,8.913537979125977,8.754265785217285,8.816837310791016,5203328
2007-07-17,8.896472930908203,8.936290740966797,8.794083595275879,8.8452787399292,5380535
2007-07-18,8.782708168029785,8.93060302734375,8.62912368774414,8.902161598205566,6540991
2007-07-19,9.038680076599121,9.106940269470215,8.816837310791016,8.816837310791016,9803839
2007-07-20,8.890785217285156,9.044368743896484,8.839590072631836,9.044368743896484,5057942
2007-07-23,8.794083595275879,8.959044456481934,8.777018547058105,8.890785217285156,5081323
2007-07-24,8.424345970153809,8.748578071594238,8.344710350036621,8.697382926940918,10675631
2007-07-25,8.378840446472168,8.549488067626953,8.248008728027344,8.481228828430176,7709885
2007-07-26,8.088736534118652,8.219568252563477,7.935153961181641,8.213878631591797,12409722
2007-07-27,8.054608345031738,8.276451110839844,8.031853675842285,8.077361106872559,10568920
2007-07-30,8.339021682739258,8.401593208312988,8.031853675842285,8.031853675842285,10108852
2007-07-31,8.151308059692383,8.407280921936035,8.151308059692383,8.390215873718262,9690448
2007-08-01,8.174060821533203,8.242321014404297,8.020478248596191,8.117178916931152,7605108
2007-08-02,8.23663330078125,8.304891586303711,8.043231010437012,8.219568252563477,9049832
2007-08-03,7.974971771240234,8.356085777282715,7.974971771240234,8.276451110839844,9504100
2007-08-06,7.901023864746094,8.037543296813965,7.616610050201416,7.9863481521606445,11265264
2007-08-07,7.952218055725098,7.969283103942871,7.684868812561035,7.8384528160095215,8660435
2007-08-08,8.321956634521484,8.452787399291992,7.992035865783691,8.003413200378418,17394707
2007-08-09,8.464163780212402,8.890785217285156,8.179750442504883,8.20819091796875,19464928
2007-08-10,8.27076244354248,8.794083595275879,8.156996726989746,8.333333015441895,13916855
2007-08-13,8.088736534118652,8.401593208312988,7.952218055725098,8.2935152053833,7955653
2007-08-14,7.940842151641846,8.191125869750977,7.940842151641846,8.191125869750977,4180876
2007-08-15,7.5938568115234375,8.060296058654785,7.5938568115234375,7.963594913482666,8929937
2007-08-16,7.6507391929626465,7.701933860778809,7.212741851806641,7.51422119140625,14867933
2007-08-17,7.81001091003418,7.901023864746094,7.599545001983643,7.827075958251953,7250695
2007-08-20,7.844141006469727,7.929464817047119,7.707622051239014,7.770193099975586,4239769
2007-08-21,7.821387767791748,7.992035865783691,7.781569957733154,7.804323196411133,4729723
2007-08-22,8.168373107910156,8.304891586303711,7.855517864227295,7.895336151123047,17401387
2007-08-23,7.758817195892334,8.361775398254395,7.7360639572143555,8.333333015441895,16106972
2007-08-24,8.009100914001465,8.020478248596191,7.770193099975586,7.775881767272949,6918433
2007-08-27,8.026165962219238,8.071672439575195,7.940842151641846,8.009100914001465,4441235
2007-08-28,7.963594913482666,8.048918724060059,7.963594913482666,8.026165962219238,5375788
2007-08-29,8.174060821533203,8.179750442504883,7.946529865264893,7.969283103942871,7977628
2007-08-30,8.23094367980957,8.333333015441895,8.014789581298828,8.128555297851562,5964542
2007-08-31,8.28213882446289,8.395903587341309,8.225255966186523,8.310580253601074,5459469
2007-09-04,8.60637092590332,8.691695213317871,8.23663330078125,8.316267967224121,10897666
2007-09-05,8.464163780212402,8.57792854309082,8.390215873718262,8.53242301940918,6142452
2007-09-06,8.503981590270996,8.549488067626953,8.430033683776855,8.430033683776855,5400400
2007-09-07,8.441411018371582,8.481228828430176,8.333333015441895,8.418658256530762,5185573
2007-09-10,8.18543815612793,8.481228828430176,8.16268539428711,8.458476066589355,6830006
2007-09-11,8.27076244354248,8.276451110839844,8.128555297851562,8.219568252563477,5411476
2007-09-12,8.2935152053833,8.333333015441895,8.219568252563477,8.225255966186523,5146369
2007-09-13,8.043231010437012,8.350398063659668,8.031853675842285,8.321956634521484,10651898
2007-09-14,7.923777103424072,8.100113868713379,7.878271102905273,7.974971771240234,9897716
2007-09-17,7.724687099456787,7.969283103942871,7.5938568115234375,7.895336151123047,10047497
2007-09-18,7.878271102905273,7.88395881652832,7.610921859741211,7.775881767272949,12188038
2007-09-19,7.997725009918213,8.094425201416016,7.878271102905273,7.88395881652832,9299820
2007-09-20,7.9863481521606445,8.026165962219238,7.855517864227295,7.963594913482666,5945908
2007-09-21,8.014789581298828,8.083048820495605,7.935153961181641,8.071672439575195,6240724
2007-09-24,7.929464817047119,8.037543296813965,7.88395881652832,7.9863481521606445,3698129
2007-09-25,8.014789581298828,8.014789581298828,7.878271102905273,7.878271102905273,4409240
2007-09-26,8.139931678771973,8.16268539428711,7.9806599617004395,8.026165962219238,5330959
2007-09-27,8.248008728027344,8.316267967224121,8.117178916931152,8.128555297851562,4133937
2007-09-28,8.50967025756836,8.526735305786133,8.20819091796875,8.265073776245117,9441691
2007-10-01,8.680318832397461,8.782708168029785,8.401593208312988,8.430033683776855,8388121
2007-10-02,8.66894245147705,8.816837310791016,8.60637092590332,8.680318832397461,4848564
2007-10-03,8.66894245147705,8.742890357971191,8.57792854309082,8.612058639526367,3726784
2007-10-04,8.623435974121094,8.742890357971191,8.612058639526367,8.697382926940918,3839824
2007-10-05,8.731513023376465,8.8452787399292,8.623435974121094,8.62912368774414,5126328
2007-10-08,8.8452787399292,8.868032455444336,8.686006546020508,8.703071594238281,3070874
2007-10-09,8.970420837402344,9.010238647460938,8.759954452514648,8.873720169067383,4585743
2007-10-10,8.95335578918457,8.981797218322754,8.731513023376465,8.964733123779297,7450580
2007-10-11,8.896472930908203,9.129693031311035,8.816837310791016,8.941980361938477,7315917
2007-10-12,8.816837310791016,8.959044456481934,8.782708168029785,8.95335578918457,3719401
2007-10-15,8.964733123779297,9.072810173034668,8.822525978088379,8.822525978088379,5481092
2007-10-16,8.839590072631836,8.97610855102539,8.759954452514648,8.97610855102539,5873478
2007-10-17,8.924915313720703,9.00455093383789,8.777018547058105,8.936290740966797,5384227
2007-10-18,8.936290740966797,8.941980361938477,8.822525978088379,8.873720169067383,3266716
2007-10-19,8.663253784179688,8.93060302734375,8.612058639526367,8.90785026550293,6600235
2007-10-22,8.623435974121094,8.765643119812012,8.384528160095215,8.589305877685547,7913461
2007-10-23,8.691695213317871,8.788395881652832,8.572240829467773,8.646188735961914,7289899
2007-10-24,8.526735305786133,8.594993591308594,8.28213882446289,8.549488067626953,9118043
2007-10-25,8.304891586303711,8.543800354003906,8.28213882446289,8.503981590270996,7159279
2007-10-26,8.378840446472168,8.475540161132812,8.28213882446289,8.430033683776855,5307050
2007-10-29,8.623435974121094,8.697382926940918,8.418658256530762,8.447098731994629,5023309
2007-10-30,8.640501022338867,8.777018547058105,8.57792854309082,8.651877403259277,4928553
2007-10-31,8.680318832397461,8.731513023376465,8.56086540222168,8.66894245147705,7926295
2007-11-01,8.339021682739258,8.612058639526367,8.276451110839844,8.458476066589355,11555510
2007-11-02,8.248008728027344,8.452787399291992,8.13424301147461,8.452787399291992,10381693
2007-11-05,8.2935152053833,8.384528160095215,8.100113868713379,8.225255966186523,6505655
2007-11-06,8.344710350036621,8.390215873718262,8.19681453704834,8.25938606262207,4894096
2007-11-07,8.003413200378418,8.333333015441895,8.003413200378418,8.248008728027344,6602345
2007-11-08,7.610921859741211,8.048918724060059,7.48577880859375,7.992035865783691,14061363
2007-11-09,7.423208236694336,7.610921859741211,7.423208236694336,7.531285762786865,8797735
2007-11-12,7.445960998535156,7.5938568115234375,7.332196235656738,7.372014045715332,6563845
2007-11-13,7.821387767791748,7.821387767791748,7.5085320472717285,7.5085320472717285,6958340
2007-11-14,7.548349857330322,7.855517864227295,7.53697395324707,7.827075958251953,10447267
2007-11-15,7.588168144226074,7.679181098937988,7.497156143188477,7.559727191925049,6451157
2007-11-16,7.576791763305664,7.6507391929626465,7.457337856292725,7.645051002502441,8012437
2007-11-19,7.4914679527282715,7.616610050201416,7.34357213973999,7.542662143707275,8195269
2007-11-20,7.428895950317383,7.559727191925049,7.298066139221191,7.5085320472717285,9232489
2007-11-21,7.3663249015808105,7.474402904510498,7.155858993530273,7.383389949798584,6857079
2007-11-23,7.3663249015808105,7.445960998535156,7.30944299697876,7.389078140258789,2189062
2007-11-26,7.281001091003418,7.519908905029297,7.281001091003418,7.3663249015808105,5201043
2007-11-27,7.48577880859375,7.5085320472717285,7.2639360427856445,7.2639360427856445,5548248
2007-11-28,7.707622051239014,7.827075958251953,7.616610050201416,7.627985954284668,7202702
2007-11-29,7.627985954284668,7.718998908996582,7.605233192443848,7.667803764343262,4278620
2007-11-30,7.65642786026001,7.775881767272949,7.5938568115234375,7.6336750984191895,6097975
2007-12-03,7.548349857330322,7.6507391929626465,7.525597095489502,7.627985954284668,5845702
2007-12-04,7.4061431884765625,7.531285762786865,7.298066139221191,7.434585094451904,4330306
2007-12-05,7.866893768310547,7.952218055725098,7.610921859741211,7.627985954284668,10490689
2007-12-06,7.946529865264893,7.992035865783691,7.798635005950928,7.895336151123047,5859414
2007-12-07,7.929464817047119,7.997725009918213,7.849829196929932,7.997725009918213,5197175
2007-12-10,7.929464817047119,8.037543296813965,7.844141006469727,7.906712055206299,4068715
2007-12-11,7.65642786026001,8.003413200378418,7.65642786026001,7.929464817047119,6009371
2007-12-12,7.775881767272949,7.901023864746094,7.679181098937988,7.718998908996582,7583660
2007-12-13,7.946529865264893,7.963594913482666,7.679181098937988,7.69055700302124,6299266
2007-12-14,7.912399768829346,8.168373107910156,7.815700054168701,7.827075958251953,8210915
2007-12-17,7.667803764343262,7.957907199859619,7.639362812042236,7.827075958251953,5584463
2007-12-18,7.65642786026001,7.7360639572143555,7.582479953765869,7.673492908477783,4513313
2007-12-19,7.65642786026001,7.713311195373535,7.525597095489502,7.6507391929626465,3552039
2007-12-20,7.844141006469727,7.844141006469727,7.6507391929626465,7.684868812561035,3655761
2007-12-21,7.821387767791748,7.935153961181641,7.770193099975586,7.935153961181641,6678994
2007-12-24,7.866893768310547,7.912399768829346,7.747439861297607,7.770193099975586,1824804
2007-12-26,7.88395881652832,7.918088912963867,7.753129005432129,7.758817195892334,3575948
2007-12-27,7.69055700302124,7.878271102905273,7.69055700302124,7.827075958251953,4690696
2007-12-28,7.6336750984191895,7.770193099975586,7.588168144226074,7.696246147155762,5804037
2007-12-31,7.565414905548096,7.6336750984191895,7.434585094451904,7.582479953765869,6584237
2008-01-02,7.468714237213135,7.610921859741211,7.400454998016357,7.531285762786865,6500381
2008-01-03,7.480091094970703,7.599545001983643,7.377702236175537,7.451650142669678,5461403
2008-01-04,7.1387939453125,7.457337856292725,7.110352993011475,7.457337856292725,7409443
2008-01-07,7.042092800140381,7.207053184509277,6.894197940826416,7.1387939453125,7901155
2008-01-08,6.678042888641357,7.1387939453125,6.6723551750183105,7.093287944793701,9027682
2008-01-09,6.535836219787598,6.757678985595703,6.26279878616333,6.655290126800537,13296985
2008-01-10,6.729238033294678,6.786120891571045,6.456200122833252,6.484642028808594,10684245
2008-01-11,6.490330219268799,6.689420223236084,6.427759170532227,6.683732032775879,7833824
2008-01-14,6.604095935821533,6.632536888122559,6.513082981109619,6.5415239334106445,6594082
2008-01-15,6.450511932373047,6.5813422203063965,6.405005931854248,6.5415239334106445,5078335
2008-01-16,6.331058025360107,6.484642028808594,6.1945390701293945,6.331058025360107,9827044
2008-01-17,6.211604118347168,6.399316787719727,6.200228214263916,6.376564025878906,8341007
2008-01-18,6.04664421081543,6.365188121795654,6.001138210296631,6.257110118865967,11787390
2008-01-22,5.739477157592773,5.955630779266357,5.506257057189941,5.5745158195495605,16061615
2008-01-23,5.733788013458252,5.750853061676025,5.39818000793457,5.5972700119018555,13880113
2008-01-24,5.858931064605713,5.961319923400879,5.722412109375,5.739477157592773,7515098
2008-01-25,5.722412109375,6.012514114379883,5.711034774780273,5.972695827484131,7743814
2008-01-28,5.887372016906738,5.932878017425537,5.693970203399658,5.739477157592773,7791280
2008-01-29,5.972695827484131,6.040956020355225,5.784983158111572,5.932878017425537,10826291
2008-01-30,6.035266876220703,6.137656211853027,5.853241920471191,5.898748874664307,6544331
2008-01-31,5.921502113342285,6.103527069091797,5.858931064605713,5.910124778747559,11381995
2008-02-01,6.029579162597656,6.114902973175049,5.830489158630371,5.893060207366943,14832422
2008-02-04,5.955630779266357,6.080773830413818,5.904437065124512,6.058020114898682,6773047
2008-02-05,5.779294967651367,5.9499430656433105,5.773605823516846,5.87599515914917,14127640
2008-02-06,7.281001091003418,7.673492908477783,7.121728897094727,7.440272808074951,54554080
2008-02-07,6.894197940826416,7.121728897094727,6.81456184387207,7.081911087036133,21091253
2008-02-08,6.79180908203125,6.9112629890441895,6.780432224273682,6.865756988525391,13964673
2008-02-11,7.730374813079834,7.821387767791748,6.865756988525391,6.928328037261963,29702465
2008-02-12,7.178612232208252,7.707622051239014,7.087600231170654,7.684868812561035,24026938
2008-02-13,7.565414905548096,7.599545001983643,7.229806900024414,7.275312900543213,14820995
2008-02-14,7.332196235656738,7.6507391929626465,7.241182804107666,7.53697395324707,10189192
2008-02-15,7.315131187438965,7.360637187957764,7.172924041748047,7.281001091003418,7592802
2008-02-19,7.298066139221191,7.445960998535156,7.235495090484619,7.411831855773926,7406102
2008-02-20,7.184299945831299,7.286688804626465,7.007964134216309,7.246870994567871,10473285
2008-02-21,7.110352993011475,7.3492608070373535,7.093287944793701,7.18998908996582,10135046
2008-02-22,7.34357213973999,7.3663249015808105,7.121728897094727,7.127418041229248,10024116
2008-02-25,7.639362812042236,7.696246147155762,7.30944299697876,7.326507091522217,14007744
2008-02-26,7.764504909515381,7.901023864746094,7.5085320472717285,7.5085320472717285,10181281
2008-02-27,7.832765102386475,7.946529865264893,7.679181098937988,7.69055700302124,8804767
2008-02-28,7.571104049682617,7.804323196411133,7.571104049682617,7.804323196411133,7024089
2008-02-29,7.480091094970703,7.6336750984191895,7.423208236694336,7.605233192443848,9239872
2008-03-03,7.389078140258789,7.548349857330322,7.2582478523254395,7.480091094970703,6982424
2008-03-04,7.298066139221191,7.4061431884765625,7.155858993530273,7.389078140258789,10604608
2008-03-05,7.4061431884765625,7.548349857330322,7.30944299697876,7.315131187438965,8720911
2008-03-06,7.081911087036133,7.372014045715332,7.081911087036133,7.337883949279785,7447591
2008-03-07,7.059157848358154,7.235495090484619,6.968145847320557,7.059157848358154,7677186
2008-03-10,6.81456184387207,7.144482135772705,6.81456184387207,7.110352993011475,7992220
2008-03-11,6.882821083068848,7.002274990081787,6.62116003036499,6.9112629890441895,10433554
2008-03-12,7.252560138702393,7.4061431884765625,6.894197940826416,6.922638893127441,13063346
2008-03-13,7.30944299697876,7.383389949798584,7.104663848876953,7.167234897613525,10063319
2008-03-14,7.1387939453125,7.377702236175537,7.059157848358154,7.337883949279785,9420419
2008-03-17,7.081911087036133,7.155858993530273,6.882821083068848,7.053470134735107,7572585
2008-03-18,7.3663249015808105,7.377702236175537,7.093287944793701,7.184299945831299,8124421
2008-03-19,7.315131187438965,7.468714237213135,7.269625186920166,7.3663249015808105,9666715
2008-03-20,7.548349857330322,7.548349857330322,7.315131187438965,7.3663249015808105,8244844
2008-03-24,7.8612060546875,7.963594913482666,7.571104049682617,7.571104049682617,10191653
2008-03-25,8.026165962219238,8.111490249633789,7.775881767272949,7.821387767791748,7406981
2008-03-26,7.8384528160095215,8.009100914001465,7.804323196411133,7.969283103942871,5840252
2008-03-27,7.787258148193359,7.952218055725098,7.7417521476745605,7.849829196929932,4173668
2008-03-28,7.46302604675293,7.929464817047119,7.394766807556152,7.787258148193359,12951538
2008-03-31,7.616610050201416,7.673492908477783,7.457337856292725,7.497156143188477,9244091
2008-04-01,7.929464817047119,7.935153961181641,7.645051002502441,7.69055700302124,6234571
2008-04-02,7.923777103424072,8.043231010437012,7.8612060546875,7.889647006988525,7018639
2008-04-03,8.065983772277832,8.105801582336426,7.781569957733154,7.855517864227295,7724652
2008-04-04,8.53242301940918,8.720136642456055,8.009100914001465,8.060296058654785,20661422
2008-04-07,8.265073776245117,8.634812355041504,8.191125869750977,8.549488067626953,9649310
2008-04-08,8.339021682739258,8.452787399291992,8.128555297851562,8.23094367980957,8994807
2008-04-09,8.083048820495605,8.395903587341309,8.020478248596191,8.321956634521484,8640394
2008-04-10,8.174060821533203,8.265073776245117,7.952218055725098,8.060296058654785,7894826
2008-04-11,7.65642786026001,8.13424301147461,7.5085320472717285,8.13424301147461,14757355
2008-04-14,7.605233192443848,7.844141006469727,7.599545001983643,7.662116050720215,6471901
2008-04-15,7.502843856811523,7.679181098937988,7.30944299697876,7.599545001983643,9882070
2008-04-16,7.88395881652832,7.969283103942871,7.571104049682617,7.571104049682617,9173068
2008-04-17,7.821387767791748,7.918088912963867,7.679181098937988,7.88395881652832,6156340
2008-04-18,8.156996726989746,8.310580253601074,7.952218055725098,7.992035865783691,10362707
2008-04-21,8.242321014404297,8.299203872680664,8.037543296813965,8.105801582336426,6984007
2008-04-22,8.083048820495605,8.19681453704834,7.929464817047119,8.18543815612793,7104078
2008-04-23,8.111490249633789,8.168373107910156,7.946529865264893,8.065983772277832,5480389
2008-04-24,8.384528160095215,8.526735305786133,8.020478248596191,8.105801582336426,9748462
2008-04-25,8.447098731994629,8.515357971191406,8.23094367980957,8.435722351074219,6010250
2008-04-28,8.299203872680664,8.475540161132812,8.253697395324707,8.475540161132812,6653151
2008-04-29,8.2935152053833,8.390215873718262,8.16268539428711,8.248008728027344,6466100
2008-04-30,8.139931678771973,8.327645301818848,7.9806599617004395,8.304891586303711,16288573
2008-05-01,6.825939178466797,7.195676803588867,6.638225078582764,7.184299945831299,72035632
2008-05-02,6.706484794616699,6.831626892089844,6.5813422203063965,6.81456184387207,21155948
2008-05-05,6.387940883636475,6.6723551750183105,6.291240215301514,6.660977840423584,23544718
2008-05-06,6.5415239334106445,6.592719078063965,6.27417516708374,6.359498977661133,14677542
2008-05-07,6.44482421875,6.706484794616699,6.376564025878906,6.5415239334106445,13806453
2008-05-08,6.44482421875,6.496017932891846,6.353810787200928,6.456200122833252,9823880
2008-05-09,6.427759170532227,6.490330219268799,6.331058025360107,6.370875835418701,7962685
2008-05-12,6.490330219268799,6.552900791168213,6.410694122314453,6.4391350746154785,6250569
2008-05-13,6.484642028808594,6.535836219787598,6.405005931854248,6.5244598388671875,7324180
2008-05-14,6.547213077545166,6.689420223236084,6.484642028808594,6.507394790649414,10469066
2008-05-15,6.729238033294678,6.7690558433532715,6.615471839904785,6.700796127319336,11031802
2008-05-16,6.712172985076904,6.729238033294678,6.569965839385986,6.712172985076904,7837516
2008-05-19,6.712172985076904,6.877132892608643,6.655290126800537,6.660977840423584,9818254
2008-05-20,6.604095935821533,6.695107936859131,6.5415239334106445,6.678042888641357,6428303
2008-05-21,6.530148029327393,6.751990795135498,6.501706123352051,6.598406791687012,9212975
2008-05-22,6.535836219787598,6.626849174499512,6.490330219268799,6.5415239334106445,9679372
2008-05-23,6.62116003036499,6.678042888641357,6.507394790649414,6.507394790649414,6892063
2008-05-27,6.632536888122559,6.700796127319336,6.547213077545166,6.592719078063965,6591973
2008-05-28,6.598406791687012,6.678042888641357,6.513082981109619,6.615471839904785,9281537
2008-05-29,6.757678985595703,6.820250034332275,6.598406791687012,6.615471839904785,7126580
2008-05-30,7.036405086517334,7.036405086517334,6.79180908203125,6.820250034332275,11064500
2008-06-02,6.882821083068848,7.030716896057129,6.808874130249023,7.0193400382995605,6607267
2008-06-03,6.837315082550049,6.985209941864014,6.808874130249023,6.877132892608643,7358109
2008-06-04,6.951080799102783,7.059157848358154,6.808874130249023,6.825939178466797,10860221
2008-06-05,7.207053184509277,7.235495090484619,6.951080799102783,6.985209941864014,11202503
2008-06-06,7.002274990081787,7.326507091522217,6.996586799621582,7.184299945831299,8782792
2008-06-09,6.894197940826416,7.076222896575928,6.808874130249023,7.053470134735107,7018463
2008-06-10,6.854380130767822,6.968145847320557,6.820250034332275,6.837315082550049,7227490
2008-06-11,6.786120891571045,6.94539213180542,6.786120891571045,6.871445178985596,5362076
2008-06-12,6.81456184387207,6.905574798583984,6.757678985595703,6.877132892608643,7866347
2008-06-13,7.002274990081787,7.053470134735107,6.837315082550049,6.854380130767822,5857832
2008-06-16,7.144482135772705,7.246870994567871,6.94539213180542,6.968145847320557,5972102
2008-06-17,7.007964134216309,7.224118232727051,6.956768989562988,7.201364994049072,7462886
2008-06-18,6.877132892608643,7.007964134216309,6.825939178466797,6.94539213180542,4931366
2008-06-19,6.973834037780762,7.025028228759766,6.831626892089844,6.848691940307617,5044054
2008-06-20,6.7690558433532715,6.956768989562988,6.712172985076904,6.956768989562988,8968789
2008-06-23,6.683732032775879,6.865756988525391,6.6723551750183105,6.865756988525391,9388775
2008-06-24,6.700796127319336,6.746303081512451,6.632536888122559,6.6666669845581055,8247481
2008-06-25,6.712172985076904,6.865756988525391,6.660977840423584,6.706484794616699,9497068
2008-06-26,6.501706123352051,6.729238033294678,6.456200122833252,6.729238033294678,9035944
2008-06-27,6.5813422203063965,6.655290126800537,6.405005931854248,6.518771171569824,9248486
2008-06-30,6.461888790130615,6.615471839904785,6.4391350746154785,6.530148029327393,8910775
2008-07-01,6.456200122833252,6.478952884674072,6.3367462158203125,6.365188121795654,10114477
2008-07-02,6.217291831970215,6.46757698059082,6.217291831970215,6.399316787719727,10567162
2008-07-03,6.251421928405762,6.2969279289245605,6.114902973175049,6.228669166564941,3999274
2008-07-07,6.331058025360107,6.450511932373047,6.217291831970215,6.257110118865967,8078537
2008-07-08,6.433446884155273,6.450511932373047,6.217291831970215,6.348123073577881,8345578
2008-07-09,6.0921502113342285,6.427759170532227,6.086462020874023,6.4163818359375,10577183
2008-07-10,6.023890972137451,6.183163166046143,5.921502113342285,6.131968021392822,9609228
2008-07-11,6.001138210296631,6.160409927368164,5.898748874664307,5.978384971618652,8855749
2008-07-14,5.961319923400879,6.12059211730957,5.853241920471191,6.040956020355225,7490135
2008-07-15,6.035266876220703,6.131968021392822,5.870306968688965,5.898748874664307,11875642
2008-07-16,6.166098117828369,6.1945390701293945,5.910124778747559,5.910124778747559,8071681
2008-07-17,6.177474021911621,6.257110118865967,6.063708782196045,6.154720783233643,5621029
2008-07-18,6.251421928405762,6.313992977142334,6.086462020874023,6.205915927886963,6718549
2008-07-21,6.251421928405762,6.325369834899902,6.149033069610596,6.149033069610596,4575371
2008-07-22,6.348123073577881,6.353810787200928,6.063708782196045,6.126279830932617,3809410
2008-07-23,6.27417516708374,6.513082981109619,6.217291831970215,6.353810787200928,7801125
2008-07-24,6.075085163116455,6.302617073059082,6.058020114898682,6.302617073059082,6607091
2008-07-25,6.222980976104736,6.24004602432251,6.029579162597656,6.04664421081543,5136349
2008-07-28,6.143344879150391,6.268486976623535,6.137656211853027,6.171785831451416,3854942
2008-07-29,6.3367462158203125,6.410694122314453,6.058020114898682,6.171785831451416,5930261
2008-07-30,6.342434883117676,6.44482421875,6.245734214782715,6.331058025360107,5729322
2008-07-31,6.217291831970215,6.387940883636475,6.211604118347168,6.325369834899902,6861650
2008-08-01,6.234356880187988,6.308304786682129,6.06939697265625,6.211604118347168,5088004
2008-08-04,6.177474021911621,6.26279878616333,6.149033069610596,6.228669166564941,4216211
2008-08-05,6.251421928405762,6.285552024841309,6.171785831451416,6.222980976104736,4243460
2008-08-06,6.348123073577881,6.365188121795654,6.200228214263916,6.222980976104736,5115428
2008-08-07,6.200228214263916,6.308304786682129,6.183163166046143,6.285552024841309,5653025
2008-08-08,6.24004602432251,6.331058025360107,6.222980976104736,6.245734214782715,7628314
2008-08-11,6.4163818359375,6.501706123352051,6.26279878616333,6.268486976623535,7048877
2008-08-12,6.2969279289245605,6.450511932373047,6.257110118865967,6.399316787719727,6202927
2008-08-13,6.331058025360107,6.376564025878906,6.211604118347168,6.2969279289245605,5850800
2008-08-14,6.490330219268799,6.5642781257629395,6.268486976623535,6.268486976623535,6587226
2008-08-15,6.58703088760376,6.655290126800537,6.450511932373047,6.496017932891846,6272192
2008-08-18,6.558588981628418,6.604095935821533,6.490330219268799,6.592719078063965,5417101
2008-08-19,6.58703088760376,6.723548889160156,6.496017932891846,6.5415239334106445,8039334
2008-08-20,6.7690558433532715,6.81456184387207,6.501706123352051,6.615471839904785,15722849
2008-08-21,5.927189826965332,6.018202781677246,5.568828105926514,5.8418660163879395,38687251
2008-08-22,5.773605823516846,5.955630779266357,5.722412109375,5.9442548751831055,10403317
2008-08-25,5.693970203399658,5.830489158630371,5.642776012420654,5.722412109375,10176359
2008-08-26,5.711034774780273,5.739477157592773,5.608645915985107,5.693970203399658,7296755
2008-08-27,5.773605823516846,5.858931064605713,5.659841060638428,5.705347061157227,7013541
2008-08-28,5.910124778747559,5.927189826965332,5.762229919433594,5.802048206329346,7256848
2008-08-29,5.779294967651367,5.898748874664307,5.728099822998047,5.8475542068481445,7209206
2008-09-02,5.802048206329346,5.870306968688965,5.716723918914795,5.858931064605713,10398570
2008-09-03,5.762229919433594,5.86461877822876,5.711034774780273,5.773605823516846,6455024
2008-09-04,5.557452201843262,5.6996588706970215,5.55176305770874,5.665528774261475,10212574
2008-09-05,5.4550628662109375,5.511944770812988,5.386803150177002,5.500568866729736,12825313
2008-09-08,5.6143341064453125,5.631399154663086,5.460751056671143,5.5745158195495605,6926872
2008-09-09,5.426620960235596,5.750853061676025,5.420932769775391,5.6029582023620605,5638961
2008-09-10,5.449374198913574,5.534698963165283,5.420932769775391,5.489192008972168,4735173
2008-09-11,5.335608959197998,5.432309150695801,5.187713146209717,5.267348766326904,7896584
2008-09-12,5.358362197875977,5.358362197875977,5.244596004486084,5.312856197357178,5518714
2008-09-15,5.068258762359619,5.335608959197998,5.062571048736572,5.250284194946289,6865342
2008-09-16,5.056882858276367,5.073947906494141,4.846415996551514,5.005688190460205,8704561
2008-09-17,4.726962089538574,4.943117141723633,4.493742942810059,4.908987045288086,11259287
2008-09-18,4.852105140686035,4.857792854309082,4.3970417976379395,4.692832946777344,11661693
2008-09-19,5.238907814025879,5.267348766326904,4.618885040283203,4.920363903045654,12576029
2008-09-22,4.897611141204834,5.255972862243652,4.8805460929870605,5.187713146209717,5784523
2008-09-23,4.698521137237549,4.97724723815918,4.658702850341797,4.954493999481201,8345929
2008-09-24,4.732651233673096,4.852105140686035,4.60181999206543,4.852105140686035,6948671
2008-09-25,4.914676189422607,4.971559047698975,4.704208850860596,4.732651233673096,4522807
2008-09-26,4.926052093505859,4.937428951263428,4.721273899078369,4.7781572341918945,4529487
2008-09-29,4.510807991027832,4.960182189941406,4.48236608505249,4.783844947814941,8197378
2008-09-30,4.817975044250488,4.835040092468262,4.493742942810059,4.573379039764404,9886465
2008-10-01,4.692832946777344,4.823663234710693,4.6302618980407715,4.761092185974121,6684092
2008-10-02,4.4254841804504395,4.732651233673096,4.419795036315918,4.641637802124023,4284422
2008-10-03,4.311717987060547,4.709897994995117,4.294652938842773,4.465301036834717,8633538
2008-10-06,4.260522842407227,4.294652938842773,3.8794078826904297,4.203640937805176,9732815
2008-10-07,3.8794078826904297,4.351535797119141,3.8680319786071777,4.271900177001953,8488679
2008-10-08,3.6063709259033203,4.004550933837891,3.5381109714508057,3.731513023376465,15531578
2008-10-09,3.6177470684051514,3.8111488819122314,3.5665531158447266,3.725825071334839,11673999
2008-10-10,3.839590072631836,4.089875221252441,3.3276450634002686,3.4300339221954346,19633168
2008-10-13,4.129693031311035,4.141068935394287,3.8794078826904297,3.976109027862549,11942446
2008-10-14,3.686007022857666,4.220705032348633,3.4641640186309814,4.192264080047607,25450390
2008-10-15,3.555176019668579,3.7656428813934326,3.555176019668579,3.7144479751586914,10720108
2008-10-16,3.5324230194091797,3.7485780715942383,3.304892063140869,3.640501022338867,15736913
2008-10-17,3.5267350673675537,3.589306116104126,3.304892063140869,3.5096700191497803,12727568
2008-10-20,3.6746299266815186,3.6746299266815186,3.5267350673675537,3.549488067626953,5726861
2008-10-21,3.5324230194091797,3.640501022338867,3.5039820671081543,3.6063709259033203,4899722
2008-10-22,3.350398063659668,3.5267350673675537,3.2764511108398438,3.4129691123962402,5016101
2008-10-23,3.2707619667053223,3.401592969894409,3.1399319171905518,3.339021921157837,7054502
2008-10-24,3.1285550594329834,3.2593860626220703,2.912400007247925,3.0147900581359863,6139991
2008-10-27,3.071671962738037,3.156996965408325,2.9749720096588135,3.0204780101776123,5039834
2008-10-28,3.4698519706726074,3.4755399227142334,3.065984010696411,3.1683731079101562,8719856
2008-10-29,3.4129691123962402,3.5210471153259277,3.3333330154418945,3.486917018890381,9258507
2008-10-30,3.1228671073913574,3.395904064178467,3.0318539142608643,3.316267967224121,12948725
2008-10-31,3.105802059173584,3.20819091796875,3.0432310104370117,3.1399319171905518,10884305
2008-11-03,3.054608106613159,3.1342430114746094,3.0261659622192383,3.071671962738037,5096969
2008-11-04,3.1342430114746094,3.1854379177093506,3.0204780101776123,3.071671962738037,11147126
2008-11-05,2.9863479137420654,3.1683731079101562,2.9863479137420654,3.1342430114746094,4952286
2008-11-06,2.7815699577331543,2.9863479137420654,2.770193099975586,2.9237771034240723,5279274
2008-11-07,2.724687099456787,2.8043229579925537,2.662116050720215,2.7815699577331543,5400752
2008-11-10,2.6791810989379883,2.764504909515381,2.6336750984191895,2.662116050720215,4212168
2008-11-11,2.4061429500579834,2.667804002761841,2.372014045715332,2.6507389545440674,5806850
2008-11-12,1.8145619630813599,2.3492610454559326,1.7519910335540771,2.343571901321411,24164765
2008-11-13,1.9340159893035889,1.9397039413452148,1.678043007850647,1.8088740110397339,21399079
2008-11-14,1.7406140565872192,1.9055750370025635,1.683732032775879,1.8316270112991333,12230406
2008-11-17,1.678043007850647,1.8316270112991333,1.678043007850647,1.7064850330352783,9451184
2008-11-18,1.6552900075912476,1.7121729850769043,1.6211600303649902,1.6609779596328735,6945331
2008-11-19,1.4675769805908203,1.678043007850647,1.4675769805908203,1.643913984298706,7157345
2008-11-20,1.2571099996566772,1.5073950290679932,1.2571099996566772,1.4789530038833618,10688640
2008-11-21,1.2627990245819092,1.313992977142334,1.1433449983596802,1.2571099996566772,12286310
2008-11-24,1.439134955406189,1.4505120515823364,1.2798629999160767,1.2855520248413086,10129772
2008-11-25,1.4050060510635376,1.5187710523605347,1.3879410028457642,1.4960180521011353,15986021
2008-11-26,1.5017060041427612,1.5813419818878174,1.4050060510635376,1.4163819551467896,6385583
2008-11-28,1.5472129583358765,1.5472129583358765,1.4562000036239624,1.524459958076477,2922851
2008-12-01,1.3424350023269653,1.56427800655365,1.3424350023269653,1.5472129583358765,5777491
2008-12-02,1.4846420288085938,1.5187710523605347,1.3196810483932495,1.4220709800720215,6779024
2008-12-03,1.552901029586792,1.5699659585952759,1.3708759546279907,1.3993170261383057,7368481
2008-12-04,1.3765640258789062,1.5358359813690186,1.3708759546279907,1.5301480293273926,4638835
2008-12-05,1.6496020555496216,1.6894199848175049,1.3367459774017334,1.3424350023269653,8979688
2008-12-08,1.7918089628219604,1.8714449405670166,1.7463029623031616,1.7633670568466187,6640669
2008-12-09,1.8430030345916748,1.9397039413452148,1.769055962562561,1.8202500343322754,9401257
2008-12-10,2.0591580867767334,2.1103529930114746,1.8316270112991333,1.8316270112991333,8427852
2008-12-11,2.04209303855896,2.133105993270874,1.9852099418640137,2.002274990081787,11308159
2008-12-12,2.1160409450531006,2.127418041229248,1.9624569416046143,1.9624569416046143,6138233
2008-12-15,2.1046640872955322,2.1217288970947266,2.030716896057129,2.1103529930114746,5176431
2008-12-16,2.2582480907440186,2.2582480907440186,2.081911087036133,2.1046640872955322,5159027
2008-12-17,2.2923779487609863,2.3492610454559326,2.1558589935302734,2.2070529460906982,5013816
2008-12-18,2.093287944793701,2.3151309490203857,2.030716896057129,2.269624948501587,8345578
2008-12-19,2.269624948501587,2.269624948501587,2.0534698963165283,2.093287944793701,10719405
2008-12-22,2.036405086517334,2.275312900543213,1.7918089628219604,2.269624948501587,22263839
2008-12-23,1.9567689895629883,2.144481897354126,1.8998860120773315,2.0193400382995605,12299144
2008-12-24,1.9340159893035889,1.9681459665298462,1.8771330118179321,1.922639012336731,2711012
2008-12-26,2.0136520862579346,2.0193400382995605,1.9055750370025635,1.9112629890441895,2156714
2008-12-29,1.9397039413452148,2.0193400382995605,1.8998860120773315,1.9965870380401611,3591946
2008-12-30,2.036405086517334,2.036405086517334,1.922639012336731,1.9624569416046143,4409591
2008-12-31,2.0762228965759277,2.1217288970947266,1.9738340377807617,1.9738340377807617,4535816
2009-01-02,2.3492610454559326,2.3492610454559326,2.0705349445343018,2.1103529930114746,5438725
2009-01-05,2.576792001724243,2.667804002761841,2.3094429969787598,2.332195997238159,11006662
2009-01-06,2.9863479137420654,3.0147900581359863,2.622298002243042,2.6336750984191895,11995889
2009-01-07,2.6905570030212402,2.8839590549468994,2.5995450019836426,2.8612060546875,11387269
2009-01-08,2.758816957473755,2.758816957473755,2.5597269535064697,2.6848690509796143,5517659
2009-01-09,2.627985954284668,2.815700054168701,2.61092209815979,2.764504909515381,4931542
2009-01-12,2.423207998275757,2.61092209815979,2.3947670459747314,2.5938570499420166,6960449
2009-01-13,2.485779047012329,2.5540390014648438,2.38907790184021,2.428895950317383,4611410
2009-01-14,2.1387939453125,2.4459609985351562,2.098975896835327,2.4459609985351562,9065303
2009-01-15,2.036405086517334,2.127418041229248,1.922639012336731,2.127418041229248,11308687
2009-01-16,2.1558589935302734,2.3492610454559326,2.0477819442749023,2.1103529930114746,16262203
2009-01-20,1.9397039413452148,2.235495090484619,1.922639012336731,2.144481897354126,6350951
2009-01-21,2.178611993789673,2.184299945831299,1.9624569416046143,2.093287944793701,10622715
2009-01-22,1.9908989667892456,2.172924041748047,1.9055750370025635,2.0762228965759277,8617013
2009-01-23,2.0648460388183594,2.1160409450531006,1.882820963859558,1.9453920125961304,11563245
2009-01-26,2.0136520862579346,2.178611993789673,1.9795219898223877,2.0705349445343018,7568542
2009-01-27,2.1160409450531006,2.144481897354126,2.0136520862579346,2.04209303855896,5420793
2009-01-28,2.3151309490203857,2.4345850944519043,2.1501710414886475,2.1899890899658203,8133387
2009-01-29,2.281001091003418,2.3549489974975586,2.2184300422668457,2.275312900543213,5904067
2009-01-30,2.0648460388183594,2.3606369495391846,2.0477819442749023,2.332195997238159,11655364
2009-02-02,2.269624948501587,2.275312900543213,1.9510810375213623,1.9908989667892456,15038811
2009-02-03,2.1899890899658203,2.246870994567871,2.1217288970947266,2.241183042526245,10475219
2009-02-04,2.2980659008026123,2.5426619052886963,2.1672348976135254,2.172924041748047,14655040
2009-02-05,2.337883949279785,2.38907790184021,2.1899890899658203,2.3208189010620117,9423583
2009-02-06,2.184299945831299,2.411832094192505,2.127418041229248,2.172924041748047,16255523
2009-02-09,2.1046640872955322,2.2184300422668457,2.0477819442749023,2.1046640872955322,10259161
2009-02-10,1.8771330118179321,2.1046640872955322,1.8486920595169067,2.1046640872955322,17910152
2009-02-11,1.8543800115585327,1.9624569416046143,1.7804319858551025,1.882820963859558,10036422
2009-02-12,1.9567689895629883,1.9681459665298462,1.7918089628219604,1.797497034072876,8448772
2009-02-13,2.0250279903411865,2.081911087036133,1.928328037261963,1.928328037261963,11897265
2009-02-17,1.894197940826416,2.04209303855896,1.894197940826416,1.922639012336731,9046141
2009-02-18,1.8600679636001587,1.9397039413452148,1.8202500343322754,1.9055750370025635,7999603
2009-02-19,1.678043007850647,1.88850998878479,1.6666669845581055,1.8771330118179321,12615935
2009-02-20,1.6496020555496216,1.7292380332946777,1.5984070301055908,1.672355055809021,10796581
2009-02-23,1.558588981628418,1.672355055809021,1.5301480293273926,1.672355055809021,6879581
2009-02-24,1.6666669845581055,1.6951080560684204,1.4789530038833618,1.6154719591140747,10265314
2009-02-25,1.6097840070724487,1.6894199848175049,1.524459958076477,1.6382249593734741,7412959
2009-02-26,1.5699659585952759,1.7007960081100464,1.558588981628418,1.6609779596328735,5814585
2009-02-27,1.5699659585952759,1.6040960550308228,1.4789530038833618,1.5358359813690186,11594537
2009-03-02,1.3879410028457642,1.5756540298461914,1.3481229543685913,1.524459958076477,13382775
2009-03-03,1.4163819551467896,1.4846420288085938,1.3993170261383057,1.4220709800720215,4932948
2009-03-04,1.4505120515823364,1.4846420288085938,1.427759051322937,1.433447003364563,4347182
2009-03-05,1.3367459774017334,1.439134955406189,1.325369954109192,1.3993170261383057,5390204
2009-03-06,1.29692804813385,1.4562000036239624,1.2741750478744507,1.4220709800720215,4588204
2009-03-09,1.2571099996566772,1.3936289548873901,1.2571099996566772,1.2571099996566772,4838368
2009-03-10,1.4163819551467896,1.433447003364563,1.2684869766235352,1.308305025100708,5947841
2009-03-11,1.4789530038833618,1.5187710523605347,1.427759051322937,1.4562000036239624,3960247
2009-03-12,1.643913984298706,1.6496020555496216,1.427759051322937,1.427759051322937,5636851
2009-03-13,1.6552900075912476,1.672355055809021,1.5870310068130493,1.6382249593734741,3909968
2009-03-16,1.6496020555496216,1.7349259853363037,1.643913984298706,1.672355055809021,5229874
2009-03-17,1.7918089628219604,1.797497034072876,1.6325370073318481,1.6496020555496216,4440356
2009-03-18,1.8657569885253906,1.882820963859558,1.7349259853363037,1.769055962562561,5560554
2009-03-19,1.894197940826416,1.9340159893035889,1.8486920595169067,1.8657569885253906,3369910
2009-03-20,1.9340159893035889,1.9397039413452148,1.8771330118179321,1.9169509410858154,7922427
2009-03-23,2.0705349445343018,2.0762228965759277,1.9624569416046143,1.9624569416046143,4675049
2009-03-24,2.2241179943084717,2.3094429969787598,2.04209303855896,2.0705349445343018,6814360
2009-03-25,2.275312900543213,2.4630260467529297,2.133105993270874,2.3037540912628174,10263907
2009-03-26,2.372014045715332,2.5028440952301025,2.343571901321411,2.3606369495391846,8293892
2009-03-27,2.246870994567871,2.372014045715332,2.246870994567871,2.3151309490203857,5722642
2009-03-30,2.0648460388183594,2.1615469455718994,1.9624569416046143,2.1615469455718994,7660133
2009-03-31,1.8486920595169067,2.1501710414886475,1.8430030345916748,2.1387939453125,12184874
2009-04-01,2.133105993270874,2.133105993270874,1.7918089628219604,1.8145619630813599,9805948
2009-04-02,2.2013649940490723,2.3094429969787598,2.1672348976135254,2.2582480907440186,5519417
2009-04-03,2.3151309490203857,2.343571901321411,2.172924041748047,2.2070529460906982,3977299
2009-04-06,2.2127420902252197,2.275312900543213,2.127418041229248,2.246870994567871,5905825
2009-04-07,2.2525599002838135,2.332195997238159,2.098975896835327,2.172924041748047,6867979
2009-04-08,2.2639360427856445,2.3094429969787598,2.2241179943084717,2.3094429969787598,5426946
2009-04-09,2.4459609985351562,2.4630260467529297,2.2923779487609863,2.326507091522217,7168597
2009-04-13,2.428895950317383,2.5028440952301025,2.377701997756958,2.411832094192505,7565553
2009-04-14,2.417520046234131,2.4971559047698975,2.377701997756958,2.411832094192505,9499353
2009-04-15,2.337883949279785,2.423207998275757,2.326507091522217,2.377701997756958,6968888
2009-04-16,2.4630260467529297,2.480091094970703,2.377701997756958,2.423207998275757,9998625
2009-04-17,2.718998908996582,2.8043229579925537,2.411832094192505,2.4459609985351562,18886546
2009-04-20,2.662116050720215,2.8384530544281006,2.5938570499420166,2.7019340991973877,15185252
2009-04-21,2.753129005432129,2.8100109100341797,2.622298002243042,2.6450510025024414,7370767
2009-04-22,2.730375051498413,2.872581958770752,2.6052329540252686,2.6052329540252686,7017057
2009-04-23,2.713310956954956,2.8498289585113525,2.6507389545440674,2.6905570030212402,7982902
2009-04-24,2.9408419132232666,3.0489189624786377,2.6905570030212402,2.7019340991973877,14098105
2009-04-27,2.8100109100341797,2.906712055206299,2.770193099975586,2.7758820056915283,7384127
2009-04-28,2.9522180557250977,2.969283103942871,2.758816957473755,2.8043229579925537,9862907
2009-04-29,3.1683731079101562,3.1740610599517822,2.9522180557250977,3.003412961959839,12962261
2009-04-30,2.622298002243042,2.8782711029052734,2.6052329540252686,2.866894006729126,20708537
2009-05-01,2.7076220512390137,2.758816957473755,2.627985954284668,2.6450510025024414,8715109
2009-05-04,2.9294650554656982,2.9294650554656982,2.713310956954956,2.758816957473755,9415496
2009-05-05,2.8953359127044678,2.9237771034240723,2.8498289585113525,2.906712055206299,7246828
2009-05-06,2.9522180557250977,2.9806599617004395,2.827075958251953,2.8498289585113525,8355247
2009-05-07,2.7815699577331543,3.0261659622192383,2.7474400997161865,2.95790696144104,8642152
2009-05-08,2.901024103164673,2.9294650554656982,2.7815699577331543,2.815700054168701,6670028
2009-05-11,2.8043229579925537,2.872581958770752,2.5995450019836426,2.8441410064697266,8017359
2009-05-12,2.7076220512390137,2.8441410064697266,2.656428098678589,2.8100109100341797,6561559
2009-05-13,2.5312860012054443,2.673492908477783,2.525597095489502,2.6336750984191895,5969465
2009-05-14,2.656428098678589,2.7019340991973877,2.5426619052886963,2.5483500957489014,5374733
2009-05-15,2.667804002761841,2.753129005432129,2.622298002243042,2.622298002243042,3393819
2009-05-18,2.7986350059509277,2.7986350059509277,2.7019340991973877,2.724687099456787,3975893
2009-05-19,2.8327651023864746,2.8896470069885254,2.7417519092559814,2.7986350059509277,4281257
2009-05-20,2.8384530544281006,2.969283103942871,2.827075958251953,2.872581958770752,5706468
2009-05-21,2.7474400997161865,2.827075958251953,2.7076220512390137,2.827075958251953,4064496
2009-05-22,2.8384530544281006,2.901024103164673,2.6905570030212402,2.730375051498413,6598477
2009-05-26,2.9806599617004395,3.0887370109558105,2.758816957473755,2.815700054168701,8187358
2009-05-27,2.9408419132232666,3.065984010696411,2.918088912963867,3.0147900581359863,6083911
2009-05-28,2.9408419132232666,2.9806599617004395,2.855518102645874,2.9749720096588135,5480917
2009-05-29,3.065984010696411,3.065984010696411,2.906712055206299,2.95790696144104,6034159
2009-06-01,3.20819091796875,3.2650740146636963,3.0944249629974365,3.0944249629974365,6810316
2009-06-02,3.2195680141448975,3.2593860626220703,3.1285550594329834,3.1854379177093506,6069671
2009-06-03,3.2650740146636963,3.350398063659668,3.162684917449951,3.1854379177093506,7895881
2009-06-04,3.4982941150665283,3.583617925643921,3.344710111618042,3.3617749214172363,9309489
2009-06-05,3.4698519706726074,3.6120591163635254,3.4243459701538086,3.583617925643921,7058897
2009-06-08,3.4357221126556396,3.4698519706726074,3.339021921157837,3.4698519706726074,4849091
2009-06-09,3.5381109714508057,3.5608649253845215,3.4243459701538086,3.4357221126556396,4068715
2009-06-10,3.5267350673675537,3.6063709259033203,3.452786922454834,3.6006829738616943,8503973
2009-06-11,3.4186580181121826,3.6063709259033203,3.401592969894409,3.543800115585327,8711945
2009-06-12,3.481229066848755,3.481229066848755,3.316267967224121,3.3845279216766357,6519191
2009-06-15,3.4584760665893555,3.492604970932007,3.3845279216766357,3.4357221126556396,5379832
2009-06-16,3.356086015701294,3.549488067626953,3.3333330154418945,3.447098970413208,7650640
2009-06-17,3.344710111618042,3.4300339221954346,3.2935149669647217,3.356086015701294,6103600
2009-06-18,3.390216112136841,3.4300339221954346,3.3276450634002686,3.344710111618042,4915192
2009-06-19,3.339021921157837,3.4357221126556396,3.304892063140869,3.4300339221954346,11185802
2009-06-22,3.1171789169311523,3.316267967224121,3.0944249629974365,3.304892063140869,8442795
2009-06-23,3.0830490589141846,3.1797499656677246,2.9863479137420654,3.1171789169311523,9241103
2009-06-24,3.0944249629974365,3.162684917449951,3.0261659622192383,3.1399319171905518,5814585
2009-06-25,3.1228671073913574,3.1399319171905518,3.009100914001465,3.0773611068725586,5701018
2009-06-26,3.242321014404297,3.2707619667053223,3.0830490589141846,3.1285550594329834,6970118
2009-06-29,3.253696918487549,3.344710111618042,3.1797499656677246,3.236633062362671,3938799
2009-06-30,3.253696918487549,3.3617749214172363,3.213879108428955,3.2935149669647217,5050207
2009-07-01,3.1854379177093506,3.3276450634002686,3.1740610599517822,3.236633062362671,6161614
2009-07-02,2.9920361042022705,3.151308059692383,2.9749720096588135,3.1399319171905518,8607871
2009-07-06,2.918088912963867,2.9920361042022705,2.8498289585113525,2.9863479137420654,8269808
2009-07-07,2.8384530544281006,2.9408419132232666,2.8327651023864746,2.918088912963867,5468962
2009-07-08,2.758816957473755,2.8612060546875,2.7019340991973877,2.827075958251953,9205591
2009-07-09,2.866894006729126,2.9294650554656982,2.7076220512390137,2.815700054168701,5786984
2009-07-10,2.872581958770752,2.95790696144104,2.7929470539093018,2.95790696144104,3518285
2009-07-13,2.9749720096588135,2.9920361042022705,2.7758820056915283,2.855518102645874,5738639
2009-07-14,2.9920361042022705,3.0261659622192383,2.9408419132232666,2.9522180557250977,4502238
2009-07-15,3.1228671073913574,3.1740610599517822,3.0261659622192383,3.0261659622192383,6835280
2009-07-16,3.202502965927124,3.2252559661865234,3.1285550594329834,3.1399319171905518,4200038
2009-07-17,3.202502965927124,3.2707619667053223,3.1797499656677246,3.2309439182281494,4729372
2009-07-20,3.2650740146636963,3.3219571113586426,3.242321014404297,3.2707619667053223,4285301
2009-07-21,3.242321014404297,3.2878270149230957,3.1740610599517822,3.2707619667053223,4626353
2009-07-22,3.196815013885498,3.253696918487549,3.1740610599517822,3.236633062362671,4334349
2009-07-23,3.304892063140869,3.350398063659668,3.162684917449951,3.1797499656677246,5243235
2009-07-24,3.2707619667053223,3.304892063140869,3.242321014404297,3.299204111099243,4205663
2009-07-27,3.299204111099243,3.3276450634002686,3.213879108428955,3.2707619667053223,4069946
2009-07-28,3.299204111099243,3.3674631118774414,3.2650740146636963,3.2821390628814697,4768048
2009-07-29,3.253696918487549,3.3219571113586426,3.236633062362671,3.253696918487549,2112061
2009-07-30,3.316267967224121,3.407280921936035,3.316267967224121,3.3219571113586426,4867726
2009-07-31,3.3333330154418945,3.395904064178467,3.304892063140869,3.316267967224121,3242455
2009-08-03,3.3617749214172363,3.3788399696350098,3.2764511108398438,3.3333330154418945,3129767
2009-08-04,3.4243459701538086,3.447098970413208,3.3276450634002686,3.3276450634002686,5791731
2009-08-05,3.395904064178467,3.4357221126556396,3.339021921157837,3.4129691123962402,3786029
2009-08-06,3.339021921157837,3.447098970413208,3.3219571113586426,3.4129691123962402,3043098
2009-08-07,3.407280921936035,3.4357221126556396,3.3617749214172363,3.3731510639190674,3397159
2009-08-10,3.3731510639190674,3.441411018371582,3.350398063659668,3.390216112136841,2272567
2009-08-11,3.310580015182495,3.401592969894409,3.2878270149230957,3.3731510639190674,4766114
2009-08-12,3.304892063140869,3.390216112136841,3.2878270149230957,3.3219571113586426,6325460
2009-08-13,3.4129691123962402,3.4129691123962402,3.2878270149230957,3.3276450634002686,5644586
2009-08-14,3.339021921157837,3.407280921936035,3.299204111099243,3.407280921936035,5369635
2009-08-17,3.242321014404297,3.2878270149230957,3.213879108428955,3.2821390628814697,4155033
2009-08-18,3.304892063140869,3.3276450634002686,3.248008966445923,3.248008966445923,4299365
2009-08-19,3.2935149669647217,3.3333330154418945,3.1740610599517822,3.202502965927124,8396032
2009-08-20,3.5608649253845215,3.594994068145752,3.213879108428955,3.253696918487549,15046370
2009-08-21,3.7087600231170654,3.8509669303894043,3.5779290199279785,3.6063709259033203,13255144
2009-08-24,3.737200975418091,3.8452789783477783,3.7030720710754395,3.7087600231170654,7819584
2009-08-25,3.737200975418091,3.8111488819122314,3.725825071334839,3.7542660236358643,5933250
2009-08-26,3.737200975418091,3.9021620750427246,3.697382926940918,3.725825071334839,6291003
2009-08-27,3.794084072113037,3.822525978088379,3.640501022338867,3.7144479751586914,4166812
2009-08-28,3.9533560276031494,4.038680076599121,3.8054609298706055,3.839590072631836,8690849
2009-08-31,3.9078500270843506,3.9419798851013184,3.8737199306488037,3.93060302734375,5140216
2009-09-01,3.799772024154663,3.987485885620117,3.7656428813934326,3.8794078826904297,6993676
2009-09-02,3.822525978088379,3.8680319786071777,3.742889881134033,3.799772024154663,5233390
2009-09-03,3.924915075302124,3.936290979385376,3.788395881652832,3.8680319786071777,7882696
2009-09-04,3.9931740760803223,4.004550933837891,3.890784978866577,3.924915075302124,3781282
2009-09-08,4.112627983093262,4.215016841888428,4.010239124298096,4.010239124298096,7410322
2009-09-09,4.192264080047607,4.266211986541748,4.101251125335693,4.106939792633057,4214629
2009-09-10,4.323093891143799,4.379977226257324,4.197951793670654,4.209329128265381,5912857
2009-09-11,4.243457794189453,4.368600845336914,4.180887222290039,4.340158939361572,5262573
2009-09-14,4.249146938323975,4.283276081085205,4.169510841369629,4.226394176483154,3330531
2009-09-15,4.340158939361572,4.374289035797119,4.186575889587402,4.237770080566406,4232912
2009-09-16,4.334471225738525,4.379977226257324,4.283276081085205,4.379977226257324,3762823
2009-09-17,4.32878303527832,4.351535797119141,4.232081890106201,4.340158939361572,4713374
2009-09-18,4.288965225219727,4.368600845336914,4.243457794189453,4.271900177001953,6871495
2009-09-21,4.203640937805176,4.306029796600342,4.180887222290039,4.232081890106201,5496739
2009-09-22,4.493742942810059,4.766779899597168,4.232081890106201,4.294652938842773,20654039
2009-09-23,4.294652938842773,4.5278730392456055,4.288965225219727,4.5278730392456055,8870692
2009-09-24,4.129693031311035,4.351535797119141,4.067121982574463,4.311717987060547,7666638
2009-09-25,3.987485885620117,4.203640937805176,3.9590439796447754,4.101251125335693,8430313
2009-09-28,4.112627983093262,4.209329128265381,4.004550933837891,4.004550933837891,6276060
2009-09-29,3.9192259311676025,4.112627983093262,3.8794078826904297,4.106939792633057,10323679
2009-09-30,4.044369220733643,4.12400484085083,3.8680319786071777,3.987485885620117,13065632
2009-10-01,3.828213930130005,4.038680076599121,3.828213930130005,3.987485885620117,9166388
2009-10-02,3.788395881652832,3.8566548824310303,3.742889881134033,3.7542660236358643,4343139
2009-10-05,3.896472930908203,3.9192259311676025,3.788395881652832,3.8680319786071777,6279400
2009-10-06,3.8794078826904297,3.9988620281219482,3.8566548824310303,3.924915075302124,6423556
2009-10-07,3.924915075302124,3.9533560276031494,3.8168370723724365,3.839590072631836,4465847
2009-10-08,3.936290979385376,3.9988620281219482,3.9192259311676025,3.9476680755615234,3331937
2009-10-09,3.9590439796447754,3.9931740760803223,3.8794078826904297,3.924915075302124,2586897
2009-10-12,3.9021620750427246,3.9931740760803223,3.8566548824310303,3.9135379791259766,3880082
2009-10-13,3.9078500270843506,3.9476680755615234,3.8509669303894043,3.890784978866577,2617838
2009-10-14,4.027304172515869,4.0500569343566895,3.9135379791259766,3.981796979904175,4017557
2009-10-15,4.010239124298096,4.021615028381348,3.8452789783477783,4.004550933837891,5941513
2009-10-16,3.9078500270843506,3.9931740760803223,3.8452789783477783,3.970421075820923,4439302
2009-10-19,3.8623440265655518,3.9647328853607178,3.8509669303894043,3.896472930908203,3771262
2009-10-20,3.782707929611206,3.890784978866577,3.7144479751586914,3.8623440265655518,5756571
2009-10-21,3.7542660236358643,3.8566548824310303,3.731513023376465,3.737200975418091,4154857
2009-10-22,3.839590072631836,3.8452789783477783,3.68031907081604,3.7144479751586914,3514594
2009-10-23,3.640501022338867,3.9021620750427246,3.6120591163635254,3.896472930908203,5814409
2009-10-26,3.5665531158447266,3.731513023376465,3.5324230194091797,3.6689419746398926,5401103
2009-10-27,3.4755399227142334,3.5722410678863525,3.4243459701538086,3.549488067626953,5641598
2009-10-28,3.304892063140869,3.5381109714508057,3.299204111099243,3.492604970932007,5955577
2009-10-29,3.299204111099243,3.401592969894409,3.242321014404297,3.3617749214172363,7837516
2009-10-30,3.1797499656677246,3.304892063140869,3.100114107131958,3.2935149669647217,7797785
2009-11-02,3.1399319171905518,3.242321014404297,3.054608106613159,3.2252559661865234,5119472
2009-11-03,3.2764511108398438,3.3276450634002686,3.0432310104370117,3.0773611068725586,8283520
2009-11-04,3.2878270149230957,3.4357221126556396,3.2764511108398438,3.339021921157837,6876241
2009-11-05,3.452786922454834,3.492604970932007,3.344710111618042,3.344710111618042,8439103
2009-11-06,3.6746299266815186,3.731513023376465,3.5608649253845215,3.634812116622925,12971403
2009-11-09,3.9476680755615234,3.9647328853607178,3.7542660236358643,3.7542660236358643,11182462
2009-11-10,3.9135379791259766,3.9647328853607178,3.8168370723724365,3.9533560276031494,8473736
2009-11-11,4.095562934875488,4.12400484085083,3.9533560276031494,3.9647328853607178,9656870
2009-11-12,4.3856658935546875,4.641637802124023,4.32878303527832,4.4027299880981445,50935940
2009-11-13,4.340158939361572,4.44823694229126,4.249146938323975,4.4027299880981445,16343774
2009-11-16,4.453925132751465,4.499431133270264,4.374289035797119,4.465301036834717,10372727
2009-11-17,4.3970417976379395,4.465301036834717,4.323093891143799,4.459612846374512,9385962
2009-11-18,4.351535797119141,4.374289035797119,4.317406177520752,4.374289035797119,5661112
2009-11-19,4.203640937805176,4.357223987579346,4.163823127746582,4.32878303527832,7283570
2009-11-20,4.146758079528809,4.209329128265381,4.101251125335693,4.1581339836120605,7229775
2009-11-23,4.209329128265381,4.25483512878418,4.163823127746582,4.169510841369629,5982298
2009-11-24,4.209329128265381,4.232081890106201,4.12400484085083,4.203640937805176,4854190
2009-11-25,4.3856658935546875,4.453925132751465,4.306029796600342,4.357223987579346,9336738
2009-11-27,4.226394176483154,4.32878303527832,4.129693031311035,4.169510841369629,4012283
2009-11-30,4.203640937805176,4.294652938842773,4.1524457931518555,4.215016841888428,7796203
2009-12-01,4.323093891143799,4.362912178039551,4.237770080566406,4.266211986541748,6110632
2009-12-02,4.32878303527832,4.391354084014893,4.3003411293029785,4.3003411293029785,3986089
2009-12-03,4.311717987060547,4.368600845336914,4.294652938842773,4.334471225738525,4194940
2009-12-04,4.476677894592285,4.516496181488037,4.306029796600342,4.3856658935546875,10463089
2009-12-07,4.44823694229126,4.5335612297058105,4.3970417976379395,4.465301036834717,5824430
2009-12-08,4.476677894592285,4.539248943328857,4.3856658935546875,4.419795036315918,6574393
2009-12-09,4.6302618980407715,4.67576789855957,4.48236608505249,4.499431133270264,14203585
2009-12-10,4.635950088500977,4.721273899078369,4.550625801086426,4.590444087982178,8285102
2009-12-11,4.499431133270264,4.664391040802002,4.470990180969238,4.664391040802002,6077582
2009-12-14,4.562002182006836,4.573379039764404,4.470990180969238,4.5278730392456055,5160257
2009-12-15,4.453925132751465,4.562002182006836,4.4254841804504395,4.5051188468933105,4799867
2009-12-16,4.48236608505249,4.550625801086426,4.470990180969238,4.510807991027832,5142150
2009-12-17,4.4254841804504395,4.459612846374512,4.323093891143799,4.379977226257324,4811646
2009-12-18,4.453925132751465,4.499431133270264,4.408419132232666,4.442547798156738,7962158
2009-12-21,4.5449371337890625,4.556313991546631,4.408419132232666,4.419795036315918,5085191
2009-12-22,4.681456089019775,4.692832946777344,4.5051188468933105,4.5449371337890625,7340002
2009-12-23,4.692832946777344,4.715586185455322,4.613196849822998,4.664391040802002,4328548
2009-12-24,4.840727806091309,4.869170188903809,4.715586185455322,4.726962089538574,3634841
2009-12-28,4.766779899597168,4.97724723815918,4.726962089538574,4.8748579025268555,9063193
2009-12-29,4.738338947296143,4.840727806091309,4.721273899078369,4.783844947814941,5027704
2009-12-30,4.823663234710693,4.863481044769287,4.721273899078369,4.732651233673096,3999274
2009-12-31,4.692832946777344,4.863481044769287,4.692832946777344,4.835040092468262,3964642
2010-01-04,4.812286853790283,4.852105140686035,4.715586185455322,4.835040092468262,5899145
2010-01-05,4.829351902008057,4.852105140686035,4.726962089538574,4.846415996551514,9565278
2010-01-06,5.073947906494141,5.136518955230713,4.800909996032715,4.80659818649292,12734249
2010-01-07,5.102388858795166,5.19340181350708,5.05119514465332,5.136518955230713,8632835
2010-01-08,5.073947906494141,5.1194539070129395,5.039817810058594,5.113766193389893,5272769
2010-01-11,4.897611141204834,5.187713146209717,4.891922950744629,5.130829811096191,10167920
2010-01-12,4.681456089019775,4.897611141204834,4.641637802124023,4.835040092468262,9164278
2010-01-13,4.749715805053711,4.783844947814941,4.567690849304199,4.681456089019775,7411728
2010-01-14,4.7724690437316895,4.8805460929870605,4.704208850860596,4.749715805053711,7204460
2010-01-15,4.670080184936523,4.800909996032715,4.6302618980407715,4.800909996032715,5487597
2010-01-19,5.011376857757568,5.068258762359619,4.79522180557251,4.812286853790283,10166690
2010-01-20,4.908987045288086,5.017065048217773,4.835040092468262,4.982934951782227,7514923
2010-01-21,4.829351902008057,4.988623142242432,4.783844947814941,4.914676189422607,6643658
2010-01-22,4.596131801605225,4.8805460929870605,4.567690849304199,4.8805460929870605,7988528
2010-01-25,4.607509136199951,4.80659818649292,4.567690849304199,4.624573230743408,5186100
2010-01-26,4.658702850341797,4.738338947296143,4.550625801086426,4.635950088500977,5044757
2010-01-27,4.692832946777344,4.761092185974121,4.562002182006836,4.613196849822998,6611311
2010-01-28,4.658702850341797,4.738338947296143,4.579067230224609,4.687143802642822,10343369
2010-01-29,4.470990180969238,4.755403995513916,4.4254841804504395,4.726962089538574,9843394
2010-02-01,4.641637802124023,4.67576789855957,4.499431133270264,4.499431133270264,9065303
2010-02-02,4.761092185974121,4.7724690437316895,4.522183895111084,4.641637802124023,9712774
2010-02-03,4.954493999481201,5.0,4.840727806091309,4.982934951782227,18352641
2010-02-04,4.573379039764404,4.954493999481201,4.5278730392456055,4.920363903045654,12707000
2010-02-05,4.499431133270264,4.618885040283203,4.357223987579346,4.562002182006836,14951087
2010-02-08,4.624573230743408,4.744027137756348,4.374289035797119,4.493742942810059,11890409
2010-02-09,4.635950088500977,4.749715805053711,4.562002182006836,4.698521137237549,7874961
2010-02-10,4.698521137237549,4.715586185455322,4.516496181488037,4.579067230224609,10651722
2010-02-11,4.937428951263428,4.943117141723633,4.670080184936523,4.687143802642822,13118723
2010-02-12,5.261661052703857,5.375426769256592,4.920363903045654,4.954493999481201,24175664
2010-02-16,5.460751056671143,5.4721269607543945,5.295791149139404,5.335608959197998,14088964
2010-02-17,5.364049911499023,5.500568866729736,5.329919815063477,5.4721269607543945,12916378
2010-02-18,5.443686008453369,5.4664387702941895,5.284413814544678,5.335608959197998,8677664
2010-02-19,5.432309150695801,5.443686008453369,5.358362197875977,5.420932769775391,6304540
2010-02-22,5.620022773742676,5.711034774780273,5.460751056671143,5.523322105407715,15197910
2010-02-23,5.6029582023620605,5.648464202880859,5.529009819030762,5.5972700119018555,12767827
2010-02-24,5.858931064605713,5.904437065124512,5.557452201843262,5.5745158195495605,14524772
2010-02-25,5.836176872253418,5.836176872253418,5.659841060638428,5.711034774780273,11139215
2010-02-26,6.103527069091797,6.166098117828369,5.858931064605713,5.898748874664307,17461687
2010-03-01,6.433446884155273,6.44482421875,6.171785831451416,6.183163166046143,21389762
2010-03-02,6.319681167602539,6.461888790130615,6.200228214263916,6.450511932373047,19997074
2010-03-03,6.4163818359375,6.683732032775879,6.370875835418701,6.490330219268799,27786596
2010-03-04,6.456200122833252,6.490330219268799,6.160409927368164,6.359498977661133,23127896
2010-03-05,6.496017932891846,6.598406791687012,6.456200122833252,6.592719078063965,12090997
2010-03-08,6.450511932373047,6.530148029327393,6.348123073577881,6.496017932891846,10603729
2010-03-09,6.598406791687012,6.706484794616699,6.359498977661133,6.359498977661133,13328277
2010-03-10,6.5244598388671875,6.729238033294678,6.490330219268799,6.643914222717285,16754443
2010-03-11,6.575654029846191,6.604095935821533,6.405005931854248,6.484642028808594,9670406
2010-03-12,6.478952884674072,6.638225078582764,6.4391350746154785,6.626849174499512,7698809
2010-03-15,6.4391350746154785,6.575654029846191,6.3367462158203125,6.501706123352051,10042575
2010-03-16,6.46757698059082,6.535836219787598,6.387940883636475,6.427759170532227,8283872
2010-03-17,6.518771171569824,6.5415239334106445,6.456200122833252,6.484642028808594,9536798
2010-03-18,6.410694122314453,6.569965839385986,6.39362907409668,6.501706123352051,7674549
2010-03-19,6.234356880187988,6.450511932373047,6.154720783233643,6.4220709800720215,15909197
2010-03-22,6.2969279289245605,6.359498977661133,6.018202781677246,6.143344879150391,8760114
2010-03-23,6.44482421875,6.478952884674072,6.291240215301514,6.348123073577881,7176508
2010-03-24,6.365188121795654,6.44482421875,6.331058025360107,6.399316787719727,6124169
2010-03-25,6.58703088760376,6.808874130249023,6.484642028808594,6.484642028808594,23026987
2010-03-26,6.700796127319336,6.81456184387207,6.655290126800537,6.655290126800537,14764915
2010-03-29,6.803184986114502,6.820250034332275,6.712172985076904,6.774744033813477,8474439
2010-03-30,6.820250034332275,6.894197940826416,6.6723551750183105,6.808874130249023,7988704
2010-03-31,7.121728897094727,7.315131187438965,6.848691940307617,6.848691940307617,25152761
2010-04-01,7.150170803070068,7.3663249015808105,7.081911087036133,7.30944299697876,12269082
2010-04-05,7.400454998016357,7.434585094451904,7.252560138702393,7.281001091003418,13729101
2010-04-06,7.576791763305664,7.696246147155762,7.383389949798584,7.451650142669678,17242288
2010-04-07,7.571104049682617,7.713311195373535,7.457337856292725,7.645051002502441,18021610
2010-04-08,7.497156143188477,7.565414905548096,7.400454998016357,7.497156143188477,11288294
2010-04-09,7.69055700302124,7.718998908996582,7.5085320472717285,7.5938568115234375,11138864
2010-04-12,7.713311195373535,7.8384528160095215,7.679181098937988,7.764504909515381,13297864
2010-04-13,7.65642786026001,7.798635005950928,7.53697395324707,7.69055700302124,9870291
2010-04-14,7.8612060546875,7.895336151123047,7.701933860778809,7.724687099456787,9880487
2010-04-15,7.815700054168701,7.935153961181641,7.599545001983643,7.81001091003418,14796031
2010-04-16,7.610921859741211,7.753129005432129,7.428895950317383,7.753129005432129,16956789
2010-04-19,7.457337856292725,7.610921859741211,7.229806900024414,7.5938568115234375,14326997
2010-04-20,7.610921859741211,7.65642786026001,7.389078140258789,7.48577880859375,9943951
2010-04-21,7.7417521476745605,7.821387767791748,7.662116050720215,7.792946815490723,10907863
2010-04-22,7.798635005950928,7.821387767791748,7.51422119140625,7.627985954284668,8682235
2010-04-23,7.792946815490723,7.832765102386475,7.696246147155762,7.792946815490723,7429660
2010-04-26,7.855517864227295,7.895336151123047,7.792946815490723,7.798635005950928,6741754
2010-04-27,7.51422119140625,7.844141006469727,7.480091094970703,7.844141006469727,12116839
2010-04-28,7.480091094970703,7.701933860778809,7.360637187957764,7.565414905548096,11152928
2010-04-29,7.684868812561035,7.7360639572143555,7.480091094970703,7.525597095489502,7530745
2010-04-30,7.400454998016357,7.804323196411133,7.3663249015808105,7.724687099456787,10256172
2010-05-03,7.821387767791748,7.901023864746094,7.457337856292725,7.519908905029297,16788724
2010-05-04,7.730374813079834,7.781569957733154,7.554039001464844,7.764504909515381,21466762
2010-05-05,7.792946815490723,7.844141006469727,7.34357213973999,7.4914679527282715,28320501
2010-05-06,6.222980976104736,6.968145847320557,5.233220100402832,6.934016227722168,86211968
2010-05-07,5.9442548751831055,6.4220709800720215,5.807735919952393,6.313992977142334,40209855
2010-05-10,6.643914222717285,6.649601936340332,6.399316787719727,6.4163818359375,27674260
2010-05-11,6.79180908203125,7.053470134735107,6.558588981628418,6.615471839904785,23623125
2010-05-12,7.241182804107666,7.2582478523254395,6.854380130767822,6.865756988525391,22964227
2010-05-13,6.968145847320557,7.332196235656738,6.928328037261963,7.178612232208252,22645150
2010-05-14,6.729238033294678,6.854380130767822,6.507394790649414,6.854380130767822,22843452
2010-05-17,6.643914222717285,6.786120891571045,6.359498977661133,6.729238033294678,20474899
2010-05-18,6.490330219268799,6.854380130767822,6.456200122833252,6.79180908203125,21046600
2010-05-19,6.365188121795654,6.513082981109619,6.143344879150391,6.382253170013428,15070279
2010-05-20,5.898748874664307,6.143344879150391,5.807735919952393,6.131968021392822,24255302
2010-05-21,6.319681167602539,6.39362907409668,5.688282012939453,5.728099822998047,24734884
2010-05-24,6.285552024841309,6.5244598388671875,6.27417516708374,6.4391350746154785,12245173
2010-05-25,6.268486976623535,6.27417516708374,5.830489158630371,5.995449066162109,14558877
2010-05-26,6.222980976104736,6.575654029846191,6.177474021911621,6.433446884155273,13117141
2010-05-27,6.5642781257629395,6.5813422203063965,6.405005931854248,6.501706123352051,11457941
2010-05-28,6.5415239334106445,6.695107936859131,6.4391350746154785,6.569965839385986,11347538
2010-06-01,6.080773830413818,6.547213077545166,6.075085163116455,6.4391350746154785,19667098
2010-06-02,6.257110118865967,6.257110118865967,5.972695827484131,6.171785831451416,14628845
2010-06-03,6.410694122314453,6.456200122833252,6.268486976623535,6.279862880706787,10697782
2010-06-04,6.040956020355225,6.348123073577881,6.001138210296631,6.1888508796691895,11874763
2010-06-07,5.807735919952393,6.154720783233643,5.750853061676025,6.097837924957275,11417331
2010-06-08,5.819112777709961,5.932878017425537,5.546074867248535,5.813424110412598,13814012
2010-06-09,5.853241920471191,6.24004602432251,5.819112777709961,5.910124778747559,13916504
2010-06-10,6.109214782714844,6.12059211730957,5.910124778747559,6.058020114898682,11661341
2010-06-11,6.313992977142334,6.348123073577881,5.984073162078857,6.012514114379883,10491217
2010-06-14,6.331058025360107,6.575654029846191,6.325369834899902,6.46757698059082,12232516
2010-06-15,6.643914222717285,6.689420223236084,6.399316787719727,6.473265171051025,12455430
2010-06-16,6.649601936340332,6.717861175537109,6.507394790649414,6.547213077545166,9087102
2010-06-17,6.6666669845581055,6.729238033294678,6.461888790130615,6.712172985076904,8805998
2010-06-18,6.609784126281738,6.723548889160156,6.604095935821533,6.678042888641357,7238389
2010-06-21,6.5244598388671875,6.780432224273682,6.44482421875,6.717861175537109,8230253
2010-06-22,6.461888790130615,6.643914222717285,6.4391350746154785,6.501706123352051,7727113
2010-06-23,6.46757698059082,6.604095935821533,6.285552024841309,6.376564025878906,10909796
2010-06-24,6.217291831970215,6.450511932373047,6.171785831451416,6.39362907409668,7881641
2010-06-25,6.302617073059082,6.325369834899902,6.0921502113342285,6.217291831970215,11844525
2010-06-28,6.279862880706787,6.39362907409668,6.24004602432251,6.291240215301514,5108748
2010-06-29,5.8418660163879395,6.131968021392822,5.813424110412598,6.109214782714844,10132760
2010-06-30,5.5972700119018555,5.887372016906738,5.568828105926514,5.830489158630371,13733144
2010-07-01,5.500568866729736,5.654151916503906,5.147894859313965,5.5745158195495605,23549465
2010-07-02,5.511944770812988,5.6029582023620605,5.426620960235596,5.51763391494751,8076428
2010-07-06,5.284413814544678,5.654151916503906,5.250284194946289,5.654151916503906,12499732
2010-07-07,5.67121696472168,5.688282012939453,5.295791149139404,5.307167053222656,11388500
2010-07-08,5.762229919433594,5.796359062194824,5.608645915985107,5.74516487121582,8626506
2010-07-09,5.870306968688965,5.87599515914917,5.728099822998047,5.773605823516846,6379782
2010-07-12,5.881683826446533,5.995449066162109,5.767918109893799,5.819112777709961,5196472
2010-07-13,6.075085163116455,6.114902973175049,5.927189826965332,6.029579162597656,5789621
2010-07-14,6.035266876220703,6.1888508796691895,5.989760875701904,6.040956020355225,7163498
2010-07-15,5.995449066162109,6.029579162597656,5.830489158630371,6.018202781677246,7584891
2010-07-16,5.773605823516846,6.018202781677246,5.705347061157227,5.967008113861084,8678367
2010-07-19,5.773605823516846,5.910124778747559,5.67121696472168,5.790670871734619,7081751
2010-07-20,5.910124778747559,5.938567161560059,5.546074867248535,5.631399154663086,7348616
2010-07-21,5.762229919433594,5.989760875701904,5.728099822998047,5.978384971618652,6977854
2010-07-22,6.018202781677246,6.06939697265625,5.8475542068481445,5.870306968688965,7688086
2010-07-23,6.228669166564941,6.234356880187988,5.932878017425537,5.972695827484131,8580798
2010-07-26,6.370875835418701,6.399316787719727,6.183163166046143,6.217291831970215,6308935
2010-07-27,6.234356880187988,6.427759170532227,6.183163166046143,6.405005931854248,5702776
2010-07-28,6.143344879150391,6.26279878616333,6.103527069091797,6.1888508796691895,4623188
2010-07-29,6.376564025878906,6.461888790130615,6.1888508796691895,6.251421928405762,10142078
2010-07-30,6.171785831451416,6.319681167602539,6.06939697265625,6.257110118865967,10684421
2010-08-02,6.26279878616333,6.3367462158203125,6.211604118347168,6.285552024841309,7550610
2010-08-03,6.166098117828369,6.279862880706787,6.143344879150391,6.257110118865967,5111737
2010-08-04,6.478952884674072,6.490330219268799,6.211604118347168,6.217291831970215,9323026
2010-08-05,6.44482421875,6.5415239334106445,6.387940883636475,6.399316787719727,5003092
2010-08-06,6.478952884674072,6.5415239334106445,6.268486976623535,6.313992977142334,8660787
2010-08-09,6.530148029327393,6.5415239334106445,6.4220709800720215,6.478952884674072,5835505
2010-08-10,6.433446884155273,6.513082981109619,6.342434883117676,6.405005931854248,9560180
2010-08-11,6.308304786682129,6.507394790649414,6.234356880187988,6.507394790649414,15358064
2010-08-12,5.9499430656433105,6.04664421081543,5.6996588706970215,6.001138210296631,17874817
2010-08-13,5.8418660163879395,6.029579162597656,5.836176872253418,5.961319923400879,7343869
2010-08-16,5.733788013458252,5.830489158630371,5.682593822479248,5.773605823516846,8204938
2010-08-17,5.870306968688965,5.927189826965332,5.773605823516846,5.779294967651367,5755516
2010-08-18,5.955630779266357,6.052331924438477,5.870306968688965,5.927189826965332,7143809
2010-08-19,5.898748874664307,5.989760875701904,5.836176872253418,5.915812969207764,8925014
2010-08-20,5.927189826965332,5.967008113861084,5.836176872253418,5.887372016906738,5524163
2010-08-23,5.824800968170166,6.080773830413818,5.813424110412598,5.955630779266357,9291030
2010-08-24,5.728099822998047,5.853241920471191,5.688282012939453,5.722412109375,10248085
2010-08-25,5.813424110412598,5.858931064605713,5.693970203399658,5.728099822998047,15372655
2010-08-26,5.540387153625488,5.9442548751831055,5.523322105407715,5.705347061157227,24962194
2010-08-27,5.67121696472168,5.693970203399658,5.39818000793457,5.6143341064453125,8955076
2010-08-30,5.403868198394775,5.6996588706970215,5.381114959716797,5.585893154144287,10250898
2010-08-31,5.2275309562683105,5.426620960235596,5.170648097991943,5.352673053741455,12679399
2010-09-01,5.4664387702941895,5.500568866729736,5.301478862762451,5.364049911499023,9802432
2010-09-02,5.637087821960449,5.659841060638428,5.415245056152344,5.460751056671143,8387945
2010-09-03,5.853241920471191,5.938567161560059,5.733788013458252,5.836176872253418,9527129
2010-09-07,5.784983158111572,5.887372016906738,5.739477157592773,5.858931064605713,6022381
2010-09-08,5.972695827484131,6.06939697265625,5.790670871734619,5.790670871734619,10843696
2010-09-09,6.313992977142334,6.348123073577881,6.063708782196045,6.080773830413818,16158657
2010-09-10,6.5415239334106445,6.678042888641357,6.257110118865967,6.291240215301514,19888957
2010-09-13,6.678042888641357,6.780432224273682,6.609784126281738,6.609784126281738,9825462
2010-09-14,6.712172985076904,6.797496795654297,6.598406791687012,6.62116003036499,8001361
2010-09-15,6.729238033294678,6.797496795654297,6.62116003036499,6.706484794616699,7492596
2010-09-16,6.905574798583984,6.968145847320557,6.717861175537109,6.729238033294678,10118169
2010-09-17,6.888510227203369,6.968145847320557,6.820250034332275,6.94539213180542,7345276
2010-09-20,7.076222896575928,7.104663848876953,6.9112629890441895,6.956768989562988,5224776
2010-09-21,7.025028228759766,7.104663848876953,6.939703941345215,7.047781944274902,8409217
2010-09-22,6.94539213180542,7.053470134735107,6.871445178985596,6.956768989562988,8615255
2010-09-23,6.9169511795043945,7.025028228759766,6.746303081512451,6.808874130249023,8172590
2010-09-24,7.036405086517334,7.047781944274902,6.951080799102783,7.007964134216309,6591973
2010-09-27,6.9169511795043945,7.036405086517334,6.905574798583984,7.0136518478393555,6331437
2010-09-28,6.979522228240967,7.002274990081787,6.729238033294678,6.928328037261963,7056085
2010-09-29,7.292377948760986,7.3663249015808105,6.922638893127441,6.951080799102783,15637234
2010-09-30,7.047781944274902,7.360637187957764,6.905574798583984,7.34357213973999,10954098
2010-10-01,6.985209941864014,7.1615471839904785,6.905574798583984,7.155858993530273,7275131
2010-10-04,7.0193400382995605,7.025028228759766,6.9112629890441895,6.934016227722168,8792813
2010-10-05,7.320818901062012,7.337883949279785,7.053470134735107,7.087600231170654,9631027
2010-10-06,7.070535182952881,7.394766807556152,6.990899085998535,7.315131187438965,12055309
2010-10-07,7.0193400382995605,7.144482135772705,6.928328037261963,7.127418041229248,5522405
2010-10-08,6.985209941864014,7.030716896057129,6.9112629890441895,6.990899085998535,6892415
2010-10-11,7.0193400382995605,7.155858993530273,6.985209941864014,6.996586799621582,4747655
2010-10-12,7.11604118347168,7.1615471839904785,6.928328037261963,7.047781944274902,6105710
2010-10-13,7.104663848876953,7.2582478523254395,7.104663848876953,7.207053184509277,6862705
2010-10-14,7.042092800140381,7.127418041229248,6.979522228240967,7.104663848876953,4904996
2010-10-15,6.968145847320557,7.11604118347168,6.865756988525391,7.11604118347168,8108423
2010-10-18,6.899886131286621,7.0136518478393555,6.79180908203125,6.939703941345215,5783117
2010-10-19,6.484642028808594,6.683732032775879,6.370875835418701,6.683732032775879,17351460
2010-10-20,6.592719078063965,6.632536888122559,6.507394790649414,6.5642781257629395,6478757
2010-10-21,6.535836219787598,6.6666669845581055,6.433446884155273,6.62116003036499,7332266
2010-10-22,6.58703088760376,6.626849174499512,6.530148029327393,6.547213077545166,4104578
2010-10-25,6.723548889160156,6.780432224273682,6.626849174499512,6.649601936340332,4609124
2010-10-26,6.547213077545166,6.660977840423584,6.450511932373047,6.643914222717285,6888899
2010-10-27,6.575654029846191,6.58703088760376,6.456200122833252,6.456200122833252,3504573
2010-10-28,5.824800968170166,6.086462020874023,5.790670871734619,6.086462020874023,29945948
2010-10-29,5.972695827484131,6.035266876220703,5.8418660163879395,5.870306968688965,10970447
2010-11-01,5.898748874664307,6.058020114898682,5.836176872253418,6.035266876220703,8317977
2010-11-02,6.058020114898682,6.058020114898682,5.870306968688965,5.9499430656433105,8918334
2010-11-03,6.222980976104736,6.228669166564941,6.023890972137451,6.035266876220703,9173068
2010-11-04,6.325369834899902,6.376564025878906,6.205915927886963,6.370875835418701,9951686
2010-11-05,6.484642028808594,6.552900791168213,6.205915927886963,6.268486976623535,10713779
2010-11-08,6.803184986114502,7.025028228759766,6.695107936859131,6.877132892608643,25231519
2010-11-09,6.598406791687012,6.899886131286621,6.575654029846191,6.871445178985596,9370667
2010-11-10,6.695107936859131,6.717861175537109,6.518771171569824,6.62116003036499,10878856
2010-11-11,6.649601936340332,6.660977840423584,6.456200122833252,6.535836219787598,6723119
2010-11-12,6.638225078582764,6.786120891571045,6.58703088760376,6.609784126281738,10760015
2010-11-15,6.632536888122559,6.729238033294678,6.615471839904785,6.706484794616699,8030896
2010-11-16,6.484642028808594,6.643914222717285,6.433446884155273,6.575654029846191,8830258
2010-11-17,6.5415239334106445,6.558588981628418,6.433446884155273,6.530148029327393,6168119
2010-11-18,6.763367176055908,6.848691940307617,6.626849174499512,6.626849174499512,8388824
2010-11-19,6.843002796173096,6.9112629890441895,6.695107936859131,6.7690558433532715,5788039
2010-11-22,6.94539213180542,6.956768989562988,6.808874130249023,6.820250034332275,4584864
2010-11-23,6.820250034332275,6.899886131286621,6.763367176055908,6.81456184387207,5449800
2010-11-24,6.939703941345215,6.962457180023193,6.865756988525391,6.882821083068848,5318653
2010-11-26,7.0193400382995605,7.0193400382995605,6.81456184387207,6.825939178466797,2403889
2010-11-29,6.871445178985596,6.951080799102783,6.774744033813477,6.922638893127441,6129619
2010-11-30,6.751990795135498,6.860067844390869,6.723548889160156,6.797496795654297,7096694
2010-12-01,6.899886131286621,6.968145847320557,6.837315082550049,6.888510227203369,5629819
2010-12-02,7.18998908996582,7.246870994567871,6.928328037261963,6.928328037261963,8978106
2010-12-03,7.241182804107666,7.281001091003418,7.167234897613525,7.167234897613525,5108396
2010-12-06,7.30944299697876,7.332196235656738,7.18998908996582,7.252560138702393,4408712
2010-12-07,7.201364994049072,7.434585094451904,7.201364994049072,7.389078140258789,8142177
2010-12-08,7.394766807556152,7.428895950317383,7.195676803588867,7.195676803588867,6888547
2010-12-09,7.662116050720215,7.662116050720215,7.417520046234131,7.428895950317383,7577683
2010-12-10,7.639362812042236,7.679181098937988,7.51422119140625,7.679181098937988,3790951
2010-12-13,7.88395881652832,8.18543815612793,7.866893768310547,7.878271102905273,14027082
2010-12-14,7.781569957733154,8.071672439575195,7.764504909515381,7.855517864227295,7335607
2010-12-15,7.889647006988525,8.043231010437012,7.787258148193359,7.798635005950928,6791330
2010-12-16,8.1228666305542,8.151308059692383,7.753129005432129,7.866893768310547,7367075
2010-12-17,8.179750442504883,8.213878631591797,8.054608345031738,8.19681453704834,6886965
2010-12-20,8.19681453704834,8.333333015441895,8.139931678771973,8.20819091796875,6966954
2010-12-21,8.321956634521484,8.339021682739258,8.23663330078125,8.248008728027344,4555154
2010-12-22,8.168373107910156,8.344710350036621,8.083048820495605,8.321956634521484,4943496
2010-12-23,8.111490249633789,8.219568252563477,8.060296058654785,8.156996726989746,2558066
2010-12-27,8.28213882446289,8.304891586303711,8.083048820495605,8.128555297851562,3479785
2010-12-28,8.276451110839844,8.344710350036621,8.191125869750977,8.333333015441895,2847960
2010-12-29,8.276451110839844,8.316267967224121,8.139931678771973,8.265073776245117,4728493
2010-12-30,8.304891586303711,8.361775398254395,8.20819091796875,8.23663330078125,2863782
2010-12-31,8.23663330078125,8.316267967224121,8.219568252563477,8.276451110839844,3017959
2011-01-03,8.503981590270996,8.634812355041504,8.361775398254395,8.384528160095215,13008497
2011-01-04,8.407280921936035,8.50967025756836,8.25938606262207,8.492605209350586,7171058
2011-01-05,8.549488067626953,8.634812355041504,8.304891586303711,8.361775398254395,6666336
2011-01-06,9.124005317687988,9.135380744934082,8.515357971191406,8.589305877685547,17268834
2011-01-07,9.237770080566406,9.25483512878418,9.0159273147583,9.101250648498535,11992724
2011-01-10,9.368600845336914,9.414107322692871,9.00455093383789,9.215017318725586,8115631
2011-01-11,9.294652938842773,9.505119323730469,9.186575889587402,9.442547798156738,5701370
2011-01-12,9.510807991027832,9.544937133789062,9.34015941619873,9.345848083496094,7314686
2011-01-13,9.931740760803223,10.125142097473145,9.60181999206543,9.65301513671875,17973968
2011-01-14,10.108077049255371,10.147894859313965,9.852105140686035,9.869170188903809,7363735
2011-01-18,9.664390563964844,10.113765716552734,9.62457275390625,10.108077049255371,14005459
2011-01-19,9.397042274475098,9.766779899597168,9.266212463378906,9.69852066040039,12295628
2011-01-20,9.175198554992676,9.36291217803955,9.072810173034668,9.243457794189453,13113977
2011-01-21,9.112627983093262,9.533560752868652,9.089875221252441,9.3060302734375,8890030
2011-01-24,9.379977226257324,9.482365608215332,9.124005317687988,9.169510841369629,5981419
2011-01-25,9.180887222290039,9.374288558959961,9.061432838439941,9.34015941619873,8229022
2011-01-26,9.402729988098145,9.436860084533691,9.050057411193848,9.215017318725586,8079241
2011-01-27,9.527873039245605,9.647327423095703,9.408418655395508,9.425483703613281,6375211
2011-01-28,9.62457275390625,10.153583526611328,9.607508659362793,9.670080184936523,19997426
2011-01-31,9.65301513671875,9.766779899597168,9.499430656433105,9.69852066040039,8589236
2011-02-01,10.02275276184082,10.113765716552734,9.721274375915527,9.732650756835938,10766871
2011-02-02,10.193402290344238,10.238907814025879,9.92605209350586,10.005687713623047,12040366
2011-02-03,10.199090003967285,10.238907814025879,9.95449447631836,10.238907814025879,18719536
2011-02-04,12.94653034210205,13.014789581298828,11.962456703186035,12.53697395324707,69895619
2011-02-07,12.878271102905273,13.25938606262207,12.730375289916992,12.940841674804688,27629607
2011-02-08,12.992035865783691,13.009100914001465,12.51422119140625,12.605233192443848,20091655
2011-02-09,13.890785217285156,14.050057411193848,13.350398063659668,13.418658256530762,44098551
2011-02-10,14.36291217803955,15.170647621154785,13.651877403259277,13.663253784179688,66537663
2011-02-11,16.018203735351562,16.131967544555664,14.442547798156738,14.62457275390625,72487087
2011-02-14,15.864619255065918,16.56427764892578,15.614334106445312,16.149032592773438,67905035
2011-02-15,14.249147415161133,15.273037910461426,13.95335578918457,15.238907814025879,70645757
2011-02-16,15.05119514465332,15.284414291381836,14.414107322692871,14.431172370910645,52133666
2011-02-17,15.142207145690918,15.472126960754395,14.91467571258545,15.017065048217773,22387427
2011-02-18,14.334470748901367,14.846416473388672,14.271900177001953,14.692832946777344,35273743
2011-02-22,13.95335578918457,14.63026237487793,13.56086540222168,13.703071594238281,35127829
2011-02-23,13.401593208312988,14.163823127746582,12.88395881652832,14.027303695678711,47194037
2011-02-24,13.8452787399292,14.146758079528809,13.441411018371582,13.572240829467773,32363022
2011-02-25,14.106940269470215,14.36291217803955,13.777018547058105,14.220705032348633,24946899
2011-02-28,14.032992362976074,14.613197326660156,13.651877403259277,14.271900177001953,28061020
2011-03-01,14.288965225219727,14.68714427947998,13.919225692749023,14.186575889587402,44716488
2011-03-02,13.95335578918457,14.453925132751465,13.816837310791016,14.209328651428223,27586536
2011-03-03,14.30034065246582,14.442547798156738,14.050057411193848,14.277587890625,15365447
2011-03-04,15.568827629089355,15.654151916503906,14.249147415161133,14.277587890625,49864615
2011-03-07,14.499430656433105,15.67121696472168,14.146758079528809,15.654151916503906,44155334
2011-03-08,14.436860084533691,14.857792854309082,14.021615028381348,14.618885040283203,35023228
2011-03-09,12.025028228759766,13.191125869750977,11.979521751403809,12.50853157043457,80288915
2011-03-10,12.098976135253906,12.656428337097168,11.660978317260742,11.985210418701172,45882394
2011-03-11,12.09328842163086,12.571104049682617,11.831626892089844,12.167235374450684,30901597
2011-03-14,12.218429565429688,12.679181098937988,12.11604118347168,12.343571662902832,32731147
2011-03-15,12.007964134216309,12.20136547088623,11.535836219787598,11.632536888122559,30472117
2011-03-16,11.990899085998535,12.690556526184082,11.899886131286621,12.235494613647461,34029606
2011-03-17,11.46757698059082,12.315131187438965,11.43913459777832,12.22411823272705,34403181
2011-03-18,10.76791763305664,11.655289649963379,10.705347061157227,11.615471839904785,53725007
2011-03-21,11.02389144897461,11.131967544555664,10.6939697265625,10.927189826965332,27454510
2011-03-22,10.642775535583496,11.126279830932617,10.614334106445312,10.932877540588379,29855587
2011-03-23,10.819112777709961,10.938567161560059,10.534699440002441,10.64846420288086,24607078
2011-03-24,11.581341743469238,11.655289649963379,10.949942588806152,10.978384971618652,35771432
2011-03-25,11.257109642028809,11.81456184387207,11.240045547485352,11.660978317260742,26019279
2011-03-28,11.018202781677246,11.399316787719727,10.9840726852417,11.353811264038086,17750702
2011-03-29,11.211604118347168,11.353811264038086,10.773606300354004,10.972696304321289,18547076
2011-03-30,11.296928405761719,11.609784126281738,11.205916404724121,11.405006408691406,17595998
2011-03-31,11.854379653930664,12.05346965789795,11.257109642028809,11.274174690246582,34669342
2011-04-01,10.870306968688965,11.632536888122559,10.853241920471191,11.621159553527832,58145498
2011-04-04,10.853241920471191,11.1547212600708,10.779294967651367,10.967007637023926,19240783
2011-04-05,10.893059730529785,11.126279830932617,10.841865539550781,10.904437065124512,22011039
2011-04-06,11.137656211853027,11.433446884155273,10.910124778747559,11.006826400756836,36589781
2011-04-07,10.802047729492188,11.217291831970215,10.790671348571777,11.160409927368164,22972313
2011-04-08,10.978384971618652,11.097838401794434,10.80773639678955,10.961319923400879,20084271
2011-04-11,10.756542205810547,11.012514114379883,10.65984058380127,10.99544906616211,20466460
2011-04-12,10.460750579833984,10.716724395751953,10.307167053222656,10.65984058380127,19134599
2011-04-13,10.625711441040039,10.904437065124512,10.546074867248535,10.654151916503906,19022615
2011-04-14,10.597270011901855,10.620022773742676,10.341297149658203,10.602957725524902,14323832
2011-04-15,10.523322105407715,10.773606300354004,10.386802673339844,10.574516296386719,15620357
2011-04-18,10.2616605758667,10.426621437072754,10.182024955749512,10.341297149658203,15338550
2011-04-19,10.2616605758667,10.403867721557617,10.142207145690918,10.32423210144043,13503198
2011-04-20,10.756542205810547,10.80773639678955,10.358362197875977,10.472126960754395,17388730
2011-04-21,11.376564025878906,11.4163818359375,10.893059730529785,11.012514114379883,26320073
2011-04-25,11.160409927368164,11.547212600708008,11.14334487915039,11.376564025878906,18415577
2011-04-26,11.234356880187988,11.33105754852295,11.06939697265625,11.234356880187988,15646200
2011-04-27,11.916951179504395,11.945391654968262,11.296928405761719,11.325369834899902,36669419
2011-04-28,11.712173461914062,12.16154670715332,11.507394790649414,11.899886131286621,27424800
2011-04-29,11.854379653930664,11.905574798583984,11.33105754852295,11.42207145690918,19617346
2011-05-02,11.848691940307617,12.1387939453125,11.76336669921875,12.042093276977539,19002222
2011-05-03,11.530147552490234,12.070534706115723,11.49032974243164,11.831626892089844,24787800
2011-05-04,11.376564025878906,11.507394790649414,10.9840726852417,11.353811264038086,31309804
2011-05-05,12.16154670715332,12.741751670837402,12.059158325195312,12.320818901062012,49399800
2011-05-06,12.258248329162598,12.599544525146484,12.1387939453125,12.48577880859375,27157760
2011-05-09,12.20136547088623,12.315131187438965,11.985210418701172,12.258248329162598,17070004
2011-05-10,12.54835033416748,12.593856811523438,12.246870994567871,12.263936042785645,16499182
2011-05-11,12.110353469848633,12.684868812561035,12.002275466918945,12.542661666870117,17228400
2011-05-12,12.360636711120605,12.366325378417969,11.689419746398926,12.059158325195312,17931600
2011-05-13,12.036404609680176,12.53697395324707,11.990899085998535,12.343571662902832,16126134
2011-05-16,11.575654029846191,12.133106231689453,11.513083457946777,11.939703941345215,17578418
2011-05-17,11.200227737426758,11.484642028808594,10.938567161560059,11.433446884155273,28165445
2011-05-18,11.615471839904785,11.700796127319336,11.211604118347168,11.240045547485352,15942247
2011-05-19,11.626849174499512,11.751991271972656,11.461889266967773,11.71786117553711,11876521
2011-05-20,11.558588981628418,11.786121368408203,11.49032974243164,11.604096412658691,11537227
2011-05-23,11.14334487915039,11.359498977661133,11.097838401794434,11.217291831970215,10548000
2011-05-24,11.018202781677246,11.234356880187988,10.972696304321289,11.205916404724121,15804244
2011-05-25,11.188851356506348,11.257109642028809,10.887372016906738,10.967007637023926,10607420
2011-05-26,11.296928405761719,11.348122596740723,11.1547212600708,11.188851356506348,8704385
2011-05-27,11.399316787719727,11.524459838867188,11.291239738464355,11.359498977661133,6900150
2011-05-31,11.484642028808594,11.587031364440918,11.262799263000488,11.569966316223145,9982627
2011-06-01,10.910124778747559,11.80318546295166,10.881684303283691,11.427759170532227,19238321
2011-06-02,10.875994682312012,11.075084686279297,10.762229919433594,10.949942588806152,14238042
2011-06-03,10.546074867248535,10.802047729492188,10.506257057189941,10.6939697265625,14992927
2011-06-06,10.216155052185059,10.608646392822266,10.182024955749512,10.506257057189941,12867505
2011-06-07,10.472126960754395,10.608646392822266,10.221842765808105,10.2616605758667,16046497
2011-06-08,9.897610664367676,10.153583526611328,9.761092185974121,10.108077049255371,23370500
2011-06-09,9.869170188903809,9.97724723815918,9.67576789855957,9.931740760803223,14186708
2011-06-10,9.59044361114502,9.931740760803223,9.488055229187012,9.840727806091309,16403722
2011-06-13,9.442547798156738,9.783844947814941,9.357224464416504,9.613197326660156,12002745
2011-06-14,9.783844947814941,9.863480567932129,9.573378562927246,9.584754943847656,11662924
2011-06-15,9.402729988098145,9.709897994995117,9.385665893554688,9.670080184936523,13537479
2011-06-16,8.85665512084961,9.146758079528809,8.691695213317871,8.97610855102539,32563961
2011-06-17,8.822525978088379,9.021615028381348,8.720136642456055,9.00455093383789,15075905
2011-06-20,8.97610855102539,9.084186553955078,8.777018547058105,8.777018547058105,10213980
2011-06-21,9.35153579711914,9.408418655395508,8.998862266540527,9.038680076599121,9836362
2011-06-22,9.215017318725586,9.385665893554688,9.186575889587402,9.226393699645996,8633362
2011-06-23,9.476677894592285,9.488055229187012,9.010238647460938,9.061432838439941,11753812
2011-06-24,9.106940269470215,9.510807991027832,9.101250648498535,9.493742942810059,11178243
2011-06-27,9.3060302734375,9.36291217803955,9.055745124816895,9.106940269470215,6911225
2011-06-28,9.544937133789062,9.647327423095703,9.266212463378906,9.323094367980957,8239746
2011-06-29,9.197952270507812,9.368600845336914,9.129693031311035,9.30034065246582,15925370
2011-06-30,9.476677894592285,9.527873039245605,9.215017318725586,9.220705032348633,9966629
2011-07-01,9.67576789855957,9.721274375915527,9.288965225219727,9.476677894592285,9152148
2011-07-05,9.465300559997559,9.681455612182617,9.442547798156738,9.67576789855957,10149461
2011-07-06,9.288965225219727,9.459612846374512,9.215017318725586,9.453925132751465,8192456
2011-07-07,9.499430656433105,9.5676908493042,9.323094367980957,9.436860084533691,9775535
2011-07-08,9.067122459411621,9.209328651428223,8.936290740966797,9.209328651428223,15561464
2011-07-11,8.771330833435059,9.089875221252441,8.703071594238281,8.95335578918457,10648206
2011-07-12,8.549488067626953,8.748578071594238,8.538110733032227,8.714447975158691,10248964
2011-07-13,8.57792854309082,8.816837310791016,8.56086540222168,8.623435974121094,7739947
2011-07-14,8.378840446472168,8.714447975158691,8.287826538085938,8.612058639526367,11688415
2011-07-15,8.481228828430176,8.515357971191406,8.304891586303711,8.447098731994629,7850525
2011-07-18,8.179750442504883,8.475540161132812,8.020478248596191,8.407280921936035,10367102
2011-07-19,8.435722351074219,8.492605209350586,8.253697395324707,8.253697395324707,9953093
2011-07-20,8.304891586303711,8.475540161132812,8.202503204345703,8.464163780212402,7777744
2011-07-21,8.344710350036621,8.475540161132812,8.16268539428711,8.316267967224121,18426653
2011-07-22,8.725825309753418,8.833902359008789,8.28213882446289,8.304891586303711,23336044
2011-07-25,8.384528160095215,8.634812355041504,8.367463111877441,8.612058639526367,12945209
2011-07-26,8.53242301940918,8.663253784179688,8.401593208312988,8.412968635559082,10322273
2011-07-27,7.8384528160095215,8.327645301818848,7.81001091003418,8.316267967224121,17594416
2011-07-28,7.4914679527282715,7.912399768829346,7.457337856292725,7.832765102386475,16550164
2011-07-29,7.480091094970703,7.662116050720215,7.133106231689453,7.354948997497559,16689925
2011-08-01,7.474402904510498,7.787258148193359,7.281001091003418,7.696246147155762,12989686
2011-08-02,7.093287944793701,7.519908905029297,7.087600231170654,7.389078140258789,13562267
2011-08-03,7.303753852844238,7.337883949279785,6.894197940826416,7.155858993530273,14937199
2011-08-04,6.609784126281738,7.18998908996582,6.58703088760376,7.1615471839904785,20098687
2011-08-05,6.46757698059082,6.837315082550049,6.097837924957275,6.825939178466797,23389311
2011-08-08,5.6029582023620605,6.228669166564941,5.511944770812988,5.955630779266357,23753217
2011-08-09,6.154720783233643,6.160409927368164,5.5745158195495605,5.8475542068481445,19748493
2011-08-10,5.750853061676025,6.149033069610596,5.733788013458252,6.001138210296631,19058126
2011-08-11,6.496017932891846,6.569965839385986,5.972695827484131,5.978384971618652,20854099
2011-08-12,6.552900791168213,6.780432224273682,6.535836219787598,6.746303081512451,18229054
2011-08-15,7.0193400382995605,7.042092800140381,6.62116003036499,6.62116003036499,15680305
2011-08-16,6.774744033813477,6.985209941864014,6.643914222717285,6.894197940826416,12191027
2011-08-17,6.655290126800537,6.9169511795043945,6.450511932373047,6.877132892608643,17302588
2011-08-18,5.807735919952393,6.655290126800537,5.733788013458252,6.365188121795654,30976487
2011-08-19,5.620022773742676,6.001138210296631,5.608645915985107,5.716723918914795,19595020
2011-08-22,5.625710964202881,5.9442548751831055,5.563139915466309,5.904437065124512,12476878
2011-08-23,6.160409927368164,6.160409927368164,5.659841060638428,5.682593822479248,16087634
2011-08-24,6.171785831451416,6.245734214782715,5.9442548751831055,6.143344879150391,12066912
2011-08-25,6.012514114379883,6.245734214782715,5.972695827484131,6.234356880187988,13389631
2011-08-26,6.365188121795654,6.456200122833252,5.870306968688965,5.955630779266357,12040718
2011-08-29,6.985209941864014,7.025028228759766,6.496017932891846,6.5415239334106445,15019473
2011-08-30,7.645051002502441,7.753129005432129,6.899886131286621,6.968145847320557,32224140
2011-08-31,7.377702236175537,7.906712055206299,7.281001091003418,7.758817195892334,25244177
2011-09-01,7.383389949798584,7.673492908477783,7.3663249015808105,7.565414905548096,19746032
2011-09-02,7.269625186920166,7.713311195373535,7.167234897613525,7.360637187957764,26954359
2011-09-06,7.11604118347168,7.178612232208252,6.825939178466797,6.905574798583984,15925370
2011-09-07,7.565414905548096,7.622297763824463,7.246870994567871,7.246870994567871,15849073
2011-09-08,7.320818901062012,7.758817195892334,7.2639360427856445,7.53697395324707,14943527
2011-09-09,7.0193400382995605,7.372014045715332,6.899886131286621,7.246870994567871,14815897
2011-09-12,7.229806900024414,7.252560138702393,6.808874130249023,6.808874130249023,13213655
2011-09-13,7.411831855773926,7.474402904510498,7.218430042266846,7.269625186920166,15444557
2011-09-14,7.684868812561035,7.81001091003418,7.417520046234131,7.480091094970703,18252259
2011-09-15,7.701933860778809,7.81001091003418,7.542662143707275,7.781569957733154,10741028
2011-09-16,7.53697395324707,7.713311195373535,7.440272808074951,7.713311195373535,10567514
2011-09-19,7.440272808074951,7.548349857330322,7.207053184509277,7.3663249015808105,11105638
2011-09-20,7.423208236694336,7.7417521476745605,7.4061431884765625,7.51422119140625,12085547
2011-09-21,7.087600231170654,7.5938568115234375,7.076222896575928,7.480091094970703,12001163
2011-09-22,6.5642781257629395,6.843002796173096,6.359498977661133,6.643914222717285,15373358
2011-09-23,6.598406791687012,6.678042888641357,6.382253170013428,6.484642028808594,9893848
2011-09-26,6.5244598388671875,6.723548889160156,6.325369834899902,6.689420223236084,12874537
2011-09-27,6.5642781257629395,6.854380130767822,6.501706123352051,6.689420223236084,17015682
2011-09-28,6.006825923919678,6.632536888122559,5.972695827484131,6.62116003036499,22582389
2011-09-29,6.029579162597656,6.2969279289245605,5.790670871734619,6.222980976104736,18050089
2011-09-30,5.67121696472168,5.9442548751831055,5.67121696472168,5.915812969207764,8678367
2011-10-03,5.113766193389893,5.637087821960449,5.045506000518799,5.620022773742676,21683875
2011-10-04,5.432309150695801,5.432309150695801,4.886233806610107,4.943117141723633,13878883
2011-10-05,5.6143341064453125,5.637087821960449,5.261661052703857,5.364049911499023,14424917
2011-10-06,5.773605823516846,5.921502113342285,5.477816104888916,5.523322105407715,15663956
2011-10-07,5.722412109375,5.830489158630371,5.546074867248535,5.779294967651367,17579648
2011-10-10,6.006825923919678,6.018202781677246,5.733788013458252,5.767918109893799,9412859
2011-10-11,6.143344879150391,6.177474021911621,5.887372016906738,5.938567161560059,10128190
2011-10-12,6.12059211730957,6.382253170013428,6.109214782714844,6.245734214782715,12271895
2011-10-13,5.989760875701904,6.171785831451416,5.858931064605713,6.109214782714844,9292085
2011-10-14,6.205915927886963,6.228669166564941,6.04664421081543,6.160409927368164,7897112
2011-10-17,5.8475542068481445,6.177474021911621,5.813424110412598,6.149033069610596,6272017
2011-10-18,6.12059211730957,6.166098117828369,5.67121696472168,5.853241920471191,11184396
2011-10-19,5.8418660163879395,6.103527069091797,5.807735919952393,6.097837924957275,9590945
2011-10-20,5.87599515914917,5.921502113342285,5.688282012939453,5.893060207366943,9576705
2011-10-21,5.984073162078857,6.109214782714844,5.887372016906738,5.967008113861084,8897590
2011-10-24,6.370875835418701,6.382253170013428,5.978384971618652,6.018202781677246,10535518
2011-10-25,5.8475542068481445,6.285552024841309,5.733788013458252,6.177474021911621,20935319
2011-10-26,6.040956020355225,6.097837924957275,5.836176872253418,6.029579162597656,11644640
2011-10-27,6.746303081512451,6.94539213180542,6.285552024841309,6.291240215301514,25997128
2011-10-28,7.18998908996582,7.235495090484619,6.626849174499512,6.655290126800537,22147987
2011-10-31,6.825939178466797,7.087600231170654,6.820250034332275,7.053470134735107,14488557
2011-11-01,6.530148029327393,6.706484794616699,6.399316787719727,6.518771171569824,20500565
2011-11-02,7.087600231170654,7.2582478523254395,6.882821083068848,6.956768989562988,29272282
2011-11-03,7.070535182952881,7.195676803588867,6.786120891571045,7.18998908996582,15352262
2011-11-04,6.968145847320557,7.076222896575928,6.882821083068848,6.968145847320557,9521504
2011-11-07,6.825939178466797,7.030716896057129,6.6666669845581055,6.934016227722168,8819710
2011-11-08,7.110352993011475,7.212741851806641,6.939703941345215,6.94539213180542,12503248
2011-11-09,6.609784126281738,6.951080799102783,6.575654029846191,6.934016227722168,12781012
2011-11-10,6.604095935821533,6.825939178466797,6.478952884674072,6.797496795654297,11959322
2011-11-11,6.683732032775879,6.81456184387207,6.678042888641357,6.700796127319336,8811448
2011-11-14,6.734926223754883,6.922638893127441,6.626849174499512,6.632536888122559,7265287
2011-11-15,6.803184986114502,6.865756988525391,6.6666669845581055,6.689420223236084,7369536
2011-11-16,6.712172985076904,6.951080799102783,6.700796127319336,6.712172985076904,10525146
2011-11-17,6.44482421875,6.763367176055908,6.39362907409668,6.712172985076904,10505984
2011-11-18,6.251421928405762,6.478952884674072,6.245734214782715,6.461888790130615,7370591
2011-11-21,5.967008113861084,6.114902973175049,5.8418660163879395,6.0921502113342285,9702754
2011-11-22,5.893060207366943,5.989760875701904,5.773605823516846,5.938567161560059,6954121
2011-11-23,5.620022773742676,5.870306968688965,5.608645915985107,5.802048206329346,8449300
2011-11-25,5.437997817993164,5.682593822479248,5.437997817993164,5.6029582023620605,3625699
2011-11-28,5.830489158630371,5.972695827484131,5.688282012939453,5.722412109375,9765163
2011-11-29,5.813424110412598,5.938567161560059,5.750853061676025,5.87599515914917,8160109
2011-11-30,6.245734214782715,6.251421928405762,6.035266876220703,6.109214782714844,10136804
2011-12-01,6.149033069610596,6.325369834899902,6.086462020874023,6.211604118347168,7622512
2011-12-02,6.205915927886963,6.46757698059082,6.1945390701293945,6.325369834899902,8825512
2011-12-05,6.0921502113342285,6.410694122314453,6.04664421081543,6.410694122314453,8876494
2011-12-06,5.955630779266357,6.137656211853027,5.881683826446533,6.103527069091797,6986468
2011-12-07,6.001138210296631,6.06939697265625,5.87599515914917,6.006825923919678,7833296
2011-12-08,5.910124778747559,6.308304786682129,5.881683826446533,5.989760875701904,11566585
2011-12-09,6.143344879150391,6.160409927368164,5.915812969207764,6.006825923919678,7030769
2011-12-12,6.035266876220703,6.052331924438477,5.898748874664307,6.029579162597656,7013541
2011-12-13,5.733788013458252,6.12059211730957,5.648464202880859,6.06939697265625,13861830
2011-12-14,5.477816104888916,5.716723918914795,5.432309150695801,5.693970203399658,10501237
2011-12-15,5.443686008453369,5.631399154663086,5.403868198394775,5.6029582023620605,9704512
2011-12-16,5.420932769775391,5.557452201843262,5.335608959197998,5.489192008972168,12770288
2011-12-19,5.273037910461426,5.483503818511963,5.244596004486084,5.432309150695801,8456683
2011-12-20,5.637087821960449,5.648464202880859,5.392490863800049,5.409555912017822,8630022
2011-12-21,5.5745158195495605,5.608645915985107,5.420932769775391,5.608645915985107,6046289
2011-12-22,5.921502113342285,5.9442548751831055,5.591580867767334,5.5972700119018555,6737887
2011-12-23,6.001138210296631,6.006825923919678,5.887372016906738,5.938567161560059,4737810
2011-12-27,6.04664421081543,6.086462020874023,5.955630779266357,5.967008113861084,3513715
2011-12-28,5.938567161560059,6.086462020874023,5.8475542068481445,6.080773830413818,5360669
2011-12-29,5.978384971618652,6.001138210296631,5.830489158630371,5.9442548751831055,4280378
2011-12-30,5.938567161560059,6.018202781677246,5.915812969207764,5.955630779266357,3199912
2012-01-03,6.166098117828369,6.313992977142334,6.103527069091797,6.126279830932617,5430638
2012-01-04,6.075085163116455,6.109214782714844,5.938567161560059,6.0921502113342285,5064271
2012-01-05,6.257110118865967,6.4391350746154785,6.143344879150391,6.171785831451416,13164783
2012-01-06,6.325369834899902,6.348123073577881,6.171785831451416,6.257110118865967,7434055
2012-01-09,6.518771171569824,6.569965839385986,6.313992977142334,6.353810787200928,9122086
2012-01-10,6.496017932891846,6.751990795135498,6.433446884155273,6.678042888641357,9166388
2012-01-11,6.632536888122559,6.649601936340332,6.405005931854248,6.46757698059082,8031950
2012-01-12,6.62116003036499,6.655290126800537,6.496017932891846,6.632536888122559,8183842
2012-01-13,6.5244598388671875,6.6666669845581055,6.473265171051025,6.547213077545166,6260765
2012-01-17,6.700796127319336,6.786120891571045,6.592719078063965,6.62116003036499,6777442
2012-01-18,7.18998908996582,7.195676803588867,6.729238033294678,6.734926223754883,11340506
2012-01-19,7.354948997497559,7.519908905029297,7.292377948760986,7.337883949279785,11444580
2012-01-20,7.6507391929626465,7.673492908477783,7.394766807556152,7.480091094970703,13332145
2012-01-23,7.548349857330322,7.679181098937988,7.451650142669678,7.639362812042236,8486218
2012-01-24,7.718998908996582,7.7360639572143555,7.337883949279785,7.480091094970703,7185298
2012-01-25,7.718998908996582,7.758817195892334,7.53697395324707,7.7417521476745605,9114351
2012-01-26,7.662116050720215,7.935153961181641,7.622297763824463,7.7360639572143555,10121509
2012-01-27,7.303753852844238,7.480091094970703,7.252560138702393,7.451650142669678,18508751
2012-01-30,7.298066139221191,7.3492608070373535,7.18998908996582,7.229806900024414,9242158
2012-01-31,7.218430042266846,7.394766807556152,7.172924041748047,7.377702236175537,9214557
2012-02-01,7.468714237213135,7.502843856811523,7.235495090484619,7.303753852844238,18614231
2012-02-02,6.934016227722168,7.7360639572143555,6.871445178985596,7.718998908996582,40171531
2012-02-03,7.047781944274902,7.110352993011475,6.956768989562988,6.979522228240967,19199645
2012-02-06,7.201364994049072,7.241182804107666,6.934016227722168,7.002274990081787,12968414
2012-02-07,7.53697395324707,7.5938568115234375,7.127418041229248,7.167234897613525,18048507
2012-02-08,7.792946815490723,7.878271102905273,7.519908905029297,7.531285762786865,17597932
2012-02-09,7.844141006469727,7.929464817047119,7.730374813079834,7.792946815490723,13008321
2012-02-10,7.929464817047119,8.111490249633789,7.8612060546875,7.974971771240234,16578467
2012-02-13,8.009100914001465,8.100113868713379,7.940842151641846,8.031853675842285,8632659
2012-02-14,7.974971771240234,8.060296058654785,7.855517864227295,7.974971771240234,11323805
2012-02-15,8.139931678771973,8.304891586303711,8.031853675842285,8.048918724060059,16672872
2012-02-16,8.344710350036621,8.367463111877441,8.077361106872559,8.100113868713379,11293216
2012-02-17,8.492605209350586,8.62912368774414,8.390215873718262,8.395903587341309,16482129
2012-02-21,8.304891586303711,8.549488067626953,8.191125869750977,8.49829387664795,14354070
2012-02-22,7.923777103424072,8.2935152053833,7.878271102905273,8.2935152053833,13592153
2012-02-23,8.054608345031738,8.088736534118652,7.7360639572143555,7.935153961181641,10809239
2012-02-24,7.9806599617004395,8.13424301147461,7.940842151641846,8.048918724060059,7942996
2012-02-27,7.969283103942871,8.048918724060059,7.770193099975586,7.895336151123047,9996867
2012-02-28,7.946529865264893,8.014789581298828,7.872581958770752,7.963594913482666,10346006
2012-02-29,7.411831855773926,7.974971771240234,7.394766807556152,7.957907199859619,24443408
2012-03-01,7.65642786026001,7.753129005432129,7.30944299697876,7.337883949279785,19007672
2012-03-02,7.627985954284668,7.747439861297607,7.525597095489502,7.622297763824463,9534689
2012-03-05,7.332196235656738,7.610921859741211,7.241182804107666,7.582479953765869,14242261
2012-03-06,7.104663848876953,7.229806900024414,7.047781944274902,7.224118232727051,12863462
2012-03-07,7.281001091003418,7.474402904510498,7.241182804107666,7.30944299697876,14325590
2012-03-08,7.480091094970703,7.559727191925049,7.394766807556152,7.423208236694336,10571733
2012-03-09,7.69055700302124,7.815700054168701,7.480091094970703,7.5085320472717285,11457765
2012-03-12,7.5938568115234375,7.781569957733154,7.525597095489502,7.679181098937988,8692958
2012-03-13,7.912399768829346,7.912399768829346,7.6507391929626465,7.673492908477783,11018792
2012-03-14,7.792946815490723,7.963594913482666,7.718998908996582,7.88395881652832,6708352
2012-03-15,8.048918724060059,8.071672439575195,7.770193099975586,7.821387767791748,10943902
2012-03-16,8.083048820495605,8.1228666305542,8.003413200378418,8.071672439575195,9015727
2012-03-19,8.13424301147461,8.219568252563477,8.037543296813965,8.048918724060059,9233368
2012-03-20,8.026165962219238,8.071672439575195,7.912399768829346,8.009100914001465,6637153
2012-03-21,8.048918724060059,8.168373107910156,7.992035865783691,8.065983772277832,8044784
2012-03-22,7.832765102386475,8.043231010437012,7.764504909515381,7.969283103942871,8152549
2012-03-23,7.895336151123047,7.929464817047119,7.718998908996582,7.832765102386475,6706243
2012-03-26,8.145620346069336,8.179750442504883,7.935153961181641,8.020478248596191,7795851
2012-03-27,8.412968635559082,8.53242301940918,8.23663330078125,8.248008728027344,20212429
2012-03-28,8.299203872680664,8.503981590270996,8.191125869750977,8.361775398254395,12081503
2012-03-29,8.287826538085938,8.304891586303711,8.111490249633789,8.213878631591797,7329454
2012-03-30,8.242321014404297,8.435722351074219,8.191125869750977,8.361775398254395,5980716
2012-04-02,8.299203872680664,8.384528160095215,8.094425201416016,8.18543815612793,8846959
2012-04-03,8.191125869750977,8.390215873718262,8.105801582336426,8.299203872680664,10053826
2012-04-04,7.889647006988525,8.145620346069336,7.8612060546875,8.088736534118652,11979539
2012-04-05,7.673492908477783,7.889647006988525,7.639362812042236,7.866893768310547,13830186
2012-04-09,7.411831855773926,7.571104049682617,7.337883949279785,7.5085320472717285,8028083
2012-04-10,7.18998908996582,7.5085320472717285,7.167234897613525,7.394766807556152,8439806
2012-04-11,7.315131187438965,7.468714237213135,7.18998908996582,7.286688804626465,11295853
2012-04-12,7.542662143707275,7.559727191925049,7.30944299697876,7.34357213973999,6720131
2012-04-13,7.394766807556152,7.531285762786865,7.332196235656738,7.4914679527282715,8602421
2012-04-16,7.3492608070373535,7.525597095489502,7.2639360427856445,7.451650142669678,9352033
2012-04-17,7.571104049682617,7.627985954284668,7.4061431884765625,7.423208236694336,5329201
2012-04-18,7.559727191925049,7.610921859741211,7.428895950317383,7.519908905029297,7147501
2012-04-19,7.5085320472717285,7.707622051239014,7.46302604675293,7.519908905029297,7585594
2012-04-20,7.3663249015808105,7.616610050201416,7.34357213973999,7.554039001464844,7458315
2012-04-23,6.985209941864014,7.241182804107666,6.962457180023193,7.218430042266846,16786263
2012-04-24,6.979522228240967,7.081911087036133,6.882821083068848,6.996586799621582,11424890
2012-04-25,7.184299945831299,7.18998908996582,7.030716896057129,7.133106231689453,10230681
2012-04-26,6.951080799102783,7.201364994049072,6.939703941345215,7.178612232208252,13677592
2012-04-27,7.11604118347168,7.1387939453125,6.894197940826416,6.990899085998535,10887821
2012-04-30,6.922638893127441,7.104663848876953,6.860067844390869,7.081911087036133,7589110
2012-05-01,6.985209941864014,7.070535182952881,6.9112629890441895,6.9112629890441895,5821090
2012-05-02,6.848691940307617,6.990899085998535,6.786120891571045,6.934016227722168,13553653
2012-05-03,6.592719078063965,6.774744033813477,6.399316787719727,6.575654029846191,25725693
2012-05-04,6.308304786682129,6.535836219787598,6.251421928405762,6.507394790649414,18140626
2012-05-07,6.2969279289245605,6.387940883636475,6.245734214782715,6.257110118865967,11189494
2012-05-08,6.183163166046143,6.279862880706787,6.06939697265625,6.234356880187988,9814914
2012-05-09,6.149033069610596,6.171785831451416,6.035266876220703,6.080773830413818,7315741
2012-05-10,6.109214782714844,6.427759170532227,6.097837924957275,6.285552024841309,11979715
2012-05-11,6.080773830413818,6.234356880187988,6.029579162597656,6.04664421081543,9159532
2012-05-14,6.040956020355225,6.131968021392822,5.9442548751831055,5.972695827484131,7852986
2012-05-15,6.001138210296631,6.143344879150391,5.978384971618652,6.06939697265625,7748385
2012-05-16,5.858931064605713,6.149033069610596,5.830489158630371,6.023890972137451,8531222
2012-05-17,5.688282012939453,5.910124778747559,5.688282012939453,5.870306968688965,6127509
2012-05-18,5.608645915985107,5.796359062194824,5.585893154144287,5.739477157592773,10882372
2012-05-21,5.813424110412598,5.86461877822876,5.5972700119018555,5.631399154663086,6107644
2012-05-22,5.813424110412598,5.927189826965332,5.739477157592773,5.813424110412598,5863457
2012-05-23,5.893060207366943,5.932878017425537,5.654151916503906,5.722412109375,7359515
2012-05-24,5.637087821960449,5.898748874664307,5.5745158195495605,5.893060207366943,10439004
2012-05-25,5.591580867767334,5.705347061157227,5.5745158195495605,5.631399154663086,8996917
2012-05-29,5.784983158111572,5.790670871734619,5.654151916503906,5.688282012939453,14693364
2012-05-30,5.688282012939453,5.711034774780273,5.546074867248535,5.705347061157227,9217546
2012-05-31,5.773605823516846,5.830489158630371,5.557452201843262,5.733788013458252,11367580
2012-06-01,5.489192008972168,5.654151916503906,5.460751056671143,5.6143341064453125,10851255
2012-06-04,5.375426769256592,5.5972700119018555,5.318543910980225,5.500568866729736,9313532
2012-06-05,5.546074867248535,5.557452201843262,5.307167053222656,5.34698486328125,7496464
2012-06-06,5.887372016906738,5.887372016906738,5.5972700119018555,5.5972700119018555,9978760
2012-06-07,5.8475542068481445,6.058020114898682,5.819112777709961,5.972695827484131,9942896
2012-06-08,5.984073162078857,6.001138210296631,5.750853061676025,5.853241920471191,6064924
2012-06-11,5.654151916503906,6.086462020874023,5.642776012420654,6.080773830413818,7856678
2012-06-12,5.807735919952393,5.824800968170166,5.642776012420654,5.716723918914795,7302908
2012-06-13,5.631399154663086,5.807735919952393,5.6143341064453125,5.762229919433594,7467281
2012-06-14,5.6029582023620605,5.659841060638428,5.4948811531066895,5.637087821960449,6821743
2012-06-15,5.74516487121582,5.750853061676025,5.568828105926514,5.6143341064453125,8708605
2012-06-18,5.938567161560059,5.955630779266357,5.642776012420654,5.693970203399658,7147501
2012-06-19,5.978384971618652,6.080773830413818,5.955630779266357,5.978384971618652,6307704
2012-06-20,6.171785831451416,6.217291831970215,5.921502113342285,5.984073162078857,7847536
2012-06-21,5.8418660163879395,6.171785831451416,5.830489158630371,6.166098117828369,6174623
2012-06-22,5.910124778747559,5.961319923400879,5.824800968170166,5.881683826446533,10534288
2012-06-25,5.676906108856201,5.824800968170166,5.5972700119018555,5.802048206329346,5522054
2012-06-26,5.705347061157227,5.762229919433594,5.631399154663086,5.682593822479248,4903941
2012-06-27,5.915812969207764,5.967008113861084,5.722412109375,5.74516487121582,6356928
2012-06-28,5.961319923400879,6.035266876220703,5.836176872253418,5.858931064605713,7244366
2012-06-29,6.257110118865967,6.257110118865967,6.097837924957275,6.126279830932617,8843267
2012-07-02,6.211604118347168,6.257110118865967,6.103527069091797,6.251421928405762,4825710
2012-07-03,6.39362907409668,6.427759170532227,6.183163166046143,6.200228214263916,3015497
2012-07-05,6.302617073059082,6.4163818359375,6.257110118865967,6.382253170013428,4617035
2012-07-06,6.018202781677246,6.217291831970215,5.87599515914917,6.217291831970215,6732964
2012-07-09,5.813424110412598,6.018202781677246,5.790670871734619,5.989760875701904,6092876
2012-07-10,5.784983158111572,6.075085163116455,5.722412109375,5.915812969207764,9435362
2012-07-11,5.329919815063477,5.802048206329346,5.307167053222656,5.784983158111572,18096325
2012-07-12,5.136518955230713,5.301478862762451,5.062571048736572,5.273037910461426,14464472
2012-07-13,5.1194539070129395,5.187713146209717,4.931741237640381,5.136518955230713,15227620
2012-07-16,5.02275276184082,5.176336765289307,5.005688190460205,5.1194539070129395,13992098
2012-07-17,4.908987045288086,5.068258762359619,4.817975044250488,5.05119514465332,12432752
2012-07-18,5.284413814544678,5.352673053741455,4.903298854827881,4.903298854827881,15769612
2012-07-19,5.449374198913574,5.4721269607543945,5.290102005004883,5.335608959197998,11016859
2012-07-20,5.295791149139404,5.403868198394775,5.278726100921631,5.375426769256592,7856678
2012-07-23,4.994311809539795,5.108077049255371,4.94880485534668,5.108077049255371,12014172
2012-07-24,5.079636096954346,5.1194539070129395,4.920363903045654,4.994311809539795,11347363
2012-07-25,5.210465908050537,5.307167053222656,5.108077049255371,5.1194539070129395,9139490
2012-07-26,5.437997817993164,5.477816104888916,5.312856197357178,5.335608959197998,9568794
2012-07-27,5.659841060638428,5.722412109375,5.39818000793457,5.500568866729736,9245674
2012-07-30,5.6143341064453125,5.716723918914795,5.534698963165283,5.659841060638428,6767421
2012-07-31,5.5972700119018555,5.728099822998047,5.580204963684082,5.591580867767334,6776035
2012-08-01,5.534698963165283,5.654151916503906,5.4948811531066895,5.648464202880859,6684795
2012-08-02,5.375426769256592,5.5745158195495605,5.307167053222656,5.432309150695801,11677515
2012-08-03,5.6029582023620605,5.648464202880859,5.409555912017822,5.540387153625488,7972530
2012-08-06,5.8475542068481445,5.898748874664307,5.5972700119018555,5.637087821960449,7070149
2012-08-07,5.972695827484131,6.063708782196045,5.858931064605713,5.887372016906738,9561410
2012-08-08,6.023890972137451,6.154720783233643,5.9442548751831055,5.9499430656433105,6866221
2012-08-09,6.126279830932617,6.234356880187988,6.006825923919678,6.029579162597656,7635346
2012-08-10,6.200228214263916,6.228669166564941,6.086462020874023,6.211604118347168,7142051
2012-08-13,6.291240215301514,6.473265171051025,6.1888508796691895,6.410694122314453,14001239
2012-08-14,6.075085163116455,6.382253170013428,5.978384971618652,6.325369834899902,20909300
2012-08-15,6.575654029846191,6.712172985076904,6.4163818359375,6.4220709800720215,34043670
2012-08-16,6.734926223754883,6.746303081512451,6.478952884674072,6.609784126281738,15165387
2012-08-17,6.831626892089844,6.854380130767822,6.678042888641357,6.746303081512451,12790505
2012-08-20,6.660977840423584,6.831626892089844,6.604095935821533,6.825939178466797,10758784
2012-08-21,6.706484794616699,6.820250034332275,6.649601936340332,6.678042888641357,8744995
2012-08-22,6.6666669845581055,6.751990795135498,6.598406791687012,6.660977840423584,6881691
2012-08-23,6.609784126281738,6.717861175537109,6.598406791687012,6.643914222717285,7386237
2012-08-24,6.643914222717285,6.6723551750183105,6.496017932891846,6.632536888122559,5868731
2012-08-27,6.734926223754883,6.786120891571045,6.643914222717285,6.683732032775879,8210212
2012-08-28,6.774744033813477,6.797496795654297,6.655290126800537,6.700796127319336,6408789
2012-08-29,6.683732032775879,6.820250034332275,6.649601936340332,6.757678985595703,5603273
2012-08-30,6.2969279289245605,6.5244598388671875,6.257110118865967,6.496017932891846,13371875
2012-08-31,6.365188121795654,6.461888790130615,6.268486976623535,6.387940883636475,9146874
2012-09-04,6.365188121795654,6.461888790130615,6.234356880187988,6.325369834899902,7824155
2012-09-05,6.359498977661133,6.4220709800720215,6.285552024841309,6.359498977661133,6531322
2012-09-06,6.706484794616699,6.74061393737793,6.382253170013428,6.39362907409668,9184671
2012-09-07,6.990899085998535,7.064846038818359,6.689420223236084,6.734926223754883,13040141
2012-09-10,6.990899085998535,7.042092800140381,6.9112629890441895,6.951080799102783,9186956
2012-09-11,7.201364994049072,7.281001091003418,6.973834037780762,7.002274990081787,12887722
2012-09-12,7.218430042266846,7.286688804626465,7.133106231689453,7.2582478523254395,6183589
2012-09-13,7.34357213973999,7.428895950317383,7.144482135772705,7.201364994049072,7078235
2012-09-14,7.6507391929626465,7.7360639572143555,7.337883949279785,7.389078140258789,13251980
2012-09-17,7.502843856811523,7.6507391929626465,7.423208236694336,7.6507391929626465,5081147
2012-09-18,7.5085320472717285,7.576791763305664,7.411831855773926,7.497156143188477,6769355
2012-09-19,7.502843856811523,7.610921859741211,7.451650142669678,7.554039001464844,6146495
2012-09-20,7.411831855773926,7.451650142669678,7.235495090484619,7.451650142669678,7909769
2012-09-21,7.337883949279785,7.599545001983643,7.326507091522217,7.451650142669678,12688541
2012-09-24,7.2582478523254395,7.337883949279785,7.178612232208252,7.241182804107666,6337414
2012-09-25,7.0193400382995605,7.383389949798584,7.0136518478393555,7.337883949279785,7997669
2012-09-26,6.905574798583984,7.030716896057129,6.757678985595703,7.0193400382995605,10689871
2012-09-27,7.2582478523254395,7.360637187957764,6.905574798583984,6.956768989562988,16224230
2012-09-28,7.042092800140381,7.1615471839904785,6.968145847320557,7.11604118347168,8799142
2012-10-01,6.780432224273682,7.076222896575928,6.757678985595703,7.053470134735107,12138111
2012-10-02,6.643914222717285,6.848691940307617,6.5813422203063965,6.825939178466797,13694820
2012-10-03,6.683732032775879,6.763367176055908,6.615471839904785,6.678042888641357,7994153
2012-10-04,6.558588981628418,6.74061393737793,6.5415239334106445,6.700796127319336,9024166
2012-10-05,6.461888790130615,6.632536888122559,6.4163818359375,6.604095935821533,8797208
2012-10-08,6.1888508796691895,6.370875835418701,6.160409927368164,6.348123073577881,13221566
2012-10-09,6.029579162597656,6.257110118865967,5.978384971618652,6.217291831970215,10987324
2012-10-10,5.9499430656433105,6.052331924438477,5.87599515914917,6.04664421081543,8741128
2012-10-11,5.961319923400879,6.075085163116455,5.910124778747559,5.972695827484131,5196472
2012-10-12,5.858931064605713,5.989760875701904,5.836176872253418,5.955630779266357,4252602
2012-10-15,5.898748874664307,5.955630779266357,5.802048206329346,5.870306968688965,8137606
2012-10-16,6.0921502113342285,6.103527069091797,5.904437065124512,5.904437065124512,8154307
2012-10-17,6.154720783233643,6.27417516708374,6.018202781677246,6.052331924438477,8656216
2012-10-18,5.961319923400879,6.143344879150391,5.9499430656433105,6.137656211853027,7397664
2012-10-19,5.784983158111572,6.006825923919678,5.74516487121582,5.9442548751831055,9533810
2012-10-22,5.819112777709961,5.904437065124512,5.74516487121582,5.779294967651367,7275659
2012-10-23,5.927189826965332,5.955630779266357,5.665528774261475,5.711034774780273,7257551
2012-10-24,5.784983158111572,6.001138210296631,5.74516487121582,5.961319923400879,5572860
2012-10-25,5.858931064605713,5.932878017425537,5.824800968170166,5.853241920471191,5900903
2012-10-26,5.87599515914917,5.938567161560059,5.762229919433594,5.836176872253418,5985638
2012-10-31,5.51763391494751,5.87599515914917,5.358362197875977,5.830489158630371,16915652
2012-11-01,5.9442548751831055,5.967008113861084,5.529009819030762,5.529009819030762,11645519
2012-11-02,5.813424110412598,5.972695827484131,5.762229919433594,5.9499430656433105,7483630
2012-11-05,5.9499430656433105,5.984073162078857,5.784983158111572,5.807735919952393,6142979
2012-11-06,6.04664421081543,6.126279830932617,5.932878017425537,6.001138210296631,8034587
2012-11-07,6.342434883117676,6.46757698059082,6.097837924957275,6.228669166564941,22044617
2012-11-08,6.291240215301514,6.473265171051025,6.26279878616333,6.3367462158203125,13300149
2012-11-09,6.342434883117676,6.478952884674072,6.234356880187988,6.268486976623535,7107418
2012-11-12,6.348123073577881,6.399316787719727,6.2969279289245605,6.359498977661133,3326663
2012-11-13,6.228669166564941,6.342434883117676,6.217291831970215,6.2969279289245605,5587451
2012-11-14,6.331058025360107,6.518771171569824,6.313992977142334,6.365188121795654,7921021
2012-11-15,6.222980976104736,6.376564025878906,6.166098117828369,6.353810787200928,6391912
2012-11-16,6.143344879150391,6.257110118865967,5.955630779266357,6.234356880187988,8530871
2012-11-19,6.285552024841309,6.399316787719727,6.171785831451416,6.222980976104736,6395604
2012-11-20,6.24004602432251,6.308304786682129,6.063708782196045,6.27417516708374,7809563
2012-11-21,6.387940883636475,6.4220709800720215,6.291240215301514,6.319681167602539,4255239
2012-11-23,6.615471839904785,6.626849174499512,6.370875835418701,6.427759170532227,3341782
2012-11-26,6.552900791168213,6.62116003036499,6.461888790130615,6.58703088760376,6110632
2012-11-27,6.501706123352051,6.638225078582764,6.496017932891846,6.558588981628418,4911852
2012-11-28,6.774744033813477,6.797496795654297,6.313992977142334,6.456200122833252,10796230
2012-11-29,6.831626892089844,6.882821083068848,6.780432224273682,6.803184986114502,7659430
2012-11-30,6.899886131286621,6.928328037261963,6.81456184387207,6.81456184387207,7812728
2012-12-03,6.934016227722168,7.070535182952881,6.922638893127441,6.951080799102783,7248234
2012-12-04,7.025028228759766,7.070535182952881,6.894197940826416,6.928328037261963,9891211
2012-12-05,7.036405086517334,7.087600231170654,6.94539213180542,6.990899085998535,7962158
2012-12-06,7.0193400382995605,7.036405086517334,6.757678985595703,6.854380130767822,13664231
2012-12-07,7.007964134216309,7.104663848876953,6.979522228240967,7.053470134735107,7184243
2012-12-10,7.093287944793701,7.127418041229248,6.985209941864014,7.007964134216309,5120527
2012-12-11,7.281001091003418,7.292377948760986,7.127418041229248,7.144482135772705,7340002
2012-12-12,7.155858993530273,7.354948997497559,7.150170803070068,7.332196235656738,7747506
2012-12-13,7.11604118347168,7.332196235656738,7.081911087036133,7.167234897613525,7995911
2012-12-14,7.155858993530273,7.315131187438965,7.081911087036133,7.104663848876953,6026072
2012-12-17,7.178612232208252,7.235495090484619,7.110352993011475,7.172924041748047,4932069
2012-12-18,7.502843856811523,7.51422119140625,7.241182804107666,7.281001091003418,8706671
2012-12-19,7.51422119140625,7.622297763824463,7.428895950317383,7.497156143188477,5820035
2012-12-20,7.565414905548096,7.599545001983643,7.434585094451904,7.502843856811523,5454722
2012-12-21,7.5085320472717285,7.519908905029297,7.3492608070373535,7.417520046234131,7467808
2012-12-24,7.48577880859375,7.497156143188477,7.372014045715332,7.468714237213135,1711940
2012-12-26,7.571104049682617,7.770193099975586,7.53697395324707,7.559727191925049,4947715
2012-12-27,7.559727191925049,7.6336750984191895,7.400454998016357,7.565414905548096,5770811
2012-12-28,7.48577880859375,7.559727191925049,7.394766807556152,7.474402904510498,3652597
2012-12-31,7.679181098937988,7.701933860778809,7.434585094451904,7.502843856811523,5720180
2013-01-02,7.9806599617004395,8.031853675842285,7.8612060546875,7.895336151123047,9154258
2013-01-03,7.88395881652832,8.048918724060059,7.821387767791748,7.9806599617004395,5956631
2013-01-04,7.866893768310547,7.963594913482666,7.832765102386475,7.935153961181641,4514896
2013-01-07,8.043231010437012,8.128555297851562,7.963594913482666,8.043231010437012,8662545
2013-01-08,7.872581958770752,8.048918724060059,7.849829196929932,8.020478248596191,6264281
2013-01-09,7.69055700302124,7.912399768829346,7.576791763305664,7.901023864746094,11604558
2013-01-10,7.662116050720215,7.8384528160095215,7.576791763305664,7.787258148193359,8543177
2013-01-11,7.519908905029297,7.701933860778809,7.423208236694336,7.667803764343262,10961833
2013-01-14,7.497156143188477,7.497156143188477,7.372014045715332,7.394766807556152,7543754
2013-01-15,7.599545001983643,7.639362812042236,7.4061431884765625,7.451650142669678,5888245
2013-01-16,7.679181098937988,7.724687099456787,7.474402904510498,7.605233192443848,7894826
2013-01-17,7.7417521476745605,7.821387767791748,7.696246147155762,7.696246147155762,5277516
2013-01-18,7.5085320472717285,7.65642786026001,7.440272808074951,7.65642786026001,9545061
2013-01-22,7.627985954284668,7.662116050720215,7.457337856292725,7.457337856292725,7971475
2013-01-23,7.622297763824463,7.7360639572143555,7.605233192443848,7.662116050720215,3238763
2013-01-24,7.548349857330322,7.753129005432129,7.525597095489502,7.588168144226074,6480515
2013-01-25,7.6507391929626465,7.696246147155762,7.525597095489502,7.571104049682617,10063319
2013-01-28,7.764504909515381,7.775881767272949,7.622297763824463,7.645051002502441,7078411
2013-01-29,7.428895950317383,7.770193099975586,7.34357213973999,7.747439861297607,14641151
2013-01-30,7.053470134735107,7.451650142669678,7.042092800140381,7.3492608070373535,32206560
2013-01-31,8.253697395324707,8.612058639526367,7.963594913482666,8.009100914001465,41941837
2013-02-01,8.407280921936035,8.5836181640625,8.23663330078125,8.253697395324707,19151828
2013-02-04,8.543800354003906,8.640501022338867,8.316267967224121,8.316267967224121,15194746
2013-02-05,8.634812355041504,8.748578071594238,8.549488067626953,8.5836181640625,8225330
2013-02-06,8.725825309753418,8.754265785217285,8.566553115844727,8.594993591308594,6805921
2013-02-07,8.674630165100098,8.754265785217285,8.5836181640625,8.754265785217285,7254563
2013-02-08,8.651877403259277,8.811148643493652,8.62912368774414,8.651877403259277,5729849
2013-02-11,8.680318832397461,8.748578071594238,8.589305877685547,8.657565116882324,3559423
2013-02-12,8.697382926940918,8.811148643493652,8.646188735961914,8.646188735961914,5883850
2013-02-13,8.731513023376465,8.799772262573242,8.674630165100098,8.703071594238281,5854843
2013-02-14,8.805460929870605,8.833902359008789,8.703071594238281,8.725825309753418,4985512
2013-02-15,8.62912368774414,8.890785217285156,8.55517578125,8.816837310791016,9211393
2013-02-19,8.765643119812012,8.805460929870605,8.623435974121094,8.686006546020508,5803861
2013-02-20,8.412968635559082,8.811148643493652,8.390215873718262,8.765643119812012,8483756
2013-02-21,8.191125869750977,8.424345970153809,8.117178916931152,8.407280921936035,7336134
2013-02-22,8.321956634521484,8.373150825500488,8.253697395324707,8.25938606262207,3571377
2013-02-25,8.048918724060059,8.452787399291992,8.048918724060059,8.367463111877441,7136953
2013-02-26,8.100113868713379,8.18543815612793,7.946529865264893,8.094425201416016,6174975
2013-02-27,8.219568252563477,8.299203872680664,8.048918724060059,8.117178916931152,5207196
2013-02-28,8.054608345031738,8.28213882446289,8.043231010437012,8.225255966186523,5292635
2013-03-01,7.997725009918213,8.094425201416016,7.963594913482666,8.037543296813965,9365745
2013-03-04,7.952218055725098,8.048918724060059,7.940842151641846,7.992035865783691,5748836
2013-03-05,8.048918724060059,8.174060821533203,8.037543296813965,8.043231010437012,5898793
2013-03-06,8.048918724060059,8.094425201416016,7.872581958770752,8.094425201416016,7420870
2013-03-07,8.663253784179688,8.703071594238281,8.475540161132812,8.57792854309082,17024472
2013-03-08,8.805460929870605,8.822525978088379,8.623435974121094,8.720136642456055,11172969
2013-03-11,8.759954452514648,8.8452787399292,8.720136642456055,8.788395881652832,5682208
2013-03-12,8.691695213317871,8.828213691711426,8.657565116882324,8.708760261535645,6484559
2013-03-13,8.56086540222168,8.708760261535645,8.515357971191406,8.686006546020508,5348188
2013-03-14,8.680318832397461,8.805460929870605,8.61774730682373,8.61774730682373,6777442
2013-03-15,8.657565116882324,8.748578071594238,8.56086540222168,8.703071594238281,7708127
2013-03-18,8.515357971191406,8.56086540222168,8.316267967224121,8.543800354003906,5360845
2013-03-19,8.145620346069336,8.61774730682373,8.13424301147461,8.53242301940918,9295073
2013-03-20,8.13424301147461,8.23094367980957,8.111490249633789,8.191125869750977,7411552
2013-03-21,7.798635005950928,8.111490249633789,7.696246147155762,8.071672439575195,14660314
2013-03-22,7.662116050720215,7.878271102905273,7.5938568115234375,7.804323196411133,9770788
2013-03-25,7.758817195892334,7.792946815490723,7.610921859741211,7.696246147155762,8405525
2013-03-26,7.701933860778809,7.855517864227295,7.639362812042236,7.764504909515381,4462156
2013-03-27,7.707622051239014,7.707622051239014,7.565414905548096,7.6507391929626465,5295799
2013-03-28,7.605233192443848,7.724687099456787,7.565414905548096,7.724687099456787,5816343
2013-04-01,7.542662143707275,7.627985954284668,7.383389949798584,7.627985954284668,7588055
2013-04-02,7.531285762786865,7.627985954284668,7.474402904510498,7.565414905548096,9887168
2013-04-03,7.389078140258789,7.599545001983643,7.3663249015808105,7.531285762786865,8141825
2013-04-04,7.457337856292725,7.542662143707275,7.326507091522217,7.400454998016357,6316142
2013-04-05,7.269625186920166,7.360637187957764,7.030716896057129,7.167234897613525,7973409
2013-04-08,7.428895950317383,7.434585094451904,7.207053184509277,7.2639360427856445,5267320
2013-04-09,7.588168144226074,7.605233192443848,7.377702236175537,7.428895950317383,6801350
2013-04-10,7.957907199859619,8.105801582336426,7.701933860778809,7.707622051239014,17199041
2013-04-11,8.088736534118652,8.100113868713379,7.821387767791748,7.952218055725098,8269456
2013-04-12,7.952218055725098,8.060296058654785,7.804323196411133,8.037543296813965,5304062
2013-04-15,7.576791763305664,7.906712055206299,7.525597095489502,7.878271102905273,6831061
2013-04-16,7.502843856811523,7.701933860778809,7.457337856292725,7.645051002502441,5487949
2013-04-17,7.326507091522217,7.434585094451904,7.212741851806641,7.400454998016357,7790401
2013-04-18,7.155858993530273,7.445960998535156,7.081911087036133,7.354948997497559,6412481
2013-04-19,7.224118232727051,7.2582478523254395,7.053470134735107,7.195676803588867,6718549
2013-04-22,7.332196235656738,7.394766807556152,7.155858993530273,7.2582478523254395,8564976
2013-04-23,7.65642786026001,7.684868812561035,7.354948997497559,7.360637187957764,9797158
2013-04-24,7.610921859741211,7.6336750984191895,7.423208236694336,7.423208236694336,8431192
2013-04-25,7.7360639572143555,7.804323196411133,7.645051002502441,7.696246147155762,6020974
2013-04-26,7.645051002502441,7.707622051239014,7.565414905548096,7.707622051239014,4033555
2013-04-29,7.730374813079834,7.787258148193359,7.571104049682617,7.707622051239014,4414162
2013-04-30,7.679181098937988,7.724687099456787,7.474402904510498,7.599545001983643,7567311
2013-05-01,7.121728897094727,7.679181098937988,7.053470134735107,7.622297763824463,23802265
2013-05-02,7.394766807556152,7.679181098937988,7.275312900543213,7.451650142669678,22647435
2013-05-03,7.576791763305664,7.627985954284668,7.417520046234131,7.480091094970703,11190549
2013-05-06,7.815700054168701,7.844141006469727,7.576791763305664,7.5938568115234375,9115757
2013-05-07,7.821387767791748,7.889647006988525,7.7360639572143555,7.8612060546875,6059650
2013-05-08,7.696246147155762,7.798635005950928,7.673492908477783,7.787258148193359,4711440
2013-05-09,7.531285762786865,7.724687099456787,7.480091094970703,7.65642786026001,7269330
2013-05-10,7.65642786026001,7.673492908477783,7.531285762786865,7.531285762786865,3820661
2013-05-13,7.554039001464844,7.679181098937988,7.53697395324707,7.622297763824463,4572382
2013-05-14,7.565414905548096,7.610921859741211,7.5085320472717285,7.565414905548096,8294596
2013-05-15,7.599545001983643,7.616610050201416,7.525597095489502,7.559727191925049,4329251
2013-05-16,7.974971771240234,8.048918724060059,7.7360639572143555,7.758817195892334,13727870
2013-05-17,7.946529865264893,8.031853675842285,7.878271102905273,7.9806599617004395,5712094
2013-05-20,7.901023864746094,7.992035865783691,7.827075958251953,7.832765102386475,4110028
2013-05-21,7.878271102905273,7.952218055725098,7.781569957733154,7.878271102905273,4456178
2013-05-22,7.559727191925049,7.906712055206299,7.53697395324707,7.878271102905273,6099381
2013-05-23,7.4914679527282715,7.554039001464844,7.372014045715332,7.411831855773926,6458365
2013-05-24,7.434585094451904,7.480091094970703,7.34357213973999,7.423208236694336,3253003
2013-05-28,7.605233192443848,7.679181098937988,7.531285762786865,7.627985954284668,5505704
2013-05-29,7.713311195373535,7.730374813079834,7.519908905029297,7.554039001464844,5598527
2013-05-30,7.81001091003418,7.912399768829346,7.65642786026001,7.7417521476745605,4946309
2013-05-31,7.747439861297607,7.929464817047119,7.747439861297607,7.792946815490723,3367097
2013-06-03,7.6336750984191895,7.792946815490723,7.480091094970703,7.764504909515381,6077406
2013-06-04,7.576791763305664,7.7360639572143555,7.525597095489502,7.627985954284668,4937343
2013-06-05,7.468714237213135,7.571104049682617,7.394766807556152,7.571104049682617,8211442
2013-06-06,8.088736534118652,8.094425201416016,7.764504909515381,7.792946815490723,15910779
2013-06-07,8.333333015441895,8.350398063659668,8.043231010437012,8.111490249633789,9970849
2013-06-10,8.390215873718262,8.435722351074219,8.327645301818848,8.378840446472168,7107242
2013-06-11,8.265073776245117,8.475540161132812,8.202503204345703,8.28213882446289,7287613
2013-06-12,7.9863481521606445,8.350398063659668,7.923777103424072,8.316267967224121,8605586
2013-06-13,8.128555297851562,8.168373107910156,7.929464817047119,7.952218055725098,5911802
2013-06-14,8.060296058654785,8.179750442504883,7.992035865783691,8.111490249633789,4096140
2013-06-17,8.077361106872559,8.202503204345703,8.014789581298828,8.16268539428711,4800395
2013-06-18,8.202503204345703,8.287826538085938,8.077361106872559,8.077361106872559,3923329
2013-06-19,8.117178916931152,8.25938606262207,8.111490249633789,8.191125869750977,4908512
2013-06-20,7.929464817047119,8.441411018371582,7.8612060546875,8.179750442504883,12383000
2013-06-21,7.9863481521606445,8.071672439575195,7.81001091003418,8.020478248596191,8271917
2013-06-24,7.775881767272949,7.923777103424072,7.718998908996582,7.878271102905273,5462282
2013-06-25,7.804323196411133,7.957907199859619,7.718998908996582,7.849829196929932,6266918
2013-06-26,7.8384528160095215,7.901023864746094,7.781569957733154,7.866893768310547,3000379
2013-06-27,8.094425201416016,8.145620346069336,7.844141006469727,7.878271102905273,5152522
2013-06-28,8.18543815612793,8.225255966186523,7.992035865783691,8.020478248596191,8891085
2013-07-01,8.213878631591797,8.367463111877441,8.18543815612793,8.202503204345703,5441889
2013-07-02,8.248008728027344,8.407280921936035,8.16268539428711,8.219568252563477,5277692
2013-07-03,8.25938606262207,8.316267967224121,8.13424301147461,8.179750442504883,3265309
2013-07-05,8.475540161132812,8.492605209350586,8.28213882446289,8.327645301818848,4430687
2013-07-08,8.469852447509766,8.53242301940918,8.441411018371582,8.53242301940918,4421546
2013-07-09,8.16268539428711,8.515357971191406,8.1228666305542,8.481228828430176,10533584
2013-07-10,8.213878631591797,8.350398063659668,8.117178916931152,8.23094367980957,5616283
2013-07-11,8.50967025756836,8.53242301940918,8.248008728027344,8.321956634521484,6830182
2013-07-12,8.612058639526367,8.640501022338867,8.481228828430176,8.515357971191406,7876895
2013-07-15,8.526735305786133,8.66894245147705,8.503981590270996,8.646188735961914,9697480
2013-07-16,8.475540161132812,8.612058639526367,8.435722351074219,8.538110733032227,5003092
2013-07-17,8.52104663848877,8.56086540222168,8.430033683776855,8.481228828430176,7196549
2013-07-18,8.623435974121094,8.708760261535645,8.543800354003906,8.589305877685547,3298887
2013-07-19,8.634812355041504,8.640501022338867,8.52104663848877,8.589305877685547,3393995
2013-07-22,8.61774730682373,8.691695213317871,8.543800354003906,8.686006546020508,3703579
2013-07-23,8.265073776245117,8.492605209350586,8.23094367980957,8.435722351074219,9832318
2013-07-24,8.316267967224121,8.430033683776855,8.28213882446289,8.401593208312988,7101441
2013-07-25,8.25938606262207,8.378840446472168,8.18543815612793,8.373150825500488,5698205
2013-07-26,8.253697395324707,8.287826538085938,8.156996726989746,8.18543815612793,4178942
2013-07-29,8.242321014404297,8.316267967224121,8.174060821533203,8.20819091796875,3509320
2013-07-30,8.333333015441895,8.350398063659668,8.25938606262207,8.276451110839844,5303886
2013-07-31,8.344710350036621,8.430033683776855,8.287826538085938,8.316267967224121,6851805
2013-08-01,8.566553115844727,8.594993591308594,8.378840446472168,8.412968635559082,4701771
2013-08-02,8.5836181640625,8.612058639526367,8.435722351074219,8.52104663848877,3111484
2013-08-05,8.401593208312988,8.549488067626953,8.327645301818848,8.50967025756836,7373404
2013-08-06,8.1228666305542,8.390215873718262,8.100113868713379,8.373150825500488,10153681
2013-08-07,8.378840446472168,8.418658256530762,8.19681453704834,8.327645301818848,10895908
2013-08-08,8.395903587341309,8.486916542053223,8.339021682739258,8.475540161132812,4610531
2013-08-09,8.344710350036621,8.418658256530762,8.276451110839844,8.361775398254395,4057816
2013-08-12,8.418658256530762,8.49829387664795,8.25938606262207,8.265073776245117,3890981
2013-08-13,8.418658256530762,8.53242301940918,8.373150825500488,8.503981590270996,14005107
2013-08-14,8.094425201416016,8.53242301940918,8.065983772277832,8.316267967224121,25624081
2013-08-15,7.6507391929626465,7.923777103424072,7.639362812042236,7.923777103424072,16041574
2013-08-16,7.770193099975586,7.929464817047119,7.7417521476745605,7.770193099975586,49643283
2013-08-19,7.622297763824463,7.821387767791748,7.610921859741211,7.770193099975586,9753208
2013-08-20,7.622297763824463,7.69055700302124,7.5938568115234375,7.6507391929626465,8366498
2013-08-21,7.51422119140625,7.639362812042236,7.497156143188477,7.559727191925049,6297683
2013-08-22,7.639362812042236,7.718998908996582,7.5085320472717285,7.525597095489502,7973233
2013-08-23,7.707622051239014,7.747439861297607,7.599545001983643,7.6507391929626465,9935689
2013-08-26,7.673492908477783,7.775881767272949,7.667803764343262,7.684868812561035,6472780
2013-08-27,7.428895950317383,7.599545001983643,7.400454998016357,7.559727191925049,8867704
2013-08-28,7.428895950317383,7.519908905029297,7.4061431884765625,7.451650142669678,9996691
2013-08-29,7.451650142669678,7.525597095489502,7.411831855773926,7.434585094451904,6576326
2013-08-30,7.298066139221191,7.497156143188477,7.2582478523254395,7.48577880859375,6291179
2013-09-03,7.354948997497559,7.502843856811523,7.281001091003418,7.451650142669678,8595917
2013-09-04,7.792946815490723,7.804323196411133,7.468714237213135,7.474402904510498,14335259
2013-09-05,7.940842151641846,7.963594913482666,7.781569957733154,7.781569957733154,10549934
2013-09-06,8.191125869750977,8.418658256530762,8.139931678771973,8.191125869750977,15843623
2013-09-09,8.464163780212402,8.49829387664795,8.20819091796875,8.248008728027344,13066159
2013-09-10,8.60637092590332,8.640501022338867,8.486916542053223,8.543800354003906,13791510
2013-09-11,8.57792854309082,8.612058639526367,8.475540161132812,8.57792854309082,8426446
2013-09-12,8.526735305786133,8.640501022338867,8.503981590270996,8.56086540222168,7950379
2013-09-13,8.538110733032227,8.640501022338867,8.458476066589355,8.538110733032227,6822974
2013-09-16,8.52104663848877,8.731513023376465,8.503981590270996,8.657565116882324,5759032
2013-09-17,8.646188735961914,8.66894245147705,8.49829387664795,8.50967025756836,4733591
2013-09-18,8.657565116882324,8.720136642456055,8.57792854309082,8.66894245147705,7371118
2013-09-19,8.674630165100098,8.788395881652832,8.634812355041504,8.731513023376465,5640191
2013-09-20,8.52104663848877,8.703071594238281,8.503981590270996,8.66894245147705,7392566
2013-09-23,8.333333015441895,8.55517578125,8.27076244354248,8.55517578125,6809789
2013-09-24,8.356085777282715,8.430033683776855,8.179750442504883,8.327645301818848,5634566
2013-09-25,8.304891586303711,8.401593208312988,8.23094367980957,8.344710350036621,6326339
2013-09-26,8.333333015441895,8.503981590270996,8.28213882446289,8.344710350036621,4686652
2013-09-27,8.339021682739258,8.407280921936035,8.202503204345703,8.265073776245117,5464216
2013-09-30,8.367463111877441,8.424345970153809,8.139931678771973,8.191125869750977,5952940
2013-10-01,8.469852447509766,8.486916542053223,8.350398063659668,8.378840446472168,4456354
2013-10-02,8.566553115844727,8.57792854309082,8.367463111877441,8.367463111877441,5916197
2013-10-03,8.435722351074219,8.594993591308594,8.310580253601074,8.526735305786133,5215459
2013-10-04,8.57792854309082,8.62912368774414,8.321956634521484,8.378840446472168,4702298
2013-10-07,8.549488067626953,8.61774730682373,8.430033683776855,8.458476066589355,3903463
2013-10-08,8.28213882446289,8.589305877685547,8.225255966186523,8.549488067626953,5746550
2013-10-09,8.100113868713379,8.361775398254395,7.935153961181641,8.310580253601074,10257403
2013-10-10,8.2935152053833,8.304891586303711,8.18543815612793,8.20819091796875,6725932
2013-10-11,8.344710350036621,8.356085777282715,8.219568252563477,8.265073776245117,3131877
2013-10-14,8.407280921936035,8.424345970153809,8.213878631591797,8.28213882446289,3729773
2013-10-15,8.407280921936035,8.492605209350586,8.344710350036621,8.401593208312988,6762323
2013-10-16,8.566553115844727,8.5836181640625,8.447098731994629,8.481228828430176,6294695
2013-10-17,8.62912368774414,8.634812355041504,8.418658256530762,8.503981590270996,5391259
2013-10-18,8.8452787399292,8.873720169067383,8.651877403259277,8.657565116882324,7027429
2013-10-21,9.25483512878418,9.277587890625,8.87940788269043,8.896472930908203,15349801
2013-10-22,9.220705032348633,9.448237419128418,9.044368743896484,9.3060302734375,10354093
2013-10-23,9.010238647460938,9.163823127746582,8.95335578918457,9.163823127746582,4936640
2013-10-24,8.697382926940918,8.998862266540527,8.5836181640625,8.998862266540527,11888475
2013-10-25,8.703071594238281,8.833902359008789,8.55517578125,8.742890357971191,5000983
2013-10-28,8.640501022338867,8.759954452514648,8.538110733032227,8.731513023376465,4950352
2013-10-29,8.634812355041504,8.703071594238281,8.56086540222168,8.657565116882324,6931442
2013-10-30,8.390215873718262,8.646188735961914,8.287826538085938,8.612058639526367,13460830
2013-10-31,7.445960998535156,7.906712055206299,7.440272808074951,7.872581958770752,33200709
2013-11-01,7.394766807556152,7.559727191925049,7.30944299697876,7.48577880859375,12765365
2013-11-04,7.451650142669678,7.53697395324707,7.3663249015808105,7.423208236694336,8813557
2013-11-05,7.434585094451904,7.559727191925049,7.389078140258789,7.423208236694336,8738315
2013-11-06,7.30944299697876,7.497156143188477,7.275312900543213,7.480091094970703,10095842
2013-11-07,7.036405086517334,7.30944299697876,7.007964134216309,7.281001091003418,14610386
2013-11-08,7.087600231170654,7.133106231689453,6.894197940826416,7.025028228759766,10816974
2013-11-11,7.081911087036133,7.11604118347168,6.985209941864014,7.104663848876953,5578310
2013-11-12,7.081911087036133,7.167234897613525,7.042092800140381,7.076222896575928,8055683
2013-11-13,7.104663848876953,7.150170803070068,7.007964134216309,7.007964134216309,5582529
2013-11-14,6.934016227722168,7.047781944274902,6.871445178985596,7.030716896057129,8415722
2013-11-15,7.053470134735107,7.081911087036133,6.928328037261963,6.94539213180542,6050684
2013-11-18,6.973834037780762,7.081911087036133,6.962457180023193,7.076222896575928,6262875
2013-11-19,6.837315082550049,6.996586799621582,6.729238033294678,6.968145847320557,11161542
2013-11-20,6.825939178466797,6.939703941345215,6.79180908203125,6.860067844390869,5781710
2013-11-21,7.007964134216309,7.030716896057129,6.808874130249023,6.871445178985596,7011783
2013-11-22,6.79180908203125,7.0193400382995605,6.780432224273682,7.007964134216309,9093958
2013-11-25,6.837315082550049,6.871445178985596,6.786120891571045,6.808874130249023,5942743
2013-11-26,6.905574798583984,6.934016227722168,6.820250034332275,6.820250034332275,5149534
2013-11-27,6.905574798583984,6.922638893127441,6.825939178466797,6.9169511795043945,4315011
2013-11-29,6.905574798583984,6.94539213180542,6.871445178985596,6.9112629890441895,1788062
2013-12-02,6.882821083068848,6.928328037261963,6.81456184387207,6.899886131286621,5557917
2013-12-03,6.780432224273682,6.860067844390869,6.746303081512451,6.860067844390869,5044054
2013-12-04,6.968145847320557,7.002274990081787,6.746303081512451,6.757678985595703,7453393
2013-12-05,7.007964134216309,7.030716896057129,6.865756988525391,6.979522228240967,6663172
2013-12-06,7.195676803588867,7.218430042266846,7.053470134735107,7.150170803070068,11233796
2013-12-09,7.18998908996582,7.2639360427856445,7.150170803070068,7.218430042266846,5506935
2013-12-10,7.007964134216309,7.167234897613525,6.934016227722168,7.155858993530273,8651294
2013-12-11,6.928328037261963,7.076222896575928,6.888510227203369,7.047781944274902,5928855
2013-12-12,6.712172985076904,6.888510227203369,6.655290126800537,6.820250034332275,12160789
2013-12-13,6.723548889160156,6.763367176055908,6.6666669845581055,6.74061393737793,6031874
2013-12-16,6.934016227722168,6.956768989562988,6.723548889160156,6.723548889160156,8891788
2013-12-17,7.007964134216309,7.036405086517334,6.871445178985596,6.939703941345215,6166537
2013-12-18,7.047781944274902,7.053470134735107,6.820250034332275,7.002274990081787,8071154
2013-12-19,7.030716896057129,7.11604118347168,6.985209941864014,7.036405086517334,6090064
2013-12-20,7.144482135772705,7.201364994049072,7.0193400382995605,7.025028228759766,87404420
2013-12-23,7.172924041748047,7.218430042266846,7.070535182952881,7.1615471839904785,6867100
2013-12-24,7.383389949798584,7.383389949798584,7.144482135772705,7.144482135772705,3478379
2013-12-26,7.2639360427856445,7.428895950317383,7.2639360427856445,7.394766807556152,5390731
2013-12-27,7.411831855773926,7.423208236694336,7.2582478523254395,7.2582478523254395,6089185
2013-12-30,7.411831855773926,7.474402904510498,7.389078140258789,7.394766807556152,5033506
2013-12-31,7.389078140258789,7.434585094451904,7.354948997497559,7.411831855773926,4390078
2014-01-02,7.281001091003418,7.445960998535156,7.281001091003418,7.320818901062012,7217996
2014-01-03,7.411831855773926,7.434585094451904,7.30944299697876,7.30944299697876,4958615
2014-01-06,7.332196235656738,7.468714237213135,7.326507091522217,7.434585094451904,5114725
2014-01-07,7.400454998016357,7.423208236694336,7.275312900543213,7.383389949798584,5555456
2014-01-08,7.48577880859375,7.605233192443848,7.354948997497559,7.417520046234131,8045663
2014-01-09,7.059157848358154,7.497156143188477,7.0136518478393555,7.434585094451904,15051644
2014-01-10,6.968145847320557,7.110352993011475,6.934016227722168,7.110352993011475,8653052
2014-01-13,6.825939178466797,6.979522228240967,6.786120891571045,6.968145847320557,8929234
2014-01-14,6.871445178985596,6.928328037261963,6.831626892089844,6.877132892608643,5324279
2014-01-15,6.860067844390869,6.962457180023193,6.848691940307617,6.871445178985596,9753208
2014-01-16,6.894197940826416,6.922638893127441,6.860067844390869,6.871445178985596,5453668
2014-01-17,6.848691940307617,6.905574798583984,6.831626892089844,6.882821083068848,4421722
2014-01-21,6.894197940826416,6.951080799102783,6.831626892089844,6.9112629890441895,8516104
2014-01-22,7.104663848876953,7.121728897094727,6.905574798583984,6.9112629890441895,5776612
2014-01-23,6.962457180023193,7.104663848876953,6.94539213180542,7.104663848876953,6654206
2014-01-24,6.700796127319336,6.956768989562988,6.643914222717285,6.922638893127441,11698787
2014-01-27,6.79180908203125,6.860067844390869,6.643914222717285,6.712172985076904,6234747
2014-01-28,6.763367176055908,6.9169511795043945,6.729238033294678,6.786120891571045,7485037
2014-01-29,6.854380130767822,6.865756988525391,6.712172985076904,6.734926223754883,10616386
2014-01-30,7.235495090484619,7.269625186920166,6.854380130767822,6.968145847320557,18711976
2014-01-31,7.559727191925049,7.88395881652832,7.542662143707275,7.718998908996582,30676748
2014-02-03,7.2639360427856445,7.588168144226074,7.178612232208252,7.53697395324707,13329332
2014-02-04,7.275312900543213,7.354948997497559,7.195676803588867,7.286688804626465,6594434
2014-02-05,7.212741851806641,7.286688804626465,7.11604118347168,7.286688804626465,6328448
2014-02-06,7.451650142669678,7.542662143707275,7.2639360427856445,7.2639360427856445,9424111
2014-02-07,7.548349857330322,7.582479953765869,7.377702236175537,7.474402904510498,7793566
2014-02-10,7.616610050201416,7.730374813079834,7.5085320472717285,7.554039001464844,13008145
2014-02-11,7.622297763824463,7.679181098937988,7.571104049682617,7.616610050201416,5626127
2014-02-12,7.605233192443848,7.707622051239014,7.576791763305664,7.616610050201416,4944375
2014-02-13,7.673492908477783,7.679181098937988,7.5085320472717285,7.519908905029297,5608547
2014-02-14,7.787258148193359,7.804323196411133,7.662116050720215,7.684868812561035,4962834
2014-02-18,7.718998908996582,7.81001091003418,7.622297763824463,7.770193099975586,4117939
2014-02-19,7.610921859741211,7.770193099975586,7.565414905548096,7.696246147155762,6590918
2014-02-20,7.781569957733154,7.787258148193359,7.554039001464844,7.627985954284668,5964718
2014-02-21,7.6336750984191895,7.832765102386475,7.6336750984191895,7.792946815490723,7018991
2014-02-24,7.622297763824463,7.7417521476745605,7.554039001464844,7.645051002502441,5966652
2014-02-25,7.69055700302124,7.7360639572143555,7.571104049682617,7.588168144226074,5469490
2014-02-26,7.8612060546875,7.957907199859619,7.679181098937988,7.730374813079834,9637532
2014-02-27,7.997725009918213,8.014789581298828,7.832765102386475,7.832765102386475,8778749
2014-02-28,7.8384528160095215,8.043231010437012,7.798635005950928,8.014789581298828,5642301
2014-03-03,7.804323196411133,7.804323196411133,7.627985954284668,7.713311195373535,5657947
2014-03-04,7.946529865264893,8.003413200378418,7.88395881652832,7.901023864746094,6864990
2014-03-05,7.912399768829346,8.020478248596191,7.8612060546875,7.946529865264893,4570800
2014-03-06,7.770193099975586,8.117178916931152,7.730374813079834,8.020478248596191,8528761
2014-03-07,7.844141006469727,7.940842151641846,7.792946815490723,7.8384528160095215,4932421
2014-03-10,7.804323196411133,7.8384528160095215,7.707622051239014,7.804323196411133,4666259
2014-03-11,7.559727191925049,7.8384528160095215,7.519908905029297,7.804323196411133,4271764
2014-03-12,7.969283103942871,7.969283103942871,7.5085320472717285,7.5085320472717285,8226913
2014-03-13,7.952218055725098,8.225255966186523,7.906712055206299,8.003413200378418,15541247
2014-03-14,8.16268539428711,8.225255966186523,7.912399768829346,7.918088912963867,9453118
2014-03-17,8.111490249633789,8.225255966186523,8.060296058654785,8.202503204345703,4146067
2014-03-18,8.248008728027344,8.25938606262207,8.065983772277832,8.1228666305542,5309512
2014-03-19,8.202503204345703,8.287826538085938,8.139931678771973,8.248008728027344,6711517
2014-03-20,8.276451110839844,8.367463111877441,8.156996726989746,8.174060821533203,6642955
2014-03-21,8.316267967224121,8.526735305786133,8.265073776245117,8.52104663848877,10661391
2014-03-24,8.13424301147461,8.390215873718262,7.974971771240234,8.316267967224121,6824029
2014-03-25,8.1228666305542,8.27076244354248,8.003413200378418,8.174060821533203,6341985
2014-03-26,7.901023864746094,8.310580253601074,7.889647006988525,8.20819091796875,7416299
2014-03-27,7.775881767272949,7.963594913482666,7.7360639572143555,7.88395881652832,5428528
2014-03-28,7.713311195373535,7.8612060546875,7.639362812042236,7.662116050720215,7114450
2014-03-31,7.963594913482666,8.014789581298828,7.753129005432129,7.753129005432129,5697151
2014-04-01,8.16268539428711,8.168373107910156,7.9863481521606445,7.997725009918213,5168872
2014-04-02,8.13424301147461,8.27076244354248,8.094425201416016,8.202503204345703,4017909
2014-04-03,8.003413200378418,8.248008728027344,7.952218055725098,8.117178916931152,4750643
2014-04-04,7.798635005950928,8.168373107910156,7.724687099456787,8.077361106872559,8446838
2014-04-07,7.684868812561035,7.992035865783691,7.599545001983643,7.747439861297607,9169728
2014-04-08,7.804323196411133,7.912399768829346,7.65642786026001,7.667803764343262,5311797
2014-04-09,7.912399768829346,7.918088912963867,7.770193099975586,7.821387767791748,3848614
2014-04-10,7.51422119140625,7.918088912963867,7.445960998535156,7.918088912963867,10486646
2014-04-11,7.34357213973999,7.548349857330322,7.337883949279785,7.46302604675293,6321768
2014-04-14,7.30944299697876,7.457337856292725,7.229806900024414,7.411831855773926,6808910
2014-04-15,7.423208236694336,7.46302604675293,7.218430042266846,7.326507091522217,5051437
2014-04-16,7.554039001464844,7.559727191925049,7.3663249015808105,7.480091094970703,3371141
2014-04-17,7.639362812042236,7.69055700302124,7.53697395324707,7.571104049682617,3181453
2014-04-21,7.639362812042236,7.713311195373535,7.548349857330322,7.6336750984191895,2361346
2014-04-22,7.701933860778809,7.821387767791748,7.616610050201416,7.6336750984191895,4154154
2014-04-23,7.775881767272949,7.804323196411133,7.5938568115234375,7.730374813079834,3915066
2014-04-24,7.684868812561035,7.849829196929932,7.588168144226074,7.792946815490723,4006482
2014-04-25,7.457337856292725,7.662116050720215,7.411831855773926,7.639362812042236,3524438
2014-04-28,7.2582478523254395,7.5085320472717285,7.064846038818359,7.480091094970703,8333272
2014-04-29,7.320818901062012,7.3492608070373535,7.218430042266846,7.30944299697876,5273297
2014-04-30,7.207053184509277,7.315131187438965,7.155858993530273,7.298066139221191,10712373
2014-05-01,6.183163166046143,6.723548889160156,5.989760875701904,6.723548889160156,47613320
2014-05-02,6.234356880187988,6.302617073059082,6.143344879150391,6.217291831970215,14920146
2014-05-05,6.1945390701293945,6.257110118865967,6.0921502113342285,6.177474021911621,6667391
2014-05-06,6.035266876220703,6.1945390701293945,6.029579162597656,6.1945390701293945,7315038
2014-05-07,6.109214782714844,6.114902973175049,5.853241920471191,6.058020114898682,12598707
2014-05-08,6.058020114898682,6.285552024841309,6.023890972137451,6.086462020874023,7117087
2014-05-09,6.183163166046143,6.1945390701293945,5.989760875701904,6.023890972137451,5696272
2014-05-12,6.291240215301514,6.302617073059082,6.160409927368164,6.200228214263916,7354593
2014-05-13,6.234356880187988,6.370875835418701,6.222980976104736,6.302617073059082,4235901
2014-05-14,6.166098117828369,6.251421928405762,6.126279830932617,6.1945390701293945,3975717
2014-05-15,6.211604118347168,6.228669166564941,6.012514114379883,6.200228214263916,5142853
2014-05-16,6.166098117828369,6.217291831970215,6.12059211730957,6.200228214263916,5408839
2014-05-19,6.285552024841309,6.342434883117676,6.166098117828369,6.166098117828369,5666737
2014-05-20,6.137656211853027,6.302617073059082,6.126279830932617,6.285552024841309,6017458
2014-05-21,6.131968021392822,6.217291831970215,6.109214782714844,6.154720783233643,5100310
2014-05-22,6.137656211853027,6.171785831451416,6.058020114898682,6.143344879150391,9189066
2014-05-23,6.143344879150391,6.177474021911621,6.080773830413818,6.114902973175049,10742786
2014-05-27,6.211604118347168,6.228669166564941,6.143344879150391,6.166098117828369,7659958
2014-05-28,6.348123073577881,6.496017932891846,6.268486976623535,6.331058025360107,11282668
2014-05-29,6.376564025878906,6.4220709800720215,6.348123073577881,6.370875835418701,4736228
2014-05-30,6.24004602432251,6.376564025878906,6.160409927368164,6.370875835418701,6706594
2014-06-02,6.114902973175049,6.251421928405762,6.080773830413818,6.24004602432251,9435889
2014-06-03,6.114902973175049,6.183163166046143,6.052331924438477,6.097837924957275,5081147
2014-06-04,6.109214782714844,6.171785831451416,6.075085163116455,6.080773830413818,5609602
2014-06-05,6.257110118865967,6.325369834899902,6.171785831451416,6.325369834899902,10267072
2014-06-06,6.302617073059082,6.39362907409668,6.268486976623535,6.268486976623535,5074467
2014-06-09,6.370875835418701,6.4220709800720215,6.285552024841309,6.2969279289245605,7428077
2014-06-10,6.427759170532227,6.496017932891846,6.348123073577881,6.365188121795654,6705364
2014-06-11,6.501706123352051,6.513082981109619,6.387940883636475,6.399316787719727,3699184
2014-06-12,6.558588981628418,6.575654029846191,6.4391350746154785,6.490330219268799,7383424
2014-06-13,6.592719078063965,6.604095935821533,6.348123073577881,6.353810787200928,8268401
2014-06-16,6.569965839385986,6.660977840423584,6.518771171569824,6.558588981628418,6164427
2014-06-17,6.678042888641357,6.706484794616699,6.5244598388671875,6.547213077545166,6072835
2014-06-18,6.626849174499512,6.723548889160156,6.5813422203063965,6.689420223236084,7907308
2014-06-19,6.746303081512451,6.757678985595703,6.609784126281738,6.643914222717285,7167014
2014-06-20,6.81456184387207,6.831626892089844,6.689420223236084,6.751990795135498,8120729
2014-06-23,6.7690558433532715,6.837315082550049,6.74061393737793,6.81456184387207,5443647
2014-06-24,6.683732032775879,6.81456184387207,6.643914222717285,6.757678985595703,6263930
2014-06-25,6.678042888641357,6.706484794616699,6.592719078063965,6.649601936340332,5440307
2014-06-26,7.047781944274902,7.081911087036133,6.712172985076904,6.717861175537109,13432175
2014-06-27,7.025028228759766,7.059157848358154,6.94539213180542,7.007964134216309,11775084
2014-06-30,7.093287944793701,7.093287944793701,6.996586799621582,7.047781944274902,5024891
2014-07-01,7.133106231689453,7.207053184509277,7.070535182952881,7.104663848876953,7919790
2014-07-02,7.110352993011475,7.246870994567871,7.098976135253906,7.133106231689453,6270259
2014-07-03,7.184299945831299,7.207053184509277,7.110352993011475,7.127418041229248,4143430
2014-07-07,7.133106231689453,7.184299945831299,7.093287944793701,7.150170803070068,4903414
2014-07-08,6.94539213180542,7.127418041229248,6.888510227203369,7.127418041229248,9371898
2014-07-09,6.9112629890441895,7.002274990081787,6.860067844390869,6.94539213180542,9765690
2014-07-10,6.860067844390869,6.894197940826416,6.7690558433532715,6.825939178466797,5362427
2014-07-11,6.928328037261963,6.94539213180542,6.837315082550049,6.837315082550049,4324504
2014-07-14,6.939703941345215,6.990899085998535,6.888510227203369,6.979522228240967,4186853
2014-07-15,6.843002796173096,6.979522228240967,6.81456184387207,6.956768989562988,6940936
2014-07-16,6.837315082550049,6.973834037780762,6.81456184387207,6.865756988525391,5660408
2014-07-17,6.877132892608643,6.962457180023193,6.774744033813477,6.808874130249023,7049404
2014-07-18,7.0136518478393555,7.025028228759766,6.888510227203369,6.9169511795043945,5770283
2014-07-21,6.956768989562988,7.081911087036133,6.94539213180542,6.979522228240967,4825710
2014-07-22,7.042092800140381,7.081911087036133,6.979522228240967,7.007964134216309,6262523
2014-07-23,6.848691940307617,7.053470134735107,6.786120891571045,7.053470134735107,21608105
2014-07-24,6.763367176055908,6.951080799102783,6.717861175537109,6.865756988525391,9708203
2014-07-25,6.74061393737793,6.825939178466797,6.678042888641357,6.746303081512451,5111561
2014-07-28,6.712172985076904,6.763367176055908,6.660977840423584,6.763367176055908,4809536
2014-07-29,6.678042888641357,6.774744033813477,6.678042888641357,6.695107936859131,3399269
2014-07-30,6.729238033294678,6.774744033813477,6.6666669845581055,6.723548889160156,7944578
2014-07-31,6.751990795135498,6.820250034332275,6.6666669845581055,6.683732032775879,5627358
2014-08-01,6.632536888122559,6.7690558433532715,6.62116003036499,6.746303081512451,4766817
2014-08-04,6.678042888641357,6.678042888641357,6.609784126281738,6.643914222717285,2842686
2014-08-05,6.706484794616699,6.757678985595703,6.626849174499512,6.655290126800537,3381865
2014-08-06,6.763367176055908,6.808874130249023,6.638225078582764,6.678042888641357,4100008
2014-08-07,6.609784126281738,6.79180908203125,6.592719078063965,6.7690558433532715,3952687
2014-08-08,6.712172985076904,6.74061393737793,6.604095935821533,6.62116003036499,3064546
2014-08-11,6.808874130249023,6.871445178985596,6.700796127319336,6.717861175537109,7954247
2014-08-12,6.774744033813477,6.81456184387207,6.655290126800537,6.79180908203125,8862254
2014-08-13,6.200228214263916,6.46757698059082,6.040956020355225,6.382253170013428,36837835
2014-08-14,6.222980976104736,6.257110118865967,6.131968021392822,6.217291831970215,8141474
2014-08-15,6.183163166046143,6.257110118865967,6.171785831451416,6.183163166046143,6725756
2014-08-18,6.251421928405762,6.26279878616333,6.217291831970215,6.234356880187988,6360971
2014-08-19,6.285552024841309,6.365188121795654,6.1945390701293945,6.251421928405762,12344149
2014-08-20,6.325369834899902,6.348123073577881,6.251421928405762,6.26279878616333,3932294
2014-08-21,6.609784126281738,6.62116003036499,6.302617073059082,6.308304786682129,7411904
2014-08-22,6.558588981628418,6.632536888122559,6.5415239334106445,6.609784126281738,5056008
2014-08-25,6.62116003036499,6.643914222717285,6.5813422203063965,6.604095935821533,4827116
2014-08-26,6.79180908203125,6.81456184387207,6.609784126281738,6.626849174499512,5359263
2014-08-27,6.632536888122559,6.825939178466797,6.632536888122559,6.79180908203125,3831385
2014-08-28,6.547213077545166,6.626849174499512,6.5244598388671875,6.598406791687012,4093855
2014-08-29,6.569965839385986,6.626849174499512,6.518771171569824,6.558588981628418,4202323
2014-09-02,6.399316787719727,6.558588981628418,6.376564025878906,6.558588981628418,10419139
2014-09-03,6.353810787200928,6.456200122833252,6.348123073577881,6.410694122314453,8891085
2014-09-04,6.200228214263916,6.359498977661133,6.1945390701293945,6.319681167602539,11276515
2014-09-05,6.353810787200928,6.353810787200928,6.171785831451416,6.177474021911621,6407383
2014-09-08,6.683732032775879,6.683732032775879,6.365188121795654,6.39362907409668,16246205
2014-09-09,6.660977840423584,6.689420223236084,6.609784126281738,6.660977840423584,8598554
2014-09-10,6.888510227203369,6.9169511795043945,6.655290126800537,6.6666669845581055,16313888
2014-09-11,7.599545001983643,7.895336151123047,7.531285762786865,7.753129005432129,50977605
2014-09-12,7.639362812042236,7.684868812561035,7.497156143188477,7.565414905548096,12970876
2014-09-15,7.718998908996582,7.724687099456787,7.51422119140625,7.605233192443848,11466203
2014-09-16,7.707622051239014,7.792946815490723,7.588168144226074,7.781569957733154,11293392
2014-09-17,7.718998908996582,7.81001091003418,7.662116050720215,7.701933860778809,6340227
2014-09-18,7.798635005950928,7.832765102386475,7.667803764343262,7.718998908996582,6638384
2014-09-19,7.588168144226074,7.8612060546875,7.559727191925049,7.815700054168701,10482075
2014-09-22,7.411831855773926,7.5938568115234375,7.389078140258789,7.542662143707275,5267495
2014-09-23,7.423208236694336,7.457337856292725,7.360637187957764,7.377702236175537,5563894
2014-09-24,7.497156143188477,7.502843856811523,7.389078140258789,7.423208236694336,3860920
2014-09-25,7.315131187438965,7.480091094970703,7.286688804626465,7.46302604675293,5428528
2014-09-26,7.34357213973999,7.377702236175537,7.292377948760986,7.326507091522217,3548699
2014-09-29,7.377702236175537,7.417520046234131,7.207053184509277,7.252560138702393,4519994
2014-09-30,7.281001091003418,7.394766807556152,7.235495090484619,7.360637187957764,6467506
2014-10-01,7.480091094970703,7.6336750984191895,7.201364994049072,7.281001091003418,18543032
2014-10-02,7.468714237213135,7.53697395324707,7.2582478523254395,7.457337856292725,8257326
2014-10-03,7.389078140258789,7.582479953765869,7.383389949798584,7.502843856811523,6450454
2014-10-06,7.383389949798584,7.46302604675293,7.30944299697876,7.4061431884765625,6276939
2014-10-07,7.184299945831299,7.377702236175537,7.1387939453125,7.320818901062012,6225957
2014-10-08,7.281001091003418,7.30944299697876,6.968145847320557,7.18998908996582,6384704
2014-10-09,7.1615471839904785,7.320818901062012,7.047781944274902,7.269625186920166,8649008
2014-10-10,6.609784126281738,7.025028228759766,6.604095935821533,7.025028228759766,11468313
2014-10-13,6.547213077545166,6.706484794616699,6.46757698059082,6.632536888122559,8501512
2014-10-14,6.643914222717285,6.717861175537109,6.535836219787598,6.604095935821533,10498249
2014-10-15,6.689420223236084,6.74061393737793,6.456200122833252,6.5244598388671875,11608601
2014-10-16,6.734926223754883,6.820250034332275,6.547213077545166,6.547213077545166,6645767
2014-10-17,6.729238033294678,6.928328037261963,6.729238033294678,6.81456184387207,7418233
2014-10-20,6.820250034332275,6.854380130767822,6.695107936859131,6.700796127319336,3349166
2014-10-21,7.002274990081787,7.207053184509277,6.928328037261963,6.956768989562988,14138363
2014-10-22,6.79180908203125,7.093287944793701,6.786120891571045,6.990899085998535,5380359
2014-10-23,7.059157848358154,7.133106231689453,6.860067844390869,6.871445178985596,6200466
2014-10-24,6.882821083068848,7.076222896575928,6.81456184387207,7.030716896057129,8178392
2014-10-27,6.928328037261963,6.951080799102783,6.820250034332275,6.831626892089844,3911550
2014-10-28,7.093287944793701,7.098976135253906,6.899886131286621,6.973834037780762,11897089
2014-10-29,7.070535182952881,7.155858993530273,6.922638893127441,7.093287944793701,9651947
2014-10-30,7.377702236175537,7.451650142669678,7.178612232208252,7.195676803588867,13148082
2014-10-31,7.65642786026001,7.662116050720215,7.394766807556152,7.440272808074951,7680175
2014-11-03,7.724687099456787,7.832765102386475,7.622297763824463,7.662116050720215,7203229
2014-11-04,7.662116050720215,7.792946815490723,7.588168144226074,7.679181098937988,6125927
2014-11-05,7.684868812561035,7.775881767272949,7.605233192443848,7.69055700302124,4911676
2014-11-06,7.6336750984191895,7.7360639572143555,7.616610050201416,7.673492908477783,5641246
2014-11-07,7.753129005432129,7.753129005432129,7.5938568115234375,7.605233192443848,4875637
2014-11-10,7.753129005432129,7.775881767272949,7.599545001983643,7.616610050201416,5667968
2014-11-11,7.605233192443848,7.781569957733154,7.582479953765869,7.770193099975586,6235099
2014-11-12,7.525597095489502,7.667803764343262,7.519908905029297,7.554039001464844,4542848
2014-11-13,7.303753852844238,7.554039001464844,7.269625186920166,7.519908905029297,8803361
2014-11-14,7.423208236694336,7.440272808074951,7.269625186920166,7.298066139221191,5006960
2014-11-17,7.457337856292725,7.525597095489502,7.372014045715332,7.445960998535156,4597522
2014-11-18,7.51422119140625,7.588168144226074,7.46302604675293,7.48577880859375,4298837
2014-11-19,7.53697395324707,7.6336750984191895,7.417520046234131,7.51422119140625,6737711
2014-11-20,7.679181098937988,7.764504909515381,7.440272808074951,7.51422119140625,5695568
2014-11-21,7.610921859741211,7.775881767272949,7.605233192443848,7.775881767272949,4011053
2014-11-24,7.645051002502441,7.662116050720215,7.525597095489502,7.610921859741211,3307501
2014-11-25,7.622297763824463,7.69055700302124,7.559727191925049,7.6507391929626465,2284521
2014-11-26,7.65642786026001,7.69055700302124,7.576791763305664,7.599545001983643,3093553
2014-11-28,7.588168144226074,7.667803764343262,7.531285762786865,7.6507391929626465,1738838
2014-12-01,7.428895950317383,7.582479953765869,7.417520046234131,7.571104049682617,5334299
2014-12-02,7.315131187438965,7.451650142669678,7.286688804626465,7.451650142669678,5456656
2014-12-03,7.46302604675293,7.531285762786865,7.2582478523254395,7.2582478523254395,8368432
2014-12-04,7.4061431884765625,7.519908905029297,7.34357213973999,7.474402904510498,4894448
2014-12-05,7.576791763305664,7.605233192443848,7.34357213973999,7.354948997497559,4619497
2014-12-08,7.531285762786865,7.571104049682617,7.445960998535156,7.548349857330322,5291228
2014-12-09,7.912399768829346,7.923777103424072,7.417520046234131,7.474402904510498,6486317
2014-12-10,7.753129005432129,7.946529865264893,7.724687099456787,7.906712055206299,6732261
2014-12-11,7.821387767791748,8.071672439575195,7.798635005950928,7.866893768310547,6109402
2014-12-12,7.855517864227295,7.9863481521606445,7.707622051239014,7.707622051239014,8130398
2014-12-15,7.770193099975586,7.974971771240234,7.730374813079834,7.912399768829346,5192077
2014-12-16,7.696246147155762,7.878271102905273,7.662116050720215,7.7360639572143555,4807427
2014-12-17,7.787258148193359,7.792946815490723,7.599545001983643,7.724687099456787,4252602
2014-12-18,7.969283103942871,7.997725009918213,7.798635005950928,7.88395881652832,3838769
2014-12-19,7.923777103424072,8.105801582336426,7.923777103424072,7.9863481521606445,6650162
2014-12-22,7.940842151641846,7.974971771240234,7.8612060546875,7.929464817047119,2360467
2014-12-23,7.895336151123047,8.014789581298828,7.872581958770752,7.957907199859619,2943244
2014-12-24,7.969283103942871,8.009100914001465,7.88395881652832,7.912399768829346,1550029
2014-12-26,7.918088912963867,7.992035865783691,7.912399768829346,7.9863481521606445,1451756
2014-12-29,7.855517864227295,7.963594913482666,7.8384528160095215,7.918088912963867,2229320
2014-12-30,7.929464817047119,7.940842151641846,7.81001091003418,7.821387767791748,2813679
2014-12-31,7.804323196411133,7.957907199859619,7.798635005950928,7.923777103424072,2125070
2015-01-02,7.792946815490723,7.878271102905273,7.667803764343262,7.8384528160095215,2546815
2015-01-05,7.775881767272949,7.866893768310547,7.65642786026001,7.781569957733154,3629039
2015-01-06,7.5938568115234375,7.781569957733154,7.5085320472717285,7.775881767272949,3642224
2015-01-07,7.713311195373535,7.718998908996582,7.571104049682617,7.65642786026001,2869056
2015-01-08,7.770193099975586,7.952218055725098,7.747439861297607,7.821387767791748,4590841
2015-01-09,7.639362812042236,7.8384528160095215,7.627985954284668,7.781569957733154,3453064
2015-01-12,7.696246147155762,7.701933860778809,7.559727191925049,7.6336750984191895,3450075
2015-01-13,7.701933860778809,7.918088912963867,7.622297763824463,7.775881767272949,3185144
2015-01-14,7.622297763824463,7.730374813079834,7.48577880859375,7.616610050201416,3144535
2015-01-15,7.360637187957764,7.667803764343262,7.3492608070373535,7.65642786026001,3680373
2015-01-16,7.457337856292725,7.548349857330322,7.326507091522217,7.3663249015808105,4987622
2015-01-20,7.519908905029297,7.571104049682617,7.440272808074951,7.502843856811523,2951155
2015-01-21,7.519908905029297,7.599545001983643,7.457337856292725,7.525597095489502,2215256
2015-01-22,7.605233192443848,7.616610050201416,7.417520046234131,7.542662143707275,3795874
2015-01-23,7.764504909515381,7.849829196929932,7.599545001983643,7.605233192443848,3255289
2015-01-26,7.895336151123047,7.901023864746094,7.684868812561035,7.775881767272949,3043801
2015-01-27,7.832765102386475,7.8612060546875,7.696246147155762,7.821387767791748,4165581
2015-01-28,7.730374813079834,7.940842151641846,7.718998908996582,7.918088912963867,6904369
2015-01-29,7.542662143707275,7.758817195892334,7.468714237213135,7.747439861297607,7205163
2015-01-30,6.9112629890441895,7.645051002502441,6.854380130767822,7.241182804107666,20831773
2015-02-02,7.098976135253906,7.104663848876953,6.825939178466797,6.9112629890441895,11420495
2015-02-03,7.144482135772705,7.241182804107666,6.973834037780762,7.110352993011475,5547369
2015-02-04,7.104663848876953,7.224118232727051,7.059157848358154,7.087600231170654,5441362
2015-02-05,7.269625186920166,7.292377948760986,7.0193400382995605,7.110352993011475,6765136
2015-02-06,7.155858993530273,7.292377948760986,7.110352993011475,7.246870994567871,5575497
2015-02-09,7.298066139221191,7.3663249015808105,7.093287944793701,7.1387939453125,6127861
2015-02-10,7.360637187957764,7.428895950317383,7.315131187438965,7.3492608070373535,6169701
2015-02-11,7.400454998016357,7.417520046234131,7.303753852844238,7.354948997497559,4410822
2015-02-12,7.411831855773926,7.531285762786865,7.4061431884765625,7.474402904510498,4194588
2015-02-13,7.542662143707275,7.559727191925049,7.411831855773926,7.411831855773926,5752703
2015-02-17,7.451650142669678,7.542662143707275,7.428895950317383,7.497156143188477,4259107
2015-02-18,7.428895950317383,7.46302604675293,7.377702236175537,7.440272808074951,5515198
2015-02-19,7.554039001464844,7.588168144226074,7.400454998016357,7.428895950317383,5409190
2015-02-20,7.696246147155762,7.724687099456787,7.457337856292725,7.457337856292725,4137277
2015-02-23,7.5938568115234375,7.696246147155762,7.531285762786865,7.673492908477783,2853937
2015-02-24,7.684868812561035,7.684868812561035,7.576791763305664,7.576791763305664,2297354
2015-02-25,7.616610050201416,7.696246147155762,7.559727191925049,7.6507391929626465,2538376
2015-02-26,7.576791763305664,7.673492908477783,7.531285762786865,7.622297763824463,3556786
2015-02-27,7.832765102386475,7.849829196929932,7.554039001464844,7.576791763305664,6065803
2015-03-02,7.855517864227295,7.918088912963867,7.775881767272949,7.849829196929932,3663496
2015-03-03,7.684868812561035,7.872581958770752,7.679181098937988,7.804323196411133,3093025
2015-03-04,7.502843856811523,7.662116050720215,7.434585094451904,7.645051002502441,4476044
2015-03-05,7.576791763305664,7.622297763824463,7.4914679527282715,7.5085320472717285,2558417
2015-03-06,7.901023864746094,7.969283103942871,7.519908905029297,7.565414905548096,10095491
2015-03-09,7.901023864746094,7.974971771240234,7.8612060546875,7.918088912963867,4385507
2015-03-10,7.701933860778809,7.855517864227295,7.6336750984191895,7.8384528160095215,4606839
2015-03-11,7.7360639572143555,7.764504909515381,7.5938568115234375,7.696246147155762,2661612
2015-03-12,7.866893768310547,7.88395881652832,7.69055700302124,7.724687099456787,3285878
2015-03-13,7.753129005432129,7.889647006988525,7.701933860778809,7.8384528160095215,2211037
2015-03-16,7.923777103424072,7.923777103424072,7.753129005432129,7.770193099975586,2962582
2015-03-17,7.906712055206299,8.031853675842285,7.872581958770752,7.918088912963867,4301474
2015-03-18,7.895336151123047,7.946529865264893,7.827075958251953,7.866893768310547,3796753
2015-03-19,7.866893768310547,7.935153961181641,7.849829196929932,7.878271102905273,1926944
2015-03-20,7.906712055206299,7.969283103942871,7.878271102905273,7.895336151123047,6638208
2015-03-23,7.804323196411133,7.901023864746094,7.792946815490723,7.878271102905273,2923378
2015-03-24,7.667803764343262,7.821387767791748,7.645051002502441,7.781569957733154,3526372
2015-03-25,7.417520046234131,7.718998908996582,7.394766807556152,7.69055700302124,5232687
2015-03-26,7.411831855773926,7.51422119140625,7.332196235656738,7.394766807556152,4682785
2015-03-27,7.383389949798584,7.428895950317383,7.315131187438965,7.4061431884765625,3927724
2015-03-30,7.474402904510498,7.497156143188477,7.326507091522217,7.411831855773926,4521752
2015-03-31,7.46302604675293,7.571104049682617,7.400454998016357,7.451650142669678,3258980
2015-04-01,7.4061431884765625,7.48577880859375,7.354948997497559,7.434585094451904,2735624
2015-04-02,7.383389949798584,7.440272808074951,7.360637187957764,7.400454998016357,2040686
2015-04-06,7.423208236694336,7.445960998535156,7.320818901062012,7.337883949279785,2454871
2015-04-07,7.445960998535156,7.519908905029297,7.372014045715332,7.434585094451904,2509018
2015-04-08,7.434585094451904,7.519908905029297,7.383389949798584,7.457337856292725,2869583
2015-04-09,7.4914679527282715,7.519908905029297,7.411831855773926,7.434585094451904,2409339
2015-04-10,7.434585094451904,7.51422119140625,7.428895950317383,7.480091094970703,1789996
2015-04-13,7.434585094451904,7.474402904510498,7.332196235656738,7.434585094451904,4839774
2015-04-14,7.502843856811523,7.531285762786865,7.3663249015808105,7.445960998535156,5432044
2015-04-15,7.69055700302124,7.696246147155762,7.4914679527282715,7.525597095489502,6610256
2015-04-16,7.701933860778809,7.764504909515381,7.662116050720215,7.684868812561035,6068089
2015-04-17,7.622297763824463,7.673492908477783,7.548349857330322,7.6507391929626465,5675527
2015-04-20,7.571104049682617,7.667803764343262,7.46302604675293,7.645051002502441,4602971
2015-04-21,7.5938568115234375,7.610921859741211,7.519908905029297,7.610921859741211,5613118
2015-04-22,7.599545001983643,7.6336750984191895,7.53697395324707,7.599545001983643,3984859
2015-04-23,7.588168144226074,7.6507391929626465,7.4914679527282715,7.531285762786865,3306446
2015-04-24,7.599545001983643,7.645051002502441,7.554039001464844,7.559727191925049,2548573
2015-04-27,7.548349857330322,7.639362812042236,7.531285762786865,7.599545001983643,3568037
2015-04-28,7.588168144226074,7.6336750984191895,7.4914679527282715,7.548349857330322,5255541
2015-04-29,7.531285762786865,7.645051002502441,7.502843856811523,7.565414905548096,6605158
2015-04-30,7.201364994049072,7.565414905548096,7.184299945831299,7.502843856811523,10901885
2015-05-01,7.150170803070068,7.434585094451904,6.996586799621582,7.0136518478393555,13123118
2015-05-04,7.303753852844238,7.34357213973999,7.121728897094727,7.150170803070068,6062463
2015-05-05,7.070535182952881,7.3492608070373535,7.053470134735107,7.252560138702393,4930135
2015-05-06,6.962457180023193,7.104663848876953,6.848691940307617,7.087600231170654,9389126
2015-05-07,7.047781944274902,7.059157848358154,6.894197940826416,6.939703941345215,5505353
2015-05-08,7.127418041229248,7.201364994049072,7.110352993011475,7.1387939453125,3573311
2015-05-11,7.104663848876953,7.195676803588867,7.053470134735107,7.104663848876953,3818024
2015-05-12,7.036405086517334,7.087600231170654,7.002274990081787,7.076222896575928,5529262
2015-05-13,7.110352993011475,7.178612232208252,7.025028228759766,7.087600231170654,4379530
2015-05-14,7.195676803588867,7.218430042266846,7.110352993011475,7.1387939453125,3742079
2015-05-15,7.252560138702393,7.2582478523254395,7.1615471839904785,7.18998908996582,3320510
2015-05-18,7.298066139221191,7.332196235656738,7.229806900024414,7.235495090484619,2276083
2015-05-19,7.2639360427856445,7.354948997497559,7.241182804107666,7.30944299697876,2858860
2015-05-20,7.184299945831299,7.275312900543213,7.172924041748047,7.246870994567871,2708023
2015-05-21,7.2639360427856445,7.298066139221191,7.098976135253906,7.098976135253906,3455876
2015-05-22,7.275312900543213,7.315131187438965,7.201364994049072,7.246870994567871,3420541
2015-05-26,7.167234897613525,7.275312900543213,7.098976135253906,7.2639360427856445,2933223
2015-05-27,7.275312900543213,7.281001091003418,7.155858993530273,7.1615471839904785,2877319
2015-05-28,7.2639360427856445,7.377702236175537,7.212741851806641,7.269625186920166,3341782
2015-05-29,7.292377948760986,7.360637187957764,7.207053184509277,7.252560138702393,4073462
2015-06-01,7.332196235656738,7.354948997497559,7.229806900024414,7.30944299697876,3089333
2015-06-02,7.34357213973999,7.434585094451904,7.2639360427856445,7.292377948760986,2423930
2015-06-03,7.434585094451904,7.519908905029297,7.372014045715332,7.4061431884765625,3267595
2015-06-04,7.3663249015808105,7.502843856811523,7.337883949279785,7.428895950317383,3527251
2015-06-05,7.457337856292725,7.480091094970703,7.269625186920166,7.360637187957764,3135569
2015-06-08,7.2639360427856445,7.457337856292725,7.241182804107666,7.440272808074951,2921620
2015-06-09,7.269625186920166,7.320818901062012,7.178612232208252,7.241182804107666,2696596
2015-06-10,7.394766807556152,7.4061431884765625,7.252560138702393,7.298066139221191,3355670
2015-06-11,7.372014045715332,7.434585094451904,7.34357213973999,7.4061431884765625,2302101
2015-06-12,7.269625186920166,7.354948997497559,7.2582478523254395,7.326507091522217,1169597
2015-06-15,7.235495090484619,7.241182804107666,7.150170803070068,7.218430042266846,2993347
2015-06-16,7.18998908996582,7.286688804626465,7.172924041748047,7.218430042266846,2808053
2015-06-17,7.172924041748047,7.241182804107666,7.150170803070068,7.207053184509277,2069869
2015-06-18,7.315131187438965,7.372014045715332,7.144482135772705,7.207053184509277,2876615
2015-06-19,7.252560138702393,7.377702236175537,7.201364994049072,7.315131187438965,5725806
2015-06-22,7.207053184509277,7.292377948760986,7.127418041229248,7.292377948760986,3557137
2015-06-23,7.218430042266846,7.2582478523254395,7.18998908996582,7.229806900024414,2716110
2015-06-24,7.1387939453125,7.229806900024414,7.104663848876953,7.201364994049072,3001433
2015-06-25,7.053470134735107,7.18998908996582,7.0136518478393555,7.18998908996582,2961703
2015-06-26,6.831626892089844,7.081911087036133,6.74061393737793,7.047781944274902,6863935
2015-06-29,6.655290126800537,6.825939178466797,6.626849174499512,6.746303081512451,5353813
2015-06-30,6.58703088760376,6.723548889160156,6.513082981109619,6.723548889160156,6495107
2015-07-01,6.535836219787598,6.655290126800537,6.507394790649414,6.655290126800537,3007586
2015-07-02,6.478952884674072,6.58703088760376,6.433446884155273,6.547213077545166,3067007
2015-07-06,6.405005931854248,6.473265171051025,6.325369834899902,6.4163818359375,4656590
2015-07-07,6.473265171051025,6.484642028808594,6.319681167602539,6.4163818359375,4326262
2015-07-08,6.387940883636475,6.450511932373047,6.313992977142334,6.4163818359375,4380936
2015-07-09,6.279862880706787,6.461888790130615,6.26279878616333,6.456200122833252,2605532
2015-07-10,6.308304786682129,6.359498977661133,6.279862880706787,6.353810787200928,3468710
2015-07-13,6.370875835418701,6.387940883636475,6.2969279289245605,6.370875835418701,2346578
2015-07-14,6.4163818359375,6.433446884155273,6.348123073577881,6.382253170013428,1943996
2015-07-15,6.342434883117676,6.4391350746154785,6.313992977142334,6.433446884155273,1762922
2015-07-16,6.353810787200928,6.399316787719727,6.2969279289245605,6.382253170013428,1923604
2015-07-17,6.302617073059082,6.376564025878906,6.27417516708374,6.370875835418701,2083757
2015-07-20,6.24004602432251,6.319681167602539,6.228669166564941,6.302617073059082,2997566
2015-07-21,6.427759170532227,6.46757698059082,6.200228214263916,6.228669166564941,6815239
2015-07-22,6.365188121795654,6.433446884155273,6.319681167602539,6.370875835418701,4568339
2015-07-23,6.450511932373047,6.569965839385986,6.39362907409668,6.39362907409668,5268199
2015-07-24,6.353810787200928,6.5415239334106445,6.342434883117676,6.484642028808594,2657217
2015-07-27,6.308304786682129,6.348123073577881,6.257110118865967,6.291240215301514,6585468
2015-07-28,6.268486976623535,6.325369834899902,6.24004602432251,6.325369834899902,5943271
2015-07-29,6.319681167602539,6.325369834899902,6.1945390701293945,6.257110118865967,5173794
2015-07-30,6.291240215301514,6.365188121795654,6.24004602432251,6.302617073059082,6552945
2015-07-31,6.308304786682129,6.473265171051025,6.27417516708374,6.325369834899902,62937103
2015-08-03,6.183163166046143,6.285552024841309,6.075085163116455,6.137656211853027,9845503
2015-08-04,6.239999771118164,6.880000114440918,6.019999980926514,6.880000114440918,5665800
2015-08-05,6.289999961853027,6.539999961853027,6.070000171661377,6.389999866485596,4891600
2015-08-06,6.119999885559082,6.28000020980835,5.96999979019165,6.269999980926514,5145400
2015-08-07,6.190000057220459,6.239999771118164,5.860000133514404,6.090000152587891,4023400
2015-08-10,6.210000038146973,6.230000019073486,6.0,6.090000152587891,2067200
2015-08-11,5.849999904632568,6.139999866485596,5.829999923706055,6.079999923706055,6224600
2015-08-12,5.559999942779541,5.760000228881836,5.260000228881836,5.659999847412109,14846400
2015-08-13,5.889999866485596,6.019999980926514,5.440000057220459,5.679999828338623,7437700
2015-08-14,5.679999828338623,5.929999828338623,5.659999847412109,5.820000171661377,3884100
2015-08-17,5.650000095367432,5.710000038146973,5.599999904632568,5.679999828338623,4495800
2015-08-18,5.639999866485596,5.690000057220459,5.519999980926514,5.610000133514404,3347800
2015-08-19,5.53000020980835,5.690000057220459,5.519999980926514,5.679999828338623,2003200
2015-08-20,5.420000076293945,5.550000190734863,5.369999885559082,5.539999961853027,2519500
2015-08-21,5.349999904632568,5.440000057220459,5.300000190734863,5.309999942779541,2968200
2015-08-24,5.179999828338623,5.329999923706055,4.989999771118164,5.0,4252300
2015-08-25,5.230000019073486,5.409999847412109,5.150000095367432,5.199999809265137,3886600
2015-08-26,5.409999847412109,5.440000057220459,5.199999809265137,5.269999980926514,2548100
2015-08-27,5.510000228881836,5.539999961853027,5.199999809265137,5.380000114440918,3145500
2015-08-28,5.550000190734863,5.630000114440918,5.510000228881836,5.539999961853027,2285000
2015-08-31,5.369999885559082,5.489999771118164,5.320000171661377,5.320000171661377,1585600
2015-09-01,5.659999847412109,5.75,5.300000190734863,5.360000133514404,7331200
2015-09-02,5.659999847412109,5.71999979019165,5.599999904632568,5.71999979019165,2650600
2015-09-03,5.78000020980835,5.809999942779541,5.619999885559082,5.639999866485596,2110400
2015-09-04,5.550000190734863,5.800000190734863,5.539999961853027,5.730000019073486,1634200
2015-09-08,5.619999885559082,5.639999866485596,5.480000019073486,5.559999942779541,2513800
2015-09-09,5.559999942779541,5.710000038146973,5.559999942779541,5.650000095367432,1765900
2015-09-10,5.510000228881836,5.639999866485596,5.5,5.550000190734863,1630800
2015-09-11,5.389999866485596,5.510000228881836,5.369999885559082,5.5,1509000
2015-09-14,5.400000095367432,5.420000076293945,5.349999904632568,5.389999866485596,1257300
2015-09-15,5.610000133514404,5.889999866485596,5.5,5.889999866485596,2209900
2015-09-16,5.599999904632568,5.659999847412109,5.550000190734863,5.579999923706055,1506100
2015-09-17,5.610000133514404,5.670000076293945,5.550000190734863,5.610000133514404,1519700
2015-09-18,5.489999771118164,5.599999904632568,5.449999809265137,5.550000190734863,1769200
2015-09-21,5.440000057220459,5.559999942779541,5.409999847412109,5.539999961853027,1062700
2015-09-22,5.300000190734863,5.489999771118164,5.239999771118164,5.349999904632568,1029900
2015-09-23,5.199999809265137,5.329999923706055,5.179999828338623,5.329999923706055,971700
2015-09-24,5.340000152587891,5.349999904632568,5.090000152587891,5.130000114440918,1898000
2015-09-25,5.519999980926514,5.519999980926514,5.309999942779541,5.369999885559082,3487200
2015-09-28,5.360000133514404,5.510000228881836,5.300000190734863,5.46999979019165,3382700
2015-09-29,5.340000152587891,5.429999828338623,5.28000020980835,5.389999866485596,1925100
2015-09-30,5.369999885559082,5.46999979019165,5.269999980926514,5.329999923706055,2141900
2015-10-01,5.5,5.510000228881836,5.28000020980835,5.409999847412109,2021200
2015-10-02,5.730000019073486,5.730000019073486,5.360000133514404,5.409999847412109,2669800
2015-10-05,5.75,5.889999866485596,5.699999809265137,5.739999771118164,2401800
2015-10-06,5.739999771118164,5.809999942779541,5.679999828338623,5.739999771118164,1589600
2015-10-07,5.800000190734863,5.869999885559082,5.699999809265137,5.739999771118164,1039300
2015-10-08,5.849999904632568,5.880000114440918,5.78000020980835,5.829999923706055,938800
2015-10-09,5.840000152587891,5.889999866485596,5.449999809265137,5.75,1444900
2015-10-12,5.789999961853027,5.869999885559082,5.730000019073486,5.869999885559082,658000
2015-10-13,5.789999961853027,5.820000171661377,5.679999828338623,5.730000019073486,972900
2015-10-14,5.829999923706055,5.889999866485596,5.739999771118164,5.769999980926514,1340700
2015-10-15,5.940000057220459,5.949999809265137,5.769999980926514,5.860000133514404,735900
2015-10-16,5.989999771118164,6.0,5.820000171661377,5.920000076293945,1566800
2015-10-19,5.929999828338623,6.0,5.860000133514404,5.960000038146973,705800
2015-10-20,5.920000076293945,6.0,5.860000133514404,5.900000095367432,685900
2015-10-21,5.829999923706055,5.960000038146973,5.800000190734863,5.909999847412109,907900
2015-10-22,5.960000038146973,6.099999904632568,5.869999885559082,5.869999885559082,1323100
2015-10-23,5.929999828338623,6.039999961853027,5.739999771118164,5.929999828338623,1701900
2015-10-26,5.909999847412109,5.949999809265137,5.840000152587891,5.900000095367432,849900
2015-10-27,5.699999809265137,5.949999809265137,5.699999809265137,5.860000133514404,2502800
2015-10-28,6.070000171661377,6.110000133514404,5.71999979019165,5.75,2091600
2015-10-29,5.980000019073486,6.170000076293945,5.980000019073486,6.019999980926514,1280500
2015-10-30,5.949999809265137,6.079999923706055,5.929999828338623,5.960000038146973,1443800
2015-11-02,5.929999828338623,5.989999771118164,5.849999904632568,5.920000076293945,2279100
2015-11-03,6.320000171661377,6.389999866485596,5.849999904632568,5.889999866485596,3713800
2015-11-04,6.329999923706055,6.380000114440918,6.230000019073486,6.340000152587891,1649800
2015-11-05,6.309999942779541,6.389999866485596,6.230000019073486,6.349999904632568,1782000
2015-11-06,6.53000020980835,6.559999942779541,6.21999979019165,6.300000190734863,2414700
2015-11-09,6.380000114440918,6.53000020980835,6.329999923706055,6.5,1916300
2015-11-10,6.380000114440918,6.440000057220459,6.230000019073486,6.380000114440918,929400
2015-11-11,6.409999847412109,6.46999979019165,6.340000152587891,6.380000114440918,1106900
2015-11-12,6.25,6.440000057220459,6.199999809265137,6.349999904632568,1119300
2015-11-13,6.119999885559082,6.260000228881836,6.119999885559082,6.230000019073486,842100
2015-11-16,6.159999847412109,6.230000019073486,6.019999980926514,6.099999904632568,851500
2015-11-17,6.090000152587891,6.25,6.070000171661377,6.199999809265137,1339500
2015-11-18,6.139999866485596,6.199999809265137,6.090000152587891,6.130000114440918,1606400
2015-11-19,6.260000228881836,6.269999980926514,6.119999885559082,6.119999885559082,1626500
2015-11-20,6.28000020980835,6.449999809265137,6.239999771118164,6.309999942779541,1425500
2015-11-23,6.300000190734863,6.409999847412109,6.190000057220459,6.239999771118164,1489400
2015-11-24,6.369999885559082,6.389999866485596,6.269999980926514,6.269999980926514,1404400
2015-11-25,6.349999904632568,6.420000076293945,6.28000020980835,6.360000133514404,1855500
2015-11-27,6.369999885559082,6.409999847412109,6.289999961853027,6.349999904632568,525700
2015-11-30,6.360000133514404,6.460000038146973,6.329999923706055,6.360000133514404,1560100
2015-12-01,6.389999866485596,6.440000057220459,6.340000152587891,6.400000095367432,1686400
2015-12-02,6.300000190734863,6.480000019073486,6.28000020980835,6.400000095367432,2399300
2015-12-03,6.199999809265137,6.389999866485596,6.119999885559082,6.349999904632568,3086700
2015-12-04,6.320000171661377,6.389999866485596,6.190000057220459,6.210000038146973,1947600
2015-12-07,6.300000190734863,6.369999885559082,6.25,6.300000190734863,1000500
2015-12-08,6.139999866485596,6.260000228881836,6.099999904632568,6.260000228881836,1363100
2015-12-09,6.059999942779541,6.210000038146973,5.949999809265137,6.119999885559082,2300100
2015-12-10,5.849999904632568,6.050000190734863,5.849999904632568,6.039999961853027,2012000
2015-12-11,5.840000152587891,6.03000020980835,5.769999980926514,5.789999961853027,2405800
2015-12-14,5.769999980926514,5.840000152587891,5.659999847412109,5.829999923706055,2706500
2015-12-15,5.760000228881836,5.889999866485596,5.75,5.800000190734863,1489300
2015-12-16,5.960000038146973,5.989999771118164,5.800000190734863,5.829999923706055,2159400
2015-12-17,5.929999828338623,6.039999961853027,5.869999885559082,5.929999828338623,2010600
2015-12-18,6.050000190734863,6.099999904632568,5.889999866485596,5.920000076293945,5327200
2015-12-21,6.0,6.150000095367432,5.96999979019165,6.099999904632568,2826500
2015-12-22,6.03000020980835,6.070000171661377,5.989999771118164,6.019999980926514,1311600
2015-12-23,6.159999847412109,6.159999847412109,6.03000020980835,6.050000190734863,2308500
2015-12-24,6.210000038146973,6.25,6.119999885559082,6.139999866485596,1052600
2015-12-28,6.110000133514404,6.210000038146973,6.070000171661377,6.170000076293945,1707500
2015-12-29,6.139999866485596,6.159999847412109,6.070000171661377,6.150000095367432,927800
2015-12-30,6.090000152587891,6.170000076293945,6.090000152587891,6.139999866485596,1437900
2015-12-31,6.090000152587891,6.150000095367432,6.019999980926514,6.050000190734863,1233100
2016-01-04,6.090000152587891,6.130000114440918,5.75,5.989999771118164,1942300
2016-01-05,6.039999961853027,6.099999904632568,5.960000038146973,6.099999904632568,1810900
2016-01-06,5.949999809265137,6.130000114440918,5.889999866485596,5.980000019073486,2128400
2016-01-07,5.579999923706055,5.869999885559082,5.489999771118164,5.860000133514404,3498900
2016-01-08,5.5,5.619999885559082,5.420000076293945,5.550000190734863,2544000
2016-01-11,5.480000019073486,5.599999904632568,5.340000152587891,5.539999961853027,2326600
2016-01-12,5.440000057220459,5.590000152587891,5.329999923706055,5.519999980926514,1685100
2016-01-13,5.260000228881836,5.539999961853027,5.230000019073486,5.449999809265137,2387400
2016-01-14,5.179999828338623,5.300000190734863,5.090000152587891,5.260000228881836,2222500
2016-01-15,5.059999942779541,5.190000057220459,5.0,5.119999885559082,5435700
2016-01-19,4.940000057220459,5.210000038146973,4.840000152587891,5.099999904632568,4373600
2016-01-20,4.730000019073486,4.880000114440918,4.690000057220459,4.880000114440918,5512100
2016-01-21,4.730000019073486,4.900000095367432,4.679999828338623,4.75,4583800
2016-01-22,4.900000095367432,4.96999979019165,4.739999771118164,4.829999923706055,2139700
2016-01-25,4.909999847412109,5.0,4.849999904632568,4.889999866485596,2053600
2016-01-26,4.900000095367432,4.989999771118164,4.840000152587891,4.949999809265137,1553900
2016-01-27,4.869999885559082,4.96999979019165,4.820000171661377,4.900000095367432,1550100
2016-01-28,4.789999961853027,4.960000038146973,4.75,4.900000095367432,2337400
2016-01-29,5.0,5.03000020980835,4.800000190734863,4.829999923706055,5353100
2016-02-01,5.010000228881836,5.019999980926514,4.880000114440918,4.960000038146973,3551800
2016-02-02,5.03000020980835,5.039999961853027,4.880000114440918,4.980000019073486,4125900
2016-02-03,5.849999904632568,6.039999961853027,5.130000114440918,5.239999771118164,11590000
2016-02-04,6.0,6.079999923706055,5.769999980926514,5.849999904632568,5086200
2016-02-05,5.949999809265137,6.110000133514404,5.940000057220459,5.949999809265137,3667600
2016-02-08,5.789999961853027,5.989999771118164,5.75,5.900000095367432,2136900
2016-02-09,5.880000114440918,5.980000019073486,5.71999979019165,5.739999771118164,2935800
2016-02-10,5.889999866485596,6.079999923706055,5.840000152587891,5.920000076293945,3538200
2016-02-11,5.829999923706055,5.929999828338623,5.800000190734863,5.800000190734863,2515400
2016-02-12,5.949999809265137,6.010000228881836,5.78000020980835,5.869999885559082,2060600
2016-02-16,6.050000190734863,6.099999904632568,5.900000095367432,6.0,3239800
2016-02-17,6.110000133514404,6.170000076293945,6.039999961853027,6.099999904632568,2633200
2016-02-18,6.340000152587891,6.340000152587891,6.070000171661377,6.139999866485596,1908000
2016-02-19,6.289999961853027,6.389999866485596,6.190000057220459,6.260000228881836,1650900
2016-02-22,6.380000114440918,6.409999847412109,6.269999980926514,6.300000190734863,3454000
2016-02-23,6.329999923706055,6.46999979019165,6.260000228881836,6.329999923706055,2070700
2016-02-24,6.449999809265137,6.46999979019165,6.25,6.25,1942600
2016-02-25,6.519999980926514,6.53000020980835,6.360000133514404,6.429999828338623,1365700
2016-02-26,6.570000171661377,6.650000095367432,6.510000228881836,6.550000190734863,1615900
2016-02-29,6.53000020980835,6.610000133514404,6.53000020980835,6.539999961853027,1694100
2016-03-01,6.619999885559082,6.639999866485596,6.5,6.610000133514404,1598100
2016-03-02,6.730000019073486,6.75,6.590000152587891,6.590000152587891,1546400
2016-03-03,6.519999980926514,6.75,6.489999771118164,6.690000057220459,1969600
2016-03-04,6.650000095367432,6.739999771118164,6.480000019073486,6.519999980926514,1761900
2016-03-07,6.699999809265137,6.710000038146973,6.409999847412109,6.610000133514404,1497900
2016-03-08,6.369999885559082,6.650000095367432,6.320000171661377,6.650000095367432,2484100
2016-03-09,6.539999961853027,6.619999885559082,6.239999771118164,6.389999866485596,1660600
2016-03-10,6.46999979019165,6.659999847412109,6.400000095367432,6.559999942779541,788500
2016-03-11,6.679999828338623,6.690000057220459,6.510000228881836,6.539999961853027,853500
2016-03-14,6.639999866485596,6.690000057220459,6.579999923706055,6.630000114440918,857400
2016-03-15,6.519999980926514,6.630000114440918,6.489999771118164,6.630000114440918,1288100
2016-03-16,6.599999904632568,6.619999885559082,6.409999847412109,6.599999904632568,1543000
2016-03-17,6.670000076293945,6.71999979019165,6.53000020980835,6.53000020980835,1861800
2016-03-18,6.789999961853027,6.880000114440918,6.550000190734863,6.699999809265137,3121700
2016-03-21,6.840000152587891,6.840000152587891,6.710000038146973,6.75,1639800
2016-03-22,6.860000133514404,6.860000133514404,6.710000038146973,6.789999961853027,3422300
2016-03-23,6.699999809265137,6.860000133514404,6.639999866485596,6.800000190734863,1789400
2016-03-24,6.769999980926514,6.789999961853027,6.579999923706055,6.659999847412109,961800
2016-03-28,6.710000038146973,6.789999961853027,6.610000133514404,6.760000228881836,1447600
2016-03-29,6.800000190734863,6.860000133514404,6.579999923706055,6.679999828338623,3190500
2016-03-30,6.840000152587891,6.929999828338623,6.78000020980835,6.840000152587891,2965600
2016-03-31,6.860000133514404,6.909999847412109,6.820000171661377,6.840000152587891,1082700
2016-04-01,6.940000057220459,6.940000057220459,6.730000019073486,6.789999961853027,954100
2016-04-04,6.75,6.960000038146973,6.75,6.909999847412109,1129700
2016-04-05,6.679999828338623,6.71999979019165,6.539999961853027,6.710000038146973,2336400
2016-04-06,6.800000190734863,6.800000190734863,6.679999828338623,6.699999809265137,2161100
2016-04-07,6.699999809265137,6.789999961853027,6.659999847412109,6.75,1019000
2016-04-08,6.760000228881836,6.809999942779541,6.639999866485596,6.769999980926514,1003000
2016-04-11,6.760000228881836,6.820000171661377,6.699999809265137,6.760000228881836,904800
2016-04-12,6.639999866485596,6.730000019073486,6.599999904632568,6.730000019073486,1304100
2016-04-13,6.789999961853027,6.820000171661377,6.650000095367432,6.679999828338623,1421300
2016-04-14,6.769999980926514,6.820000171661377,6.699999809265137,6.800000190734863,855500
2016-04-15,6.599999904632568,6.699999809265137,6.519999980926514,6.590000152587891,2889900
2016-04-18,6.610000133514404,6.670000076293945,6.550000190734863,6.599999904632568,1509100
2016-04-19,6.539999961853027,6.710000038146973,6.53000020980835,6.639999866485596,4989100
2016-04-20,6.539999961853027,6.639999866485596,6.510000228881836,6.559999942779541,2160400
2016-04-21,6.5,6.599999904632568,6.440000057220459,6.53000020980835,2251000
2016-04-22,6.639999866485596,6.650000095367432,6.5,6.5,3369300
2016-04-25,6.630000114440918,6.670000076293945,6.559999942779541,6.610000133514404,1453800
2016-04-26,6.619999885559082,6.650000095367432,6.579999923706055,6.630000114440918,1951900
2016-04-27,6.760000228881836,6.829999923706055,6.510000228881836,6.610000133514404,2673100
2016-04-28,6.670000076293945,6.78000020980835,6.639999866485596,6.710000038146973,1630900
2016-04-29,6.510000228881836,6.690000057220459,6.429999828338623,6.630000114440918,2964400
2016-05-02,6.559999942779541,6.599999904632568,6.429999828338623,6.559999942779541,2128200
2016-05-03,6.429999828338623,6.550000190734863,6.380000114440918,6.53000020980835,1783600
2016-05-04,6.329999923706055,6.510000228881836,5.929999828338623,6.010000228881836,5287800
2016-05-05,6.28000020980835,6.409999847412109,6.21999979019165,6.340000152587891,1881100
2016-05-06,6.349999904632568,6.360000133514404,6.159999847412109,6.230000019073486,2546100
2016-05-09,6.260000228881836,6.340000152587891,6.230000019073486,6.320000171661377,2200600
2016-05-10,6.309999942779541,6.420000076293945,6.190000057220459,6.28000020980835,1601700
2016-05-11,6.300000190734863,6.340000152587891,6.210000038146973,6.309999942779541,1558300
2016-05-12,6.300000190734863,6.369999885559082,6.230000019073486,6.349999904632568,1751300
2016-05-13,6.230000019073486,6.449999809265137,6.190000057220459,6.300000190734863,6416900
2016-05-16,6.260000228881836,6.300000190734863,6.190000057220459,6.230000019073486,1804600
2016-05-17,6.230000019073486,6.300000190734863,6.179999828338623,6.239999771118164,1943400
2016-05-18,6.28000020980835,6.329999923706055,6.190000057220459,6.190000057220459,1224600
2016-05-19,6.159999847412109,6.380000114440918,6.099999904632568,6.210000038146973,2637200
2016-05-20,6.190000057220459,6.28000020980835,6.139999866485596,6.179999828338623,5410700
2016-05-23,6.539999961853027,6.559999942779541,6.159999847412109,6.159999847412109,3217700
2016-05-24,6.71999979019165,6.730000019073486,6.53000020980835,6.539999961853027,2164800
2016-05-25,6.690000057220459,6.739999771118164,6.619999885559082,6.699999809265137,1917300
2016-05-26,6.78000020980835,6.860000133514404,6.690000057220459,6.690000057220459,1520000
2016-05-27,6.789999961853027,6.849999904632568,6.739999771118164,6.75,1583500
2016-05-31,6.829999923706055,6.869999885559082,6.789999961853027,6.840000152587891,1222400
2016-06-01,6.829999923706055,6.889999866485596,6.78000020980835,6.840000152587891,1390100
2016-06-02,6.860000133514404,6.909999847412109,6.730000019073486,6.840000152587891,1152000
2016-06-03,6.880000114440918,6.929999828338623,6.769999980926514,6.809999942779541,1556800
2016-06-06,6.900000095367432,7.0,6.889999866485596,6.909999847412109,2716100
2016-06-07,6.900000095367432,6.989999771118164,6.900000095367432,6.920000076293945,1374300
2016-06-08,6.889999866485596,6.940000057220459,6.880000114440918,6.909999847412109,824600
2016-06-09,6.920000076293945,6.96999979019165,6.820000171661377,6.880000114440918,1110700
2016-06-10,6.96999979019165,7.03000020980835,6.809999942779541,6.849999904632568,3260600
2016-06-13,6.78000020980835,6.96999979019165,6.769999980926514,6.900000095367432,1738000
2016-06-14,6.75,6.849999904632568,6.699999809265137,6.789999961853027,1262300
2016-06-15,6.860000133514404,6.960000038146973,6.809999942779541,6.820000171661377,1585700
2016-06-16,6.949999809265137,7.0,6.789999961853027,6.789999961853027,3035400
2016-06-17,7.019999980926514,7.090000152587891,6.920000076293945,6.96999979019165,3347700
2016-06-20,7.099999904632568,7.199999809265137,7.059999942779541,7.079999923706055,3873000
2016-06-21,7.130000114440918,7.159999847412109,7.050000190734863,7.099999904632568,4088700
2016-06-22,7.070000171661377,7.159999847412109,7.010000228881836,7.150000095367432,2700100
2016-06-23,7.090000152587891,7.130000114440918,7.059999942779541,7.099999904632568,3373000
2016-06-24,6.710000038146973,6.96999979019165,6.710000038146973,6.820000171661377,27664200
2016-06-27,6.420000076293945,6.539999961853027,6.360000133514404,6.519999980926514,6567000
2016-06-28,6.630000114440918,6.670000076293945,6.449999809265137,6.5,3596100
2016-06-29,6.579999923706055,6.75,6.570000171661377,6.71999979019165,4133800
2016-06-30,6.630000114440918,6.699999809265137,6.599999904632568,6.610000133514404,4302600
2016-07-01,6.610000133514404,6.75,6.599999904632568,6.630000114440918,1372300
2016-07-05,6.440000057220459,6.579999923706055,6.400000095367432,6.579999923706055,1617200
2016-07-06,6.480000019073486,6.5,6.360000133514404,6.429999828338623,1865500
2016-07-07,6.559999942779541,6.599999904632568,6.449999809265137,6.449999809265137,1512400
2016-07-08,6.75,6.800000190734863,6.619999885559082,6.630000114440918,2204600
2016-07-11,6.880000114440918,6.889999866485596,6.75,6.789999961853027,1346800
2016-07-12,7.0,7.059999942779541,6.929999828338623,6.929999828338623,2217900
2016-07-13,6.940000057220459,7.079999923706055,6.920000076293945,7.010000228881836,1798800
2016-07-14,7.0,7.050000190734863,6.920000076293945,7.010000228881836,1780800
2016-07-15,7.03000020980835,7.079999923706055,6.960000038146973,7.039999961853027,1157900
2016-07-18,7.03000020980835,7.070000171661377,6.900000095367432,6.989999771118164,915900
2016-07-19,6.949999809265137,7.099999904632568,6.940000057220459,7.0,1673900
2016-07-20,6.989999771118164,7.079999923706055,6.929999828338623,6.960000038146973,1959000
2016-07-21,7.079999923706055,7.119999885559082,6.949999809265137,6.949999809265137,1899700
2016-07-22,7.119999885559082,7.139999866485596,7.03000020980835,7.050000190734863,1626600
2016-07-25,7.119999885559082,7.179999828338623,7.070000171661377,7.090000152587891,1423800
2016-07-26,7.130000114440918,7.230000019073486,7.099999904632568,7.130000114440918,1335300
2016-07-27,7.139999866485596,7.199999809265137,7.079999923706055,7.119999885559082,1125600
2016-07-28,7.079999923706055,7.110000133514404,7.010000228881836,7.099999904632568,1746600
2016-07-29,7.130000114440918,7.130000114440918,7.0,7.079999923706055,3316500
2016-08-01,7.130000114440918,7.150000095367432,7.039999961853027,7.090000152587891,1925300
2016-08-02,7.010000228881836,7.150000095367432,7.010000228881836,7.110000133514404,1584900
2016-08-03,7.150000095367432,7.179999828338623,7.0,7.0,3400200
2016-08-04,7.139999866485596,7.21999979019165,7.099999904632568,7.130000114440918,1578800
2016-08-05,7.25,7.25,7.150000095367432,7.179999828338623,2499500
2016-08-08,7.25,7.320000171661377,7.210000038146973,7.25,1220200
2016-08-09,7.329999923706055,7.369999885559082,7.179999828338623,7.239999771118164,1518000
2016-08-10,7.28000020980835,7.389999866485596,7.230000019073486,7.349999904632568,1454900
2016-08-11,7.329999923706055,7.380000114440918,7.300000190734863,7.329999923706055,1690900
2016-08-12,7.300000190734863,7.329999923706055,6.960000038146973,7.010000228881836,4557400
2016-08-15,7.539999961853027,7.650000095367432,7.28000020980835,7.28000020980835,4598800
2016-08-16,7.599999904632568,7.650000095367432,7.46999979019165,7.550000190734863,1877800
2016-08-17,7.659999847412109,7.690000057220459,7.519999980926514,7.570000171661377,1640400
2016-08-18,7.809999942779541,7.820000171661377,7.650000095367432,7.690000057220459,1328300
2016-08-19,7.769999980926514,7.829999923706055,7.730000019073486,7.809999942779541,1824800
2016-08-22,7.769999980926514,7.820000171661377,7.650000095367432,7.690000057220459,1486600
2016-08-23,7.829999923706055,7.889999866485596,7.71999979019165,7.730000019073486,1574500
2016-08-24,7.75,7.869999885559082,7.739999771118164,7.789999961853027,1132000
2016-08-25,7.730000019073486,7.860000133514404,7.699999809265137,7.71999979019165,1928500
2016-08-26,7.769999980926514,7.840000152587891,7.699999809265137,7.730000019073486,1326900
2016-08-29,7.78000020980835,7.849999904632568,7.75,7.75,840200
2016-08-30,7.829999923706055,7.889999866485596,7.769999980926514,7.809999942779541,1070100
2016-08-31,7.78000020980835,7.860000133514404,7.699999809265137,7.789999961853027,1896700
2016-09-01,7.849999904632568,7.900000095367432,7.769999980926514,7.789999961853027,2007400
2016-09-02,7.840000152587891,7.940000057220459,7.829999923706055,7.849999904632568,1291700
2016-09-06,7.829999923706055,7.869999885559082,7.769999980926514,7.869999885559082,2315400
2016-09-07,7.869999885559082,7.900000095367432,7.739999771118164,7.849999904632568,1441700
2016-09-08,7.769999980926514,7.869999885559082,7.75,7.840000152587891,1051600
2016-09-09,7.53000020980835,7.809999942779541,7.5,7.71999979019165,1366500
2016-09-12,7.679999828338623,7.679999828338623,7.409999847412109,7.460000038146973,1653000
2016-09-13,7.510000228881836,7.690000057220459,7.449999809265137,7.590000152587891,1126500
2016-09-14,7.510000228881836,7.610000133514404,7.489999771118164,7.539999961853027,1491300
2016-09-15,7.46999979019165,7.610000133514404,7.420000076293945,7.550000190734863,3134600
2016-09-16,7.340000152587891,7.519999980926514,7.309999942779541,7.420000076293945,3378600
2016-09-19,7.420000076293945,7.5,7.340000152587891,7.369999885559082,1606200
2016-09-20,7.309999942779541,7.46999979019165,7.300000190734863,7.46999979019165,1261200
2016-09-21,7.369999885559082,7.409999847412109,7.260000228881836,7.349999904632568,1496000
2016-09-22,7.5,7.510000228881836,7.380000114440918,7.400000095367432,2352400
2016-09-23,7.429999828338623,7.449999809265137,7.380000114440918,7.400000095367432,1365700
2016-09-26,7.260000228881836,7.460000038146973,7.260000228881836,7.409999847412109,1064900
2016-09-27,7.360000133514404,7.409999847412109,7.239999771118164,7.269999980926514,1356900
2016-09-28,7.369999885559082,7.449999809265137,7.320000171661377,7.360000133514404,992100
2016-09-29,7.260000228881836,7.420000076293945,7.260000228881836,7.380000114440918,769900
2016-09-30,7.389999866485596,7.400000095367432,7.239999771118164,7.289999961853027,1539100
2016-10-03,7.309999942779541,7.360000133514404,7.230000019073486,7.329999923706055,1110000
2016-10-04,7.25,7.380000114440918,7.21999979019165,7.349999904632568,747200
2016-10-05,7.380000114440918,7.460000038146973,7.179999828338623,7.289999961853027,1284400
2016-10-06,7.380000114440918,7.429999828338623,7.320000171661377,7.349999904632568,1266900
2016-10-07,7.25,7.429999828338623,7.239999771118164,7.380000114440918,810900
2016-10-10,7.320000171661377,7.400000095367432,7.28000020980835,7.289999961853027,871600
2016-10-11,7.440000057220459,7.71999979019165,7.329999923706055,7.710000038146973,3282300
2016-10-12,7.429999828338623,7.519999980926514,7.409999847412109,7.449999809265137,1113900
2016-10-13,7.28000020980835,7.380000114440918,7.269999980926514,7.349999904632568,1296500
2016-10-14,7.260000228881836,7.429999828338623,7.25,7.329999923706055,908000
2016-10-17,7.190000057220459,7.320000171661377,7.190000057220459,7.28000020980835,780600
2016-10-18,7.269999980926514,7.300000190734863,7.199999809265137,7.25,705400
2016-10-19,7.349999904632568,7.380000114440918,7.230000019073486,7.260000228881836,1324000
2016-10-20,7.289999961853027,7.369999885559082,7.260000228881836,7.349999904632568,674900
2016-10-21,7.190000057220459,7.320000171661377,7.170000076293945,7.21999979019165,1001200
2016-10-24,7.289999961853027,7.340000152587891,7.210000038146973,7.269999980926514,822800
2016-10-25,7.21999979019165,7.309999942779541,7.210000038146973,7.28000020980835,659200
2016-10-26,7.25,7.340000152587891,7.210000038146973,7.210000038146973,602300
2016-10-27,7.150000095367432,7.269999980926514,7.090000152587891,7.269999980926514,1412300
2016-10-28,7.110000133514404,7.230000019073486,7.099999904632568,7.130000114440918,720700
2016-10-31,7.119999885559082,7.159999847412109,7.079999923706055,7.139999866485596,1205900
2016-11-01,7.110000133514404,7.179999828338623,6.989999771118164,7.110000133514404,1406900
2016-11-02,7.170000076293945,7.519999980926514,6.989999771118164,7.21999979019165,3696700
2016-11-03,7.239999771118164,7.309999942779541,7.170000076293945,7.190000057220459,1305000
2016-11-04,7.300000190734863,7.380000114440918,7.199999809265137,7.25,1861300
2016-11-07,7.5,7.559999942779541,7.230000019073486,7.309999942779541,1732800
2016-11-08,7.559999942779541,7.619999885559082,7.360000133514404,7.489999771118164,1715400
2016-11-09,7.820000171661377,7.840000152587891,7.260000228881836,7.380000114440918,1666300
2016-11-10,7.75,8.0,7.739999771118164,7.909999847412109,4300900
2016-11-11,7.800000190734863,7.889999866485596,7.739999771118164,7.760000228881836,5130400
2016-11-14,7.860000133514404,7.909999847412109,7.75,7.840000152587891,2115400
2016-11-15,7.900000095367432,7.909999847412109,7.710000038146973,7.800000190734863,1676300
2016-11-16,7.929999828338623,7.949999809265137,7.840000152587891,7.869999885559082,1972000
2016-11-17,7.889999866485596,7.989999771118164,7.869999885559082,7.940000057220459,1668400
2016-11-18,7.940000057220459,7.989999771118164,7.889999866485596,7.929999828338623,2160400
2016-11-21,7.869999885559082,7.989999771118164,7.829999923706055,7.929999828338623,1389200
2016-11-22,7.929999828338623,7.96999979019165,7.78000020980835,7.829999923706055,2246900
2016-11-23,8.050000190734863,8.069999694824219,7.889999866485596,7.909999847412109,1957100
2016-11-25,8.010000228881836,8.050000190734863,7.96999979019165,8.0,824400
2016-11-28,7.929999828338623,8.050000190734863,7.860000133514404,8.010000228881836,1453000
2016-11-29,8.010000228881836,8.079999923706055,7.909999847412109,7.949999809265137,1286300
2016-11-30,7.849999904632568,8.0600004196167,7.800000190734863,8.050000190734863,1711500
2016-12-01,7.639999866485596,7.940000057220459,7.590000152587891,7.869999885559082,1833000
2016-12-02,7.75,7.789999961853027,7.559999942779541,7.610000133514404,1751200
2016-12-05,8.010000228881836,8.010000228881836,7.789999961853027,7.809999942779541,1416000
2016-12-06,8.25,8.260000228881836,7.900000095367432,8.039999961853027,3906000
2016-12-07,8.350000381469727,8.390000343322754,8.220000267028809,8.239999771118164,2202500
2016-12-08,8.4399995803833,8.630000114440918,8.359999656677246,8.609999656677246,3155300
2016-12-09,8.529999732971191,8.6899995803833,8.460000038146973,8.529999732971191,1934500
2016-12-12,8.479999542236328,8.619999885559082,8.210000038146973,8.229999542236328,1511400
2016-12-13,8.479999542236328,8.649999618530273,8.420000076293945,8.520000457763672,2412200
2016-12-14,8.470000267028809,8.760000228881836,8.449999809265137,8.5600004196167,1940300
2016-12-15,8.529999732971191,8.6899995803833,8.449999809265137,8.470000267028809,2350400
2016-12-16,8.380000114440918,8.579999923706055,8.380000114440918,8.569999694824219,3089000
2016-12-19,8.350000381469727,8.529999732971191,8.34000015258789,8.40999984741211,2074400
2016-12-20,8.40999984741211,8.510000228881836,8.300000190734863,8.34000015258789,2338100
2016-12-21,8.399999618530273,8.479999542236328,8.350000381469727,8.420000076293945,1867400
2016-12-22,8.319999694824219,8.430000305175781,8.279999732971191,8.380000114440918,1576900
2016-12-23,8.369999885559082,8.390000343322754,8.289999961853027,8.289999961853027,598700
2016-12-27,8.40999984741211,8.489999771118164,8.369999885559082,8.380000114440918,525800
2016-12-28,8.25,8.460000038146973,8.220000267028809,8.40999984741211,624200
2016-12-29,8.300000190734863,8.399999618530273,8.239999771118164,8.260000228881836,557600
2016-12-30,8.180000305175781,8.329999923706055,8.149999618530273,8.289999961853027,954300
2017-01-03,8.359999656677246,8.380000114440918,8.130000114440918,8.25,1852300
2017-01-04,8.550000190734863,8.649999618530273,8.369999885559082,8.369999885559082,1942200
2017-01-05,8.479999542236328,8.579999923706055,8.420000076293945,8.550000190734863,808700
2017-01-06,8.520000457763672,8.529999732971191,8.399999618530273,8.520000457763672,960900
2017-01-09,8.369999885559082,8.529999732971191,8.359999656677246,8.5,996100
2017-01-10,8.369999885559082,8.449999809265137,8.34000015258789,8.399999618530273,932400
2017-01-11,8.40999984741211,8.510000228881836,8.369999885559082,8.390000343322754,1086500
2017-01-12,8.359999656677246,8.399999618530273,8.210000038146973,8.390000343322754,1209800
2017-01-13,8.59000015258789,8.630000114440918,8.399999618530273,8.399999618530273,1769600
2017-01-17,8.489999771118164,8.520000457763672,8.319999694824219,8.5,1492600
2017-01-18,8.399999618530273,8.520000457763672,8.359999656677246,8.449999809265137,1929400
2017-01-19,8.479999542236328,8.579999923706055,8.34000015258789,8.449999809265137,2023300
2017-01-20,8.579999923706055,8.640000343322754,8.489999771118164,8.489999771118164,1542000
2017-01-23,9.010000228881836,9.140000343322754,8.550000190734863,8.550000190734863,7350800
2017-01-24,9.319999694824219,9.399999618530273,9.069999694824219,9.130000114440918,7170400
2017-01-25,9.020000457763672,9.369999885559082,8.880000114440918,9.09000015258789,5835500
2017-01-26,9.100000381469727,9.210000038146973,8.930000305175781,9.039999961853027,2444400
2017-01-27,9.229999542236328,9.289999961853027,9.069999694824219,9.119999885559082,3597100
2017-01-30,8.84000015258789,8.9399995803833,8.399999618530273,8.899999618530273,5899500
2017-01-31,8.949999809265137,8.960000038146973,8.729999542236328,8.800000190734863,2316100
2017-02-01,9.289999961853027,9.369999885559082,8.930000305175781,9.149999618530273,4139600
2017-02-02,9.279999732971191,9.449999809265137,9.170000076293945,9.279999732971191,2896400
2017-02-03,9.229999542236328,9.350000381469727,9.109999656677246,9.270000457763672,4425800
2017-02-06,9.4399995803833,9.470000267028809,9.180000305175781,9.220000267028809,3263400
2017-02-07,9.510000228881836,9.600000381469727,9.380000114440918,9.4399995803833,4520900
2017-02-08,10.039999961853027,10.100000381469727,9.279999732971191,9.479999542236328,10745100
2017-02-09,10.289999961853027,10.4399995803833,10.020000457763672,10.029999732971191,4746900
2017-02-10,10.220000267028809,10.40999984741211,10.180000305175781,10.350000381469727,3853900
2017-02-13,10.579999923706055,10.640000343322754,10.289999961853027,10.289999961853027,5787800
2017-02-14,10.619999885559082,10.699999809265137,10.4399995803833,10.579999923706055,2519000
2017-02-15,10.760000228881836,10.890000343322754,10.600000381469727,10.619999885559082,4815400
2017-02-16,10.699999809265137,10.84000015258789,10.579999923706055,10.760000228881836,4507800
2017-02-17,10.710000038146973,10.729999542236328,10.569999694824219,10.710000038146973,1887000
2017-02-21,10.739999771118164,10.859999656677246,10.619999885559082,10.65999984741211,2106600
2017-02-22,10.520000457763672,10.800000190734863,10.460000038146973,10.6899995803833,1937100
2017-02-23,10.319999694824219,10.5600004196167,10.170000076293945,10.550000190734863,2514100
2017-02-24,10.4399995803833,10.479999542236328,10.119999885559082,10.220000267028809,2181900
2017-02-27,9.979999542236328,10.5,9.979999542236328,10.479999542236328,10499400
2017-02-28,10.020000457763672,10.210000038146973,9.949999809265137,10.010000228881836,16013200
2017-03-01,10.039999961853027,10.210000038146973,9.949999809265137,10.210000038146973,6963500
2017-03-02,9.779999732971191,10.0600004196167,9.479999542236328,10.0,7652700
2017-03-03,9.890000343322754,9.930000305175781,9.619999885559082,9.670000076293945,3704600
2017-03-06,9.949999809265137,10.010000228881836,9.739999771118164,9.770000457763672,3352400
2017-03-07,9.850000381469727,9.989999771118164,9.65999984741211,9.90999984741211,2107800
2017-03-08,9.729999542236328,9.970000267028809,9.729999542236328,9.869999885559082,2704700
2017-03-09,9.720000267028809,9.789999961853027,9.640000343322754,9.680000305175781,1988800
2017-03-10,9.680000305175781,9.890000343322754,9.649999618530273,9.800000190734863,2278000
2017-03-13,9.649999618530273,9.8100004196167,9.550000190734863,9.670000076293945,2398900
2017-03-14,9.640000343322754,9.829999923706055,9.520000457763672,9.800000190734863,4008400
2017-03-15,9.899999618530273,10.020000457763672,9.699999809265137,9.710000038146973,4360000
2017-03-16,10.199999809265137,10.350000381469727,10.029999732971191,10.029999732971191,7031400
2017-03-17,10.699999809265137,10.75,10.199999809265137,10.210000038146973,8401700
2017-03-20,10.779999732971191,11.0,10.59000015258789,10.699999809265137,5166200
2017-03-21,10.619999885559082,10.949999809265137,10.619999885559082,10.850000381469727,3615500
2017-03-22,10.8100004196167,10.859999656677246,10.260000228881836,10.260000228881836,3685300
2017-03-23,10.779999732971191,10.920000076293945,10.680000305175781,10.779999732971191,3696800
2017-03-24,10.720000267028809,10.890000343322754,10.600000381469727,10.8100004196167,3774000
2017-03-27,10.890000343322754,11.029999732971191,10.40999984741211,10.569999694824219,4647200
2017-03-28,10.829999923706055,11.09000015258789,10.779999732971191,10.880000114440918,4804200
2017-03-29,10.850000381469727,11.149999618530273,10.640000343322754,11.119999885559082,6887900
2017-03-30,10.800000190734863,10.899999618530273,10.720000267028809,10.829999923706055,3181400
2017-03-31,10.720000267028809,10.789999961853027,10.630000114440918,10.779999732971191,2757900
2017-04-03,10.350000381469727,10.75,10.319999694824219,10.710000038146973,4789400
2017-04-04,10.319999694824219,10.430000305175781,10.289999961853027,10.319999694824219,2570800
2017-04-05,9.920000076293945,10.359999656677246,9.920000076293945,10.319999694824219,3519700
2017-04-06,10.260000228881836,10.279999732971191,9.920000076293945,9.920000076293945,3373500
2017-04-07,10.0600004196167,10.210000038146973,10.020000457763672,10.1899995803833,2987300
2017-04-10,9.949999809265137,10.079999923706055,9.84000015258789,10.0600004196167,2275600
2017-04-11,9.829999923706055,9.979999542236328,9.739999771118164,9.90999984741211,2959800
2017-04-12,9.470000267028809,9.859999656677246,9.460000038146973,9.819999694824219,4052900
2017-04-13,9.640000343322754,9.75,9.510000228881836,9.699999809265137,5351200
2017-04-17,9.670000076293945,9.710000038146973,9.529999732971191,9.649999618530273,2281900
2017-04-18,9.84000015258789,9.859999656677246,9.630000114440918,9.670000076293945,3232200
2017-04-19,9.800000190734863,9.979999542236328,9.760000228881836,9.920000076293945,2370400
2017-04-20,9.970000267028809,10.069999694824219,9.819999694824219,9.859999656677246,2455200
2017-04-21,9.899999618530273,10.029999732971191,9.880000114440918,9.989999771118164,2430900
2017-04-24,10.029999732971191,10.079999923706055,9.90999984741211,10.039999961853027,3701600
2017-04-25,10.180000305175781,10.369999885559082,10.069999694824219,10.109999656677246,3738400
2017-04-26,9.960000038146973,10.1899995803833,9.9399995803833,10.170000076293945,2793300
2017-04-27,10.010000228881836,10.100000381469727,9.949999809265137,9.979999542236328,1633400
2017-04-28,10.0,10.09000015258789,9.979999542236328,10.020000457763672,2363200
2017-05-01,10.109999656677246,10.220000267028809,10.0,10.020000457763672,3187400
2017-05-02,10.130000114440918,10.210000038146973,9.920000076293945,10.119999885559082,5325500
2017-05-03,10.390000343322754,10.59000015258789,9.979999542236328,10.319999694824219,5755100
2017-05-04,10.859999656677246,11.239999771118164,10.5,10.550000190734863,8589100
2017-05-05,11.329999923706055,11.489999771118164,11.100000381469727,11.260000228881836,8952100
2017-05-08,11.520000457763672,11.670000076293945,11.329999923706055,11.329999923706055,2605800
2017-05-09,11.539999961853027,11.550000190734863,11.350000381469727,11.520000457763672,4658500
2017-05-10,11.529999732971191,11.600000381469727,11.460000038146973,11.529999732971191,5297700
2017-05-11,11.520000457763672,11.609999656677246,11.449999809265137,11.5,4003200
2017-05-12,11.65999984741211,11.670000076293945,11.369999885559082,11.5,2619300
2017-05-15,11.59000015258789,11.890000343322754,11.59000015258789,11.729999542236328,3944700
2017-05-16,11.5,11.59000015258789,11.380000114440918,11.579999923706055,2991600
2017-05-17,10.899999618530273,11.420000076293945,10.890000343322754,11.329999923706055,3679300
2017-05-18,10.949999809265137,11.050000190734863,10.760000228881836,10.84000015258789,1678700
2017-05-19,10.949999809265137,11.039999961853027,10.90999984741211,10.930000305175781,2072300
2017-05-22,11.380000114440918,11.380000114440918,10.960000038146973,10.960000038146973,2568000
2017-05-23,11.260000228881836,11.449999809265137,11.199999809265137,11.390000343322754,1951200
2017-05-24,11.130000114440918,11.300000190734863,11.09000015258789,11.270000457763672,1419600
2017-05-25,11.180000305175781,11.260000228881836,11.069999694824219,11.1899995803833,1978700
2017-05-26,11.359999656677246,11.369999885559082,11.079999923706055,11.180000305175781,1527800
2017-05-30,11.289999961853027,11.430000305175781,11.239999771118164,11.319999694824219,2036900
2017-05-31,11.229999542236328,11.399999618530273,11.170000076293945,11.329999923706055,1528900
2017-06-01,11.569999694824219,11.579999923706055,11.270000457763672,11.350000381469727,3196900
2017-06-02,11.390000343322754,11.649999618530273,11.369999885559082,11.5600004196167,2682500
2017-06-05,11.210000038146973,11.4399995803833,11.199999809265137,11.399999618530273,2852700
2017-06-06,11.430000305175781,11.569999694824219,11.15999984741211,11.239999771118164,2635600
2017-06-07,11.369999885559082,11.529999732971191,11.289999961853027,11.449999809265137,1524600
2017-06-08,11.430000305175781,11.449999809265137,11.1899995803833,11.369999885559082,2498800
2017-06-09,11.149999618530273,11.779999732971191,11.0600004196167,11.430000305175781,5400700
2017-06-12,11.079999923706055,11.300000190734863,10.84000015258789,11.050000190734863,3982200
2017-06-13,11.180000305175781,11.270000457763672,11.0600004196167,11.100000381469727,2059700
2017-06-14,11.050000190734863,11.260000228881836,10.890000343322754,11.25,3198900
2017-06-15,11.039999961853027,11.079999923706055,10.850000381469727,10.869999885559082,2174400
2017-06-16,11.3100004196167,11.510000228881836,11.039999961853027,11.130000114440918,4357600
2017-06-19,11.3100004196167,11.449999809265137,11.15999984741211,11.40999984741211,1389500
2017-06-20,11.020000457763672,11.289999961853027,10.979999542236328,11.25,1906000
2017-06-21,10.829999923706055,11.130000114440918,10.800000190734863,11.050000190734863,2557400
2017-06-22,10.930000305175781,11.069999694824219,10.890000343322754,10.960000038146973,2259000
2017-06-23,11.119999885559082,11.270000457763672,10.890000343322754,10.949999809265137,6164700
2017-06-26,10.859999656677246,11.289999961853027,10.75,11.170000076293945,3549200
2017-06-27,10.8100004196167,10.9399995803833,10.729999542236328,10.819999694824219,3473900
2017-06-28,11.039999961853027,11.079999923706055,10.75,10.84000015258789,2116400
2017-06-29,10.5600004196167,11.029999732971191,10.449999809265137,11.010000228881836,4400800
2017-06-30,10.529999732971191,10.6899995803833,10.40999984741211,10.569999694824219,2583500
2017-07-03,10.529999732971191,10.6899995803833,10.479999542236328,10.5600004196167,1551500
2017-07-05,10.789999961853027,10.880000114440918,10.5,10.579999923706055,2153200
2017-07-06,10.649999618530273,10.800000190734863,10.609999656677246,10.75,2245200
2017-07-07,10.90999984741211,10.960000038146973,10.649999618530273,10.649999618530273,1975700
2017-07-10,10.890000343322754,11.010000228881836,10.789999961853027,10.920000076293945,1593300
2017-07-11,10.8100004196167,10.899999618530273,10.779999732971191,10.899999618530273,1106100
2017-07-12,10.90999984741211,10.979999542236328,10.8100004196167,10.920000076293945,1363800
2017-07-13,11.079999923706055,11.119999885559082,10.890000343322754,10.979999542236328,2195200
2017-07-14,10.979999542236328,11.079999923706055,10.960000038146973,11.079999923706055,1134300
2017-07-17,11.0600004196167,11.079999923706055,10.859999656677246,10.989999771118164,2140500
2017-07-18,10.84000015258789,11.020000457763672,10.819999694824219,11.020000457763672,1485500
2017-07-19,10.970000267028809,10.979999542236328,10.760000228881836,10.880000114440918,1915900
2017-07-20,10.75,10.989999771118164,10.5600004196167,10.989999771118164,2351300
2017-07-21,11.25,11.25,10.9399995803833,11.149999618530273,3492500
2017-07-24,11.399999618530273,11.4399995803833,11.180000305175781,11.260000228881836,2658200
2017-07-25,11.479999542236328,11.529999732971191,11.239999771118164,11.479999542236328,2780800
2017-07-26,11.430000305175781,11.539999961853027,11.359999656677246,11.539999961853027,2521900
2017-07-27,10.979999542236328,11.489999771118164,10.770000457763672,11.470000267028809,3528000
2017-07-28,11.0,11.09000015258789,10.899999618530273,10.930000305175781,1817500
2017-07-31,10.970000267028809,11.09000015258789,10.850000381469727,11.050000190734863,1518700
2017-08-01,11.199999809265137,11.220000267028809,10.930000305175781,11.029999732971191,1228100
2017-08-02,10.880000114440918,11.220000267028809,10.829999923706055,11.210000038146973,3202900
2017-08-03,10.770000457763672,11.100000381469727,10.739999771118164,10.989999771118164,2203000
2017-08-04,10.579999923706055,10.800000190734863,10.5,10.760000228881836,3241600
2017-08-07,10.869999885559082,10.880000114440918,10.5,10.59000015258789,1736400
2017-08-08,11.050000190734863,11.100000381469727,10.829999923706055,10.869999885559082,1707800
2017-08-09,10.970000267028809,11.170000076293945,10.920000076293945,11.020000457763672,3766600
2017-08-10,10.529999732971191,10.970000267028809,10.470000267028809,10.970000267028809,2834300
2017-08-11,10.520000457763672,10.680000305175781,10.489999771118164,10.619999885559082,3018400
2017-08-14,10.75,10.8100004196167,10.600000381469727,10.600000381469727,4161300
2017-08-15,10.630000114440918,10.779999732971191,10.569999694824219,10.779999732971191,4547100
2017-08-16,10.59000015258789,10.779999732971191,9.40999984741211,9.739999771118164,13669300
2017-08-17,10.220000267028809,10.569999694824219,10.140000343322754,10.510000228881836,4771100
2017-08-18,10.09000015258789,10.289999961853027,10.029999732971191,10.100000381469727,1855200
2017-08-21,9.869999885559082,10.15999984741211,9.850000381469727,10.029999732971191,2955000
2017-08-22,10.109999656677246,10.119999885559082,9.8100004196167,9.829999923706055,1720300
2017-08-23,10.079999923706055,10.119999885559082,9.960000038146973,10.020000457763672,2174400
2017-08-24,10.199999809265137,10.289999961853027,10.140000343322754,10.229999542236328,1680300
2017-08-25,10.119999885559082,10.279999732971191,10.0,10.239999771118164,1307600
2017-08-28,10.109999656677246,10.170000076293945,9.989999771118164,10.130000114440918,1619400
2017-08-29,10.109999656677246,10.140000343322754,9.9399995803833,10.029999732971191,1230800
2017-08-30,10.119999885559082,10.170000076293945,10.039999961853027,10.09000015258789,1159600
2017-08-31,10.039999961853027,10.140000343322754,9.9399995803833,10.09000015258789,1339300
2017-09-01,10.279999732971191,10.279999732971191,10.050000190734863,10.050000190734863,1292400
2017-09-05,10.180000305175781,10.329999923706055,10.100000381469727,10.220000267028809,1835200
2017-09-06,10.170000076293945,10.279999732971191,10.15999984741211,10.220000267028809,1337300
2017-09-07,10.050000190734863,10.229999542236328,10.0,10.229999542236328,1585000
2017-09-08,9.979999542236328,10.09000015258789,9.90999984741211,9.9399995803833,1490800
2017-09-11,10.1899995803833,10.210000038146973,10.029999732971191,10.0600004196167,1233100
2017-09-12,10.369999885559082,10.390000343322754,10.1899995803833,10.229999542236328,1849600
2017-09-13,10.15999984741211,10.329999923706055,10.109999656677246,10.300000190734863,3182900
2017-09-14,9.930000305175781,10.119999885559082,9.90999984741211,10.069999694824219,1843400
2017-09-15,9.789999961853027,9.9399995803833,9.699999809265137,9.899999618530273,4269800
2017-09-18,9.920000076293945,9.979999542236328,9.680000305175781,9.779999732971191,2902900
2017-09-19,9.789999961853027,9.960000038146973,9.760000228881836,9.949999809265137,1474300
2017-09-20,9.630000114440918,9.829999923706055,9.569999694824219,9.789999961853027,3204800
2017-09-21,9.529999732971191,9.619999885559082,9.510000228881836,9.600000381469727,1948000
2017-09-22,9.5600004196167,9.600000381469727,9.460000038146973,9.489999771118164,1363200
2017-09-25,9.229999542236328,9.59000015258789,9.1899995803833,9.550000190734863,3060700
2017-09-26,9.140000343322754,9.34000015258789,9.140000343322754,9.279999732971191,2053900
2017-09-27,9.619999885559082,9.630000114440918,9.180000305175781,9.1899995803833,3077800
2017-09-28,9.449999809265137,9.59000015258789,9.359999656677246,9.5600004196167,1448000
2017-09-29,9.460000038146973,9.520000457763672,9.319999694824219,9.420000076293945,2131900
2017-10-02,9.720000267028809,9.720000267028809,9.399999618530273,9.470000267028809,1804900
2017-10-03,9.6899995803833,9.729999542236328,9.569999694824219,9.720000267028809,1307900
2017-10-04,9.569999694824219,9.720000267028809,9.470000267028809,9.640000343322754,2383400
2017-10-05,9.510000228881836,9.5600004196167,9.399999618530273,9.539999961853027,2057400
2017-10-06,9.529999732971191,9.720000267028809,9.40999984741211,9.460000038146973,2325900
2017-10-09,9.550000190734863,9.619999885559082,9.460000038146973,9.59000015258789,1827300
2017-10-10,9.479999542236328,9.600000381469727,9.4399995803833,9.59000015258789,1589700
2017-10-11,9.430000305175781,9.529999732971191,9.390000343322754,9.489999771118164,1154500
2017-10-12,9.649999618530273,9.65999984741211,9.369999885559082,9.390000343322754,3321600
2017-10-13,9.489999771118164,9.649999618530273,9.470000267028809,9.640000343322754,1579100
2017-10-16,9.399999618530273,9.5600004196167,9.319999694824219,9.510000228881836,1108300
2017-10-17,9.3100004196167,9.449999809265137,9.289999961853027,9.390000343322754,1012600
2017-10-18,9.399999618530273,9.430000305175781,9.289999961853027,9.329999923706055,1003500
2017-10-19,9.329999923706055,9.430000305175781,9.15999984741211,9.3100004196167,2400600
2017-10-20,9.430000305175781,9.520000457763672,9.390000343322754,9.460000038146973,1069300
2017-10-23,9.539999961853027,9.579999923706055,9.359999656677246,9.430000305175781,1786500
2017-10-24,9.569999694824219,9.65999984741211,9.520000457763672,9.550000190734863,2692300
2017-10-25,9.420000076293945,9.600000381469727,9.390000343322754,9.529999732971191,1331900
2017-10-26,9.270000457763672,9.479999542236328,9.260000228881836,9.4399995803833,1354400
2017-10-27,9.279999732971191,9.40999984741211,9.220000267028809,9.319999694824219,2196400
2017-10-30,9.3100004196167,9.449999809265137,9.25,9.300000190734863,2340400
2017-10-31,9.279999732971191,9.359999656677246,9.15999984741211,9.34000015258789,3045600
2017-11-01,9.170000076293945,9.380000114440918,9.119999885559082,9.350000381469727,4618800
2017-11-02,8.699999809265137,9.170000076293945,8.449999809265137,9.010000228881836,9371600
2017-11-03,8.680000305175781,8.760000228881836,8.479999542236328,8.699999809265137,3616800
2017-11-06,8.880000114440918,8.880000114440918,8.649999618530273,8.649999618530273,2255600
2017-11-07,8.640000343322754,8.869999885559082,8.619999885559082,8.869999885559082,3024500
2017-11-08,8.630000114440918,8.739999771118164,8.550000190734863,8.59000015258789,3491200
2017-11-09,8.420000076293945,8.609999656677246,8.380000114440918,8.539999961853027,4109300
2017-11-10,8.550000190734863,8.609999656677246,8.34000015258789,8.399999618530273,5418000
2017-11-13,8.649999618530273,8.680000305175781,8.460000038146973,8.489999771118164,1315000
2017-11-14,8.470000267028809,8.600000381469727,8.4399995803833,8.600000381469727,1670400
2017-11-15,8.670000076293945,8.760000228881836,8.390000343322754,8.399999618530273,2832500
2017-11-16,8.770000457763672,8.819999694824219,8.619999885559082,8.680000305175781,1409300
2017-11-17,8.789999961853027,8.930000305175781,8.710000038146973,8.710000038146973,1190400
2017-11-20,8.9399995803833,8.970000267028809,8.779999732971191,8.779999732971191,1975200
2017-11-21,9.09000015258789,9.109999656677246,8.899999618530273,9.0,1500800
2017-11-22,9.0600004196167,9.170000076293945,9.010000228881836,9.050000190734863,1629600
2017-11-24,9.130000114440918,9.140000343322754,9.010000228881836,9.079999923706055,541800
2017-11-27,9.079999923706055,9.149999618530273,9.050000190734863,9.09000015258789,1575800
2017-11-28,9.289999961853027,9.3100004196167,9.100000381469727,9.140000343322754,2715100
2017-11-29,9.289999961853027,9.3100004196167,9.140000343322754,9.279999732971191,4030900
2017-11-30,9.369999885559082,9.460000038146973,9.279999732971191,9.350000381469727,3727200
2017-12-01,9.180000305175781,9.350000381469727,8.930000305175781,9.329999923706055,2808500
2017-12-04,8.930000305175781,9.279999732971191,8.90999984741211,9.279999732971191,1750400
2017-12-05,8.890000343322754,9.0600004196167,8.890000343322754,8.970000267028809,1263800
2017-12-06,8.729999542236328,8.890000343322754,8.729999542236328,8.890000343322754,1730100
2017-12-07,8.8100004196167,8.869999885559082,8.710000038146973,8.75,1005900
2017-12-08,8.819999694824219,9.020000457763672,8.75,8.850000381469727,1697300
2017-12-11,8.869999885559082,8.9399995803833,8.760000228881836,8.850000381469727,1525200
2017-12-12,8.720000267028809,8.9399995803833,8.710000038146973,8.890000343322754,1234400
2017-12-13,8.850000381469727,9.109999656677246,8.800000190734863,8.800000190734863,2591900
2017-12-14,8.649999618530273,8.880000114440918,8.609999656677246,8.869999885559082,3448800
2017-12-15,8.649999618530273,8.800000190734863,8.619999885559082,8.65999984741211,7642100
2017-12-18,8.850000381469727,9.0600004196167,8.649999618530273,8.75,2437100
2017-12-19,8.819999694824219,8.90999984741211,8.779999732971191,8.819999694824219,2303400
2017-12-20,8.859999656677246,8.899999618530273,8.789999961853027,8.829999923706055,1476800
2017-12-21,8.869999885559082,8.899999618530273,8.819999694824219,8.859999656677246,1065400
2017-12-22,8.819999694824219,8.869999885559082,8.819999694824219,8.850000381469727,1009400
2017-12-26,8.680000305175781,8.819999694824219,8.680000305175781,8.789999961853027,1535300
2017-12-27,8.75,8.819999694824219,8.640000343322754,8.649999618530273,1080100
2017-12-28,8.75,8.779999732971191,8.720000267028809,8.75,1095500
2017-12-29,8.739999771118164,8.770000457763672,8.670000076293945,8.710000038146973,1676000
2018-01-02,8.960000038146973,8.979999542236328,8.760000228881836,8.779999732971191,2347600
2018-01-03,8.979999542236328,8.989999771118164,8.850000381469727,8.960000038146973,1459500
2018-01-04,8.949999809265137,9.050000190734863,8.90999984741211,9.020000457763672,2306300
2018-01-05,9.029999732971191,9.09000015258789,8.930000305175781,8.989999771118164,2281900
2018-01-08,8.84000015258789,9.010000228881836,8.8100004196167,9.0,2110000
2018-01-09,8.779999732971191,8.890000343322754,8.699999809265137,8.859999656677246,2351300
2018-01-10,8.729999542236328,8.779999732971191,8.670000076293945,8.729999542236328,1933000
2018-01-11,8.869999885559082,8.899999618530273,8.75,8.760000228881836,1434200
2018-01-12,9.039999961853027,9.039999961853027,8.819999694824219,8.899999618530273,2810900
2018-01-16,9.050000190734863,9.119999885559082,8.989999771118164,9.069999694824219,1733500
2018-01-17,9.050000190734863,9.109999656677246,9.029999732971191,9.109999656677246,1342500
2018-01-18,8.9399995803833,9.029999732971191,8.899999618530273,9.029999732971191,1523000
2018-01-19,8.800000190734863,8.949999809265137,8.710000038146973,8.930000305175781,3131100
2018-01-22,8.729999542236328,8.800000190734863,8.670000076293945,8.770000457763672,2928500
2018-01-23,8.640000343322754,8.8100004196167,8.609999656677246,8.729999542236328,2105800
2018-01-24,8.539999961853027,8.670000076293945,8.489999771118164,8.649999618530273,2280000
2018-01-25,8.680000305175781,8.710000038146973,8.539999961853027,8.609999656677246,1753100
2018-01-26,8.739999771118164,8.75,8.680000305175781,8.75,1500600
2018-01-29,8.6899995803833,8.8100004196167,8.649999618530273,8.699999809265137,1355400
2018-01-30,8.609999656677246,8.65999984741211,8.529999732971191,8.569999694824219,1608200
2018-01-31,8.579999923706055,8.6899995803833,8.510000228881836,8.609999656677246,1520500
2018-02-01,8.670000076293945,8.6899995803833,8.510000228881836,8.539999961853027,2368300
2018-02-02,10.0,10.5,9.649999618530273,9.90999984741211,12659400
2018-02-05,9.699999809265137,10.210000038146973,9.630000114440918,10.180000305175781,5586300
2018-02-06,9.989999771118164,10.09000015258789,9.5,9.5,4926800
2018-02-07,9.829999923706055,10.149999618530273,9.680000305175781,9.989999771118164,4861300
2018-02-08,9.770000457763672,10.0,9.670000076293945,9.90999984741211,3521500
2018-02-09,9.699999809265137,9.920000076293945,9.40999984741211,9.880000114440918,3649700
2018-02-12,9.720000267028809,9.760000228881836,9.4399995803833,9.739999771118164,2224800
2018-02-13,9.720000267028809,9.739999771118164,9.630000114440918,9.65999984741211,1629300
2018-02-14,9.670000076293945,9.800000190734863,9.579999923706055,9.649999618530273,1563500
2018-02-15,9.699999809265137,9.720000267028809,9.5600004196167,9.720000267028809,1162900
2018-02-16,9.930000305175781,9.979999542236328,9.739999771118164,9.739999771118164,2759200
2018-02-20,9.859999656677246,9.9399995803833,9.819999694824219,9.869999885559082,1488100
2018-02-21,9.8100004196167,9.920000076293945,9.75,9.899999618530273,1408200
2018-02-22,9.65999984741211,9.829999923706055,9.609999656677246,9.800000190734863,1450500
2018-02-23,9.760000228881836,9.760000228881836,9.59000015258789,9.729999542236328,852900
2018-02-26,9.949999809265137,10.0,9.720000267028809,9.75,2030100
2018-02-27,9.789999961853027,10.020000457763672,9.739999771118164,9.970000267028809,1153600
2018-02-28,9.619999885559082,9.90999984741211,9.609999656677246,9.789999961853027,1822200
2018-03-01,9.59000015258789,9.739999771118164,9.520000457763672,9.640000343322754,1317700
2018-03-02,9.789999961853027,9.819999694824219,9.5,9.510000228881836,2119800
2018-03-05,10.050000190734863,10.119999885559082,9.5,9.729999542236328,2472700
2018-03-06,10.239999771118164,10.300000190734863,10.100000381469727,10.140000343322754,3770600
2018-03-07,10.260000228881836,10.329999923706055,10.050000190734863,10.210000038146973,3158800
2018-03-08,10.489999771118164,10.529999732971191,10.1899995803833,10.25,4249500
2018-03-09,10.640000343322754,10.640000343322754,10.329999923706055,10.5,2932500
2018-03-12,10.539999961853027,10.890000343322754,10.529999732971191,10.789999961853027,2917200
2018-03-13,10.319999694824219,10.890000343322754,10.279999732971191,10.789999961853027,1957700
2018-03-14,10.149999618530273,10.359999656677246,10.140000343322754,10.359999656677246,1828800
2018-03-15,10.100000381469727,10.199999809265137,10.050000190734863,10.140000343322754,1784400
2018-03-16,10.109999656677246,10.149999618530273,10.010000228881836,10.069999694824219,2942000
2018-03-19,10.079999923706055,10.140000343322754,9.920000076293945,10.109999656677246,1914400
2018-03-20,10.1899995803833,10.25,10.119999885559082,10.119999885559082,1733600
2018-03-21,10.100000381469727,10.210000038146973,10.069999694824219,10.170000076293945,1222400
2018-03-22,9.859999656677246,10.079999923706055,9.859999656677246,10.029999732971191,1576800
2018-03-23,9.6899995803833,9.9399995803833,9.6899995803833,9.90999984741211,2119100
2018-03-26,9.84000015258789,9.859999656677246,9.649999618530273,9.649999618530273,1805300
2018-03-27,9.630000114440918,9.9399995803833,9.569999694824219,9.859999656677246,3900900
2018-03-28,9.479999542236328,9.670000076293945,9.359999656677246,9.670000076293945,3509100
2018-03-29,9.720000267028809,9.800000190734863,9.479999542236328,9.539999961853027,1760700
2018-04-02,9.59000015258789,9.800000190734863,9.520000457763672,9.729999542236328,1692600
2018-04-03,9.489999771118164,9.670000076293945,9.4399995803833,9.649999618530273,1623400
2018-04-04,9.65999984741211,9.720000267028809,9.359999656677246,9.380000114440918,1697900
2018-04-05,9.760000228881836,9.770000457763672,9.619999885559082,9.75,1212800
2018-04-06,9.649999618530273,9.800000190734863,9.569999694824219,9.710000038146973,1811700
2018-04-09,9.670000076293945,9.819999694824219,9.609999656677246,9.710000038146973,1056000
2018-04-10,9.970000267028809,10.0,9.760000228881836,9.760000228881836,1488400
2018-04-11,10.210000038146973,10.229999542236328,9.539999961853027,9.90999984741211,2372600
2018-04-12,10.369999885559082,10.4399995803833,10.1899995803833,10.25,2892100
2018-04-13,10.350000381469727,10.40999984741211,10.229999542236328,10.399999618530273,1276700
2018-04-16,10.039999961853027,10.350000381469727,9.960000038146973,10.350000381469727,1776300
2018-04-17,10.239999771118164,10.289999961853027,10.039999961853027,10.050000190734863,2041900
2018-04-18,10.170000076293945,10.270000457763672,10.119999885559082,10.210000038146973,1026000
2018-04-19,10.100000381469727,10.15999984741211,10.039999961853027,10.15999984741211,496300
2018-04-20,10.069999694824219,10.210000038146973,10.0,10.100000381469727,1150000
2018-04-23,9.979999542236328,10.220000267028809,9.930000305175781,10.109999656677246,1136400
2018-04-24,9.90999984741211,10.109999656677246,9.779999732971191,10.020000457763672,1560100
2018-04-25,9.65999984741211,9.979999542236328,9.59000015258789,9.920000076293945,3123300
2018-04-26,9.770000457763672,9.789999961853027,9.59000015258789,9.6899995803833,2152400
2018-04-27,9.569999694824219,9.829999923706055,9.5,9.760000228881836,1692200
2018-04-30,9.449999809265137,9.779999732971191,9.390000343322754,9.539999961853027,1839200
2018-05-01,9.3100004196167,9.449999809265137,9.109999656677246,9.449999809265137,3106400
2018-05-02,9.619999885559082,9.729999542236328,9.369999885559082,9.369999885559082,3026700
2018-05-03,9.4399995803833,9.520000457763672,9.119999885559082,9.520000457763672,3792700
2018-05-04,9.859999656677246,10.170000076293945,9.75,10.140000343322754,6214600
2018-05-07,9.920000076293945,10.09000015258789,9.8100004196167,9.859999656677246,2453300
2018-05-08,10.09000015258789,10.25,9.979999542236328,10.220000267028809,2842100
2018-05-09,10.140000343322754,10.260000228881836,10.079999923706055,10.149999618530273,2135800
2018-05-10,9.890000343322754,10.100000381469727,9.84000015258789,10.100000381469727,2346000
2018-05-11,9.8100004196167,9.899999618530273,9.760000228881836,9.850000381469727,1328500
2018-05-14,9.920000076293945,9.989999771118164,9.819999694824219,9.859999656677246,2008000
2018-05-15,9.9399995803833,9.970000267028809,9.760000228881836,9.880000114440918,1690900
2018-05-16,10.0,10.0600004196167,9.880000114440918,9.930000305175781,3587600
2018-05-17,10.100000381469727,10.149999618530273,9.890000343322754,9.989999771118164,1156400
2018-05-18,10.069999694824219,10.210000038146973,10.020000457763672,10.140000343322754,1227600
2018-05-21,10.15999984741211,10.180000305175781,10.069999694824219,10.079999923706055,1288700
2018-05-22,10.140000343322754,10.319999694824219,10.140000343322754,10.199999809265137,1366300
2018-05-23,9.970000267028809,10.140000343322754,9.890000343322754,10.079999923706055,1766800
2018-05-24,9.869999885559082,10.069999694824219,9.8100004196167,9.949999809265137,1406600
2018-05-25,9.899999618530273,9.970000267028809,9.850000381469727,9.850000381469727,917400
2018-05-29,9.729999542236328,9.920000076293945,9.619999885559082,9.850000381469727,1870400
2018-05-30,9.640000343322754,9.819999694824219,9.609999656677246,9.729999542236328,1632100
2018-05-31,9.510000228881836,9.880000114440918,9.279999732971191,9.640000343322754,4355800
2018-06-01,9.770000457763672,9.850000381469727,9.5,9.569999694824219,5011300
2018-06-04,9.739999771118164,9.829999923706055,9.640000343322754,9.800000190734863,1484600
2018-06-05,9.84000015258789,9.90999984741211,9.699999809265137,9.760000228881836,2760700
2018-06-06,9.800000190734863,9.869999885559082,9.739999771118164,9.819999694824219,2163900
2018-06-07,9.8100004196167,9.949999809265137,9.760000228881836,9.819999694824219,2200600
2018-06-08,9.680000305175781,9.859999656677246,9.579999923706055,9.739999771118164,3953700
2018-06-11,9.819999694824219,9.829999923706055,9.640000343322754,9.670000076293945,1620600
2018-06-12,9.800000190734863,9.859999656677246,9.710000038146973,9.789999961853027,2584000
2018-06-13,9.789999961853027,9.90999984741211,9.699999809265137,9.800000190734863,1936900
2018-06-14,9.829999923706055,9.880000114440918,9.710000038146973,9.84000015258789,1545400
2018-06-15,9.84000015258789,9.850000381469727,9.510000228881836,9.789999961853027,3630700
2018-06-18,9.960000038146973,10.029999732971191,9.65999984741211,9.75,1910200
2018-06-19,10.050000190734863,10.0600004196167,9.829999923706055,9.84000015258789,2052500
2018-06-20,10.109999656677246,10.260000228881836,10.010000228881836,10.100000381469727,4445600
2018-06-21,10.0,10.170000076293945,9.899999618530273,10.100000381469727,2146200
2018-06-22,9.979999542236328,10.050000190734863,9.880000114440918,10.020000457763672,2397900
2018-06-25,9.819999694824219,9.949999809265137,9.789999961853027,9.9399995803833,1525100
2018-06-26,10.0,10.020000457763672,9.789999961853027,9.819999694824219,1393200
2018-06-27,9.9399995803833,10.109999656677246,9.920000076293945,10.0,2179700
2018-06-28,10.100000381469727,10.130000114440918,9.890000343322754,9.949999809265137,1474900
2018-06-29,10.239999771118164,10.300000190734863,10.09000015258789,10.109999656677246,2419600
2018-07-02,10.319999694824219,10.329999923706055,10.140000343322754,10.199999809265137,1669700
2018-07-03,10.010000228881836,10.319999694824219,9.930000305175781,10.319999694824219,1572300
2018-07-05,10.199999809265137,10.210000038146973,10.0,10.079999923706055,891500
2018-07-06,10.34000015258789,10.369999885559082,10.210000038146973,10.210000038146973,829600
2018-07-09,10.329999923706055,10.390000343322754,10.239999771118164,10.390000343322754,947300
2018-07-10,10.399999618530273,10.539999961853027,10.34000015258789,10.34000015258789,1812300
2018-07-11,10.399999618530273,10.40999984741211,10.239999771118164,10.390000343322754,1596300
2018-07-12,10.569999694824219,10.59000015258789,10.3100004196167,10.4399995803833,1592600
2018-07-13,10.460000038146973,10.630000114440918,10.40999984741211,10.5600004196167,835500
2018-07-16,10.460000038146973,10.600000381469727,10.430000305175781,10.449999809265137,964200
2018-07-17,10.479999542236328,10.609999656677246,10.4399995803833,10.460000038146973,1344300
2018-07-18,10.399999618530273,10.520000457763672,10.359999656677246,10.479999542236328,837100
2018-07-19,10.270000457763672,10.550000190734863,10.260000228881836,10.489999771118164,2798100
2018-07-20,10.319999694824219,10.390000343322754,10.020000457763672,10.229999542236328,1944400
2018-07-23,10.229999542236328,10.319999694824219,10.09000015258789,10.289999961853027,1002700
2018-07-24,10.180000305175781,10.399999618530273,10.130000114440918,10.260000228881836,1076800
2018-07-25,10.270000457763672,10.350000381469727,10.079999923706055,10.140000343322754,1402300
2018-07-26,10.329999923706055,10.369999885559082,10.260000228881836,10.260000228881836,909900
2018-07-27,10.100000381469727,10.34000015258789,10.050000190734863,10.329999923706055,1203000
2018-07-30,10.130000114440918,10.260000228881836,10.100000381469727,10.119999885559082,1326400
2018-07-31,10.119999885559082,10.25,10.069999694824219,10.100000381469727,1212400
2018-08-01,10.149999618530273,10.319999694824219,10.050000190734863,10.130000114440918,1915600
2018-08-02,10.100000381469727,10.210000038146973,10.020000457763672,10.109999656677246,1214800
2018-08-03,10.039999961853027,10.199999809265137,9.960000038146973,10.130000114440918,1999500
2018-08-06,10.329999923706055,10.369999885559082,10.0600004196167,10.0600004196167,2093300
2018-08-07,10.510000228881836,10.550000190734863,10.289999961853027,10.34000015258789,1563500
2018-08-08,10.430000305175781,10.579999923706055,10.319999694824219,10.510000228881836,1024400
2018-08-09,10.489999771118164,10.550000190734863,10.399999618530273,10.420000076293945,1031000
2018-08-10,10.609999656677246,10.619999885559082,10.399999618530273,10.4399995803833,2501700
2018-08-13,10.960000038146973,11.180000305175781,10.770000457763672,11.0,5989700
2018-08-14,10.930000305175781,11.109999656677246,10.90999984741211,11.050000190734863,5466800
2018-08-15,10.460000038146973,10.989999771118164,10.449999809265137,10.550000190734863,5793200
2018-08-16,10.989999771118164,11.119999885559082,10.489999771118164,10.550000190734863,3382500
2018-08-17,11.029999732971191,11.15999984741211,10.869999885559082,10.920000076293945,2262600
2018-08-20,11.010000228881836,11.050000190734863,10.90999984741211,11.029999732971191,1490500
2018-08-21,11.229999542236328,11.260000228881836,11.020000457763672,11.020000457763672,2464300
2018-08-22,11.34000015258789,11.40999984741211,11.220000267028809,11.220000267028809,1740400
2018-08-23,11.369999885559082,11.479999542236328,11.279999732971191,11.300000190734863,3025800
2018-08-24,11.470000267028809,11.510000228881836,11.34000015258789,11.430000305175781,2029100
2018-08-27,11.420000076293945,11.550000190734863,11.399999618530273,11.5,1535000
2018-08-28,11.479999542236328,11.5,11.380000114440918,11.430000305175781,790900
2018-08-29,11.479999542236328,11.550000190734863,11.449999809265137,11.470000267028809,1222600
2018-08-30,11.34000015258789,11.520000457763672,11.289999961853027,11.5,1723300
2018-08-31,11.199999809265137,11.390000343322754,11.1899995803833,11.270000457763672,2032400
2018-09-04,11.119999885559082,11.1899995803833,10.970000267028809,11.1899995803833,2135400
2018-09-05,10.960000038146973,11.119999885559082,10.90999984741211,11.119999885559082,1538100
2018-09-06,11.149999618530273,11.199999809265137,11.0,11.020000457763672,3170900
2018-09-07,11.300000190734863,11.350000381469727,11.119999885559082,11.15999984741211,3707500
2018-09-10,11.329999923706055,11.399999618530273,11.25,11.329999923706055,1891700
2018-09-11,11.25,11.300000190734863,11.210000038146973,11.279999732971191,1431200
2018-09-12,11.260000228881836,11.3100004196167,11.15999984741211,11.210000038146973,1761600
2018-09-13,11.300000190734863,11.369999885559082,11.199999809265137,11.279999732971191,1742800
2018-09-14,11.260000228881836,11.369999885559082,11.229999542236328,11.3100004196167,1037200
2018-09-17,11.220000267028809,11.289999961853027,11.180000305175781,11.25,1513100
2018-09-18,11.25,11.279999732971191,11.149999618530273,11.210000038146973,2531200
2018-09-19,11.130000114440918,11.289999961853027,11.039999961853027,11.279999732971191,1484600
2018-09-20,11.390000343322754,11.430000305175781,11.130000114440918,11.180000305175781,2145000
2018-09-21,11.25,11.479999542236328,11.210000038146973,11.430000305175781,3583800
2018-09-24,11.319999694824219,11.369999885559082,11.130000114440918,11.210000038146973,819200
2018-09-25,11.350000381469727,11.4399995803833,11.1899995803833,11.319999694824219,1434800
2018-09-26,11.220000267028809,11.390000343322754,11.210000038146973,11.369999885559082,1593700
2018-09-27,11.260000228881836,11.380000114440918,11.220000267028809,11.220000267028809,1879600
2018-09-28,11.34000015258789,11.390000343322754,11.220000267028809,11.229999542236328,2056300
2018-10-01,12.170000076293945,12.170000076293945,11.489999771118164,11.829999923706055,6445200
2018-10-02,12.319999694824219,12.630000114440918,12.149999618530273,12.329999923706055,5247000
2018-10-03,12.720000267028809,12.819999694824219,12.199999809265137,12.390000343322754,3974000
2018-10-04,12.569999694824219,12.789999961853027,12.479999542236328,12.640000343322754,2663800
2018-10-05,12.350000381469727,12.6899995803833,12.270000457763672,12.569999694824219,2487300
2018-10-08,12.199999809265137,12.380000114440918,12.100000381469727,12.350000381469727,1712800
2018-10-09,12.0600004196167,12.289999961853027,12.029999732971191,12.140000343322754,2002800
2018-10-10,11.75,12.0600004196167,11.720000267028809,12.020000457763672,2428400
2018-10-11,11.65999984741211,12.010000228881836,11.649999618530273,11.680000305175781,1824800
2018-10-12,11.649999618530273,11.84000015258789,11.520000457763672,11.84000015258789,1738200
2018-10-15,11.819999694824219,11.90999984741211,11.539999961853027,11.609999656677246,1738900
2018-10-16,12.25,12.270000457763672,11.779999732971191,11.850000381469727,3004600
2018-10-17,12.260000228881836,12.319999694824219,12.149999618530273,12.210000038146973,4623100
2018-10-18,12.140000343322754,12.3100004196167,12.079999923706055,12.260000228881836,1871200
2018-10-19,12.039999961853027,12.350000381469727,11.979999542236328,12.130000114440918,1820500
2018-10-22,11.930000305175781,12.149999618530273,11.899999618530273,12.109999656677246,2397600
2018-10-23,11.84000015258789,12.0,11.710000038146973,11.899999618530273,3360200
2018-10-24,11.529999732971191,11.979999542236328,11.510000228881836,11.8100004196167,1539700
2018-10-25,11.579999923706055,11.670000076293945,11.430000305175781,11.579999923706055,1766000
2018-10-26,11.289999961853027,11.489999771118164,11.079999923706055,11.420000076293945,2448500
2018-10-29,11.130000114440918,11.479999542236328,10.979999542236328,11.40999984741211,4655300
2018-10-30,11.380000114440918,11.399999618530273,10.949999809265137,11.079999923706055,2917000
2018-10-31,11.529999732971191,11.729999542236328,11.420000076293945,11.529999732971191,3540000
2018-11-01,11.819999694824219,11.869999885559082,11.510000228881836,11.550000190734863,2640500
2018-11-02,10.850000381469727,11.619999885559082,10.619999885559082,11.510000228881836,4689500
2018-11-05,10.829999923706055,10.890000343322754,10.59000015258789,10.800000190734863,2567400
2018-11-06,10.75,11.010000228881836,10.710000038146973,10.84000015258789,1498500
2018-11-07,11.020000457763672,11.100000381469727,10.75,10.819999694824219,2616700
2018-11-08,11.109999656677246,11.140000343322754,10.880000114440918,11.029999732971191,1800400
2018-11-09,11.15999984741211,11.289999961853027,11.0,11.15999984741211,3531900
2018-11-12,9.859999656677246,11.010000228881836,9.850000381469727,11.010000228881836,4296700
2018-11-13,9.819999694824219,10.029999732971191,9.579999923706055,9.800000190734863,3108900
2018-11-14,9.880000114440918,10.020000457763672,9.789999961853027,9.84000015258789,2103900
2018-11-15,10.050000190734863,10.0600004196167,9.789999961853027,9.880000114440918,1651300
2018-11-16,9.989999771118164,10.020000457763672,9.829999923706055,9.930000305175781,1670500
2018-11-19,9.569999694824219,9.979999542236328,9.550000190734863,9.930000305175781,2130700
2018-11-20,9.449999809265137,9.649999618530273,9.170000076293945,9.34000015258789,3248500
2018-11-21,9.489999771118164,9.699999809265137,9.380000114440918,9.520000457763672,2201800
2018-11-23,9.479999542236328,9.600000381469727,9.380000114440918,9.399999618530273,417100
2018-11-26,9.699999809265137,9.770000457763672,9.449999809265137,9.5600004196167,1936500
2018-11-27,9.640000343322754,9.869999885559082,9.600000381469727,9.649999618530273,1865500
2018-11-28,9.90999984741211,9.979999542236328,9.65999984741211,9.670000076293945,1914000
2018-11-29,10.069999694824219,10.229999542236328,9.859999656677246,9.890000343322754,2539700
2018-11-30,10.140000343322754,10.1899995803833,9.899999618530273,10.0,2036000
2018-12-03,10.430000305175781,10.430000305175781,10.119999885559082,10.25,1955100
2018-12-04,10.210000038146973,10.479999542236328,10.109999656677246,10.40999984741211,3999700
2018-12-06,10.65999984741211,10.670000076293945,9.800000190734863,9.899999618530273,3276700
2018-12-07,10.300000190734863,10.699999809265137,10.220000267028809,10.670000076293945,3541700
2018-12-10,10.300000190734863,10.430000305175781,10.149999618530273,10.289999961853027,2461600
2018-12-11,10.140000343322754,10.460000038146973,10.039999961853027,10.460000038146973,2039500
2018-12-12,10.3100004196167,10.399999618530273,10.140000343322754,10.279999732971191,2428700
2018-12-13,10.210000038146973,10.479999542236328,10.1899995803833,10.380000114440918,1932500
2018-12-14,10.109999656677246,10.289999961853027,10.039999961853027,10.050000190734863,1758800
2018-12-17,10.010000228881836,10.279999732971191,9.949999809265137,10.0600004196167,2094900
2018-12-18,9.979999542236328,10.229999542236328,9.960000038146973,10.15999984741211,1592600
2018-12-19,9.920000076293945,10.279999732971191,9.84000015258789,9.989999771118164,1824500
2018-12-20,9.829999923706055,10.119999885559082,9.710000038146973,9.880000114440918,2097100
2018-12-21,9.510000228881836,9.869999885559082,9.5,9.829999923706055,4672600
2018-12-24,9.350000381469727,9.550000190734863,9.319999694824219,9.470000267028809,1076400
2018-12-26,9.699999809265137,9.710000038146973,9.359999656677246,9.390000343322754,1300600
2018-12-27,9.84000015258789,9.850000381469727,9.510000228881836,9.5600004196167,1313800
2018-12-28,9.979999542236328,10.140000343322754,9.739999771118164,9.890000343322754,1210800
2018-12-31,10.050000190734863,10.0600004196167,9.800000190734863,10.010000228881836,1651800
2019-01-02,9.930000305175781,10.010000228881836,9.779999732971191,9.880000114440918,1574300
2019-01-03,9.630000114440918,9.8100004196167,9.529999732971191,9.75,1207600
2019-01-04,9.699999809265137,9.84000015258789,9.6899995803833,9.75,1736100
2019-01-07,9.890000343322754,9.979999542236328,9.699999809265137,9.699999809265137,1294100
2019-01-08,9.970000267028809,10.079999923706055,9.899999618530273,9.960000038146973,1376300
2019-01-09,10.199999809265137,10.479999542236328,9.899999618530273,9.970000267028809,2725500
2019-01-10,10.430000305175781,10.5,10.109999656677246,10.109999656677246,1737200
2019-01-11,10.5600004196167,10.619999885559082,10.380000114440918,10.380000114440918,1957100
2019-01-14,10.300000190734863,10.5,10.279999732971191,10.5,1454800
2019-01-15,10.4399995803833,10.539999961853027,10.319999694824219,10.329999923706055,2119100
2019-01-16,10.489999771118164,10.609999656677246,10.359999656677246,10.430000305175781,1447900
2019-01-17,10.59000015258789,10.609999656677246,10.359999656677246,10.460000038146973,1237700
2019-01-18,10.649999618530273,10.670000076293945,10.510000228881836,10.600000381469727,1295000
2019-01-22,10.5,10.609999656677246,10.359999656677246,10.569999694824219,1001500
2019-01-23,10.510000228881836,10.569999694824219,10.390000343322754,10.510000228881836,1492600
2019-01-24,10.84000015258789,10.859999656677246,10.529999732971191,10.539999961853027,1688400
2019-01-25,10.949999809265137,11.069999694824219,10.880000114440918,10.899999618530273,1657000
2019-01-28,10.90999984741211,11.069999694824219,10.789999961853027,10.880000114440918,1341100
2019-01-29,10.829999923706055,10.930000305175781,10.770000457763672,10.920000076293945,1073100
2019-01-30,10.869999885559082,10.880000114440918,10.65999984741211,10.829999923706055,1929000
2019-01-31,11.119999885559082,11.130000114440918,10.84000015258789,10.890000343322754,4467400
2019-02-01,10.979999542236328,11.199999809265137,10.970000267028809,11.109999656677246,1701400
2019-02-04,11.039999961853027,11.079999923706055,10.899999618530273,10.970000267028809,3539100
2019-02-05,10.920000076293945,11.170000076293945,10.890000343322754,11.09000015258789,3750100
2019-02-06,11.869999885559082,12.670000076293945,11.600000381469727,11.739999771118164,7049200
2019-02-07,11.770000457763672,12.0,11.6899995803833,11.859999656677246,4599300
2019-02-08,11.699999809265137,11.779999732971191,11.619999885559082,11.729999542236328,2678300
2019-02-11,11.970000267028809,11.970000267028809,11.710000038146973,11.710000038146973,3262300
2019-02-12,12.029999732971191,12.15999984741211,11.960000038146973,12.140000343322754,2640200
2019-02-13,12.0600004196167,12.109999656677246,12.010000228881836,12.050000190734863,1730000
2019-02-14,12.260000228881836,12.34000015258789,12.069999694824219,12.069999694824219,2888800
2019-02-15,12.800000190734863,12.800000190734863,12.199999809265137,12.319999694824219,4573000
2019-02-19,13.100000381469727,13.239999771118164,12.84000015258789,13.039999961853027,5886600
2019-02-20,13.140000343322754,13.319999694824219,13.09000015258789,13.149999618530273,2370100
2019-02-21,13.069999694824219,13.199999809265137,13.0,13.140000343322754,2192200
2019-02-22,13.34000015258789,13.399999618530273,13.140000343322754,13.170000076293945,3308200
2019-02-25,13.15999984741211,13.479999542236328,13.140000343322754,13.449999809265137,1885700
2019-02-26,13.15999984741211,13.260000228881836,13.029999732971191,13.069999694824219,2025800
2019-02-27,13.210000038146973,13.279999732971191,12.949999809265137,13.260000228881836,1924400
2019-02-28,13.130000114440918,13.270000457763672,13.100000381469727,13.149999618530273,1613100
2019-03-01,13.199999809265137,13.260000228881836,13.109999656677246,13.199999809265137,1180900
2019-03-04,13.210000038146973,13.34000015258789,13.119999885559082,13.229999542236328,1989300
2019-03-05,12.890000343322754,13.25,12.880000114440918,13.210000038146973,1295300
2019-03-06,12.65999984741211,12.90999984741211,12.609999656677246,12.890000343322754,1785700
2019-03-07,12.4399995803833,12.65999984741211,12.369999885559082,12.65999984741211,2003700
2019-03-08,12.350000381469727,12.489999771118164,12.210000038146973,12.3100004196167,1488300
2019-03-11,12.449999809265137,12.479999542236328,12.289999961853027,12.390000343322754,2334400
2019-03-12,12.369999885559082,12.479999542236328,12.359999656677246,12.449999809265137,1771400
2019-03-13,12.420000076293945,12.550000190734863,12.289999961853027,12.40999984741211,2369700
2019-03-14,12.229999542236328,12.40999984741211,12.149999618530273,12.40999984741211,2234500
2019-03-15,12.229999542236328,12.4399995803833,12.220000267028809,12.289999961853027,2459100
2019-03-18,12.149999618530273,12.359999656677246,12.130000114440918,12.229999542236328,2343200
2019-03-19,12.180000305175781,12.289999961853027,12.0600004196167,12.180000305175781,2998900
2019-03-20,12.010000228881836,12.199999809265137,11.890000343322754,12.1899995803833,1862400
2019-03-21,12.350000381469727,12.359999656677246,11.979999542236328,12.0,1524700
2019-03-22,12.119999885559082,12.3100004196167,12.039999961853027,12.260000228881836,2638500
2019-03-25,12.140000343322754,12.1899995803833,11.989999771118164,12.109999656677246,2382900
2019-03-26,12.180000305175781,12.34000015258789,12.130000114440918,12.199999809265137,1693600
2019-03-27,12.229999542236328,12.260000228881836,12.0,12.170000076293945,1075700
2019-03-28,12.40999984741211,12.479999542236328,12.1899995803833,12.279999732971191,2099600
2019-03-29,12.380000114440918,12.609999656677246,12.359999656677246,12.479999542236328,2336600
2019-04-01,12.529999732971191,12.5600004196167,12.34000015258789,12.40999984741211,2381500
2019-04-02,12.40999984741211,12.729999542236328,12.3100004196167,12.5600004196167,1848500
2019-04-03,12.5,12.600000381469727,12.399999618530273,12.470000267028809,1405500
2019-04-04,12.479999542236328,12.619999885559082,12.399999618530273,12.550000190734863,1013200
2019-04-05,12.470000267028809,12.550000190734863,12.430000305175781,12.479999542236328,1100400
2019-04-08,12.640000343322754,12.649999618530273,12.390000343322754,12.420000076293945,1026700
2019-04-09,12.670000076293945,12.819999694824219,12.579999923706055,12.600000381469727,1687800
2019-04-10,12.800000190734863,12.850000381469727,12.600000381469727,12.6899995803833,1344600
2019-04-11,12.789999961853027,12.829999923706055,12.680000305175781,12.8100004196167,1180600
2019-04-12,12.899999618530273,12.920000076293945,12.619999885559082,12.84000015258789,1878000
2019-04-15,12.829999923706055,13.020000457763672,12.819999694824219,12.949999809265137,1566700
2019-04-16,12.770000457763672,12.899999618530273,12.720000267028809,12.869999885559082,1780700
2019-04-17,12.819999694824219,12.899999618530273,12.699999809265137,12.859999656677246,1431500
2019-04-18,12.6899995803833,12.90999984741211,12.680000305175781,12.760000228881836,1728000
2019-04-22,12.859999656677246,12.930000305175781,12.670000076293945,12.930000305175781,1773300
2019-04-23,13.170000076293945,13.289999961853027,12.859999656677246,12.859999656677246,3484800
2019-04-24,13.180000305175781,13.380000114440918,13.130000114440918,13.15999984741211,2102900
2019-04-25,13.170000076293945,13.229999542236328,12.890000343322754,13.0600004196167,3271700
2019-04-26,13.239999771118164,13.25,13.039999961853027,13.109999656677246,2185600
2019-04-29,13.34000015258789,13.40999984741211,13.180000305175781,13.260000228881836,2020900
2019-04-30,13.300000190734863,13.380000114440918,13.09000015258789,13.369999885559082,4020500
2019-05-01,13.34000015258789,13.59000015258789,13.229999542236328,13.319999694824219,4024600
2019-05-02,13.25,13.40999984741211,13.050000190734863,13.229999542236328,3359500
2019-05-03,13.739999771118164,14.0,13.039999961853027,13.59000015258789,6098200
2019-05-06,13.75,13.869999885559082,13.3100004196167,13.4399995803833,3364200
2019-05-07,13.59000015258789,13.699999809265137,13.359999656677246,13.600000381469727,2577900
2019-05-08,13.5,13.680000305175781,13.4399995803833,13.579999923706055,2057700
2019-05-09,13.579999923706055,13.640000343322754,13.270000457763672,13.350000381469727,1968300
2019-05-10,13.640000343322754,13.710000038146973,13.34000015258789,13.510000228881836,1671700
2019-05-13,13.119999885559082,13.420000076293945,13.100000381469727,13.369999885559082,3439200
2019-05-14,13.279999732971191,13.449999809265137,13.0600004196167,13.119999885559082,2305600
2019-05-15,13.380000114440918,13.479999542236328,13.180000305175781,13.199999809265137,2070300
2019-05-16,13.270000457763672,13.539999961853027,13.260000228881836,13.4399995803833,4713700
2019-05-17,12.800000190734863,13.15999984741211,12.789999961853027,13.140000343322754,2216200
2019-05-20,12.520000457763672,12.75,12.479999542236328,12.649999618530273,2062500
2019-05-21,12.520000457763672,12.800000190734863,12.4399995803833,12.630000114440918,2878200
2019-05-22,12.350000381469727,12.550000190734863,12.319999694824219,12.479999542236328,2015600
2019-05-23,11.989999771118164,12.300000190734863,11.90999984741211,12.300000190734863,2031700
2019-05-24,12.170000076293945,12.210000038146973,12.010000228881836,12.09000015258789,2576400
2019-05-28,12.119999885559082,12.329999923706055,12.09000015258789,12.180000305175781,2558300
2019-05-29,11.970000267028809,12.149999618530273,11.920000076293945,12.050000190734863,4010900
2019-05-30,12.1899995803833,12.220000267028809,12.029999732971191,12.050000190734863,1956300
2019-05-31,12.050000190734863,12.180000305175781,12.010000228881836,12.100000381469727,1848600
2019-06-03,11.9399995803833,12.149999618530273,11.770000457763672,11.770000457763672,2519300
2019-06-04,12.229999542236328,12.260000228881836,12.010000228881836,12.069999694824219,1657800
2019-06-05,12.279999732971191,12.319999694824219,12.149999618530273,12.180000305175781,1529300
2019-06-06,12.670000076293945,12.699999809265137,12.300000190734863,12.34000015258789,2421800
2019-06-07,13.140000343322754,13.15999984741211,12.6899995803833,12.739999771118164,2897800
2019-06-10,13.180000305175781,13.420000076293945,13.140000343322754,13.199999809265137,2566900
2019-06-11,13.130000114440918,13.350000381469727,13.119999885559082,13.319999694824219,1815900
2019-06-12,13.050000190734863,13.149999618530273,12.960000038146973,13.119999885559082,1002600
2019-06-13,13.09000015258789,13.199999809265137,13.029999732971191,13.100000381469727,997100
2019-06-14,12.920000076293945,13.079999923706055,12.920000076293945,13.050000190734863,2451300
2019-06-17,12.989999771118164,13.15999984741211,12.899999618530273,12.899999618530273,1415900
2019-06-18,13.539999961853027,13.680000305175781,13.020000457763672,13.079999923706055,4723500
2019-06-19,13.649999618530273,13.670000076293945,13.470000267028809,13.59000015258789,1809700
2019-06-20,13.630000114440918,13.899999618530273,13.550000190734863,13.75,3105600
2019-06-21,13.600000381469727,13.710000038146973,13.510000228881836,13.569999694824219,2230100
2019-06-24,13.300000190734863,13.729999542236328,13.210000038146973,13.59000015258789,2467900
2019-06-25,13.229999542236328,13.449999809265137,13.149999618530273,13.300000190734863,2015200
2019-06-26,13.1899995803833,13.470000267028809,13.15999984741211,13.329999923706055,1745400
2019-06-27,13.300000190734863,13.369999885559082,13.1899995803833,13.289999961853027,2387800
2019-06-28,13.289999961853027,13.390000343322754,13.199999809265137,13.3100004196167,8878200
2019-07-01,13.979999542236328,14.020000457763672,13.680000305175781,13.75,3107800
2019-07-02,14.050000190734863,14.180000305175781,13.949999809265137,14.020000457763672,3110900
2019-07-03,14.199999809265137,14.220000267028809,13.960000038146973,14.100000381469727,1461200
2019-07-05,14.079999923706055,14.130000114440918,13.970000267028809,14.100000381469727,1268000
2019-07-08,13.84000015258789,14.020000457763672,13.789999961853027,13.989999771118164,1204300
2019-07-09,14.1899995803833,14.210000038146973,13.869999885559082,13.979999542236328,2294900
2019-07-10,14.279999732971191,14.390000343322754,14.15999984741211,14.260000228881836,1394000
2019-07-11,14.34000015258789,14.489999771118164,14.270000457763672,14.329999923706055,1681600
2019-07-12,14.579999923706055,14.670000076293945,14.359999656677246,14.380000114440918,1799400
2019-07-15,14.640000343322754,14.65999984741211,14.479999542236328,14.640000343322754,1602900
2019-07-16,14.640000343322754,14.859999656677246,14.569999694824219,14.670000076293945,1659800
2019-07-17,14.380000114440918,14.670000076293945,14.319999694824219,14.609999656677246,2640100
2019-07-18,14.390000343322754,14.449999809265137,14.25,14.369999885559082,1288900
2019-07-19,14.260000228881836,14.640000343322754,14.239999771118164,14.399999618530273,1672300
2019-07-22,14.289999961853027,14.40999984741211,14.239999771118164,14.279999732971191,576100
2019-07-23,14.449999809265137,14.539999961853027,14.199999809265137,14.239999771118164,1148800
2019-07-24,14.65999984741211,14.670000076293945,14.369999885559082,14.369999885559082,2098800
2019-07-25,14.489999771118164,14.800000190734863,14.460000038146973,14.75,954200
2019-07-26,14.729999542236328,14.75,14.489999771118164,14.550000190734863,2508300
2019-07-29,14.739999771118164,14.8100004196167,14.640000343322754,14.739999771118164,1564300
2019-07-30,14.680000305175781,14.800000190734863,14.5600004196167,14.670000076293945,1859800
2019-07-31,14.670000076293945,14.949999809265137,14.539999961853027,14.710000038146973,2006900
2019-08-01,14.449999809265137,14.779999732971191,14.40999984741211,14.699999809265137,2106500
2019-08-02,13.9399995803833,14.289999961853027,13.890000343322754,14.289999961853027,2367400
2019-08-05,13.59000015258789,13.779999732971191,13.399999618530273,13.649999618530273,1866400
2019-08-06,13.9399995803833,13.960000038146973,13.569999694824219,13.649999618530273,1569900
2019-08-07,14.020000457763672,14.079999923706055,13.670000076293945,13.6899995803833,1227000
2019-08-08,14.520000457763672,14.550000190734863,14.180000305175781,14.180000305175781,1172400
2019-08-09,14.199999809265137,14.529999732971191,14.199999809265137,14.529999732971191,1377600
2019-08-12,14.100000381469727,14.359999656677246,13.979999542236328,14.100000381469727,1317900
2019-08-13,14.380000114440918,14.479999542236328,13.920000076293945,14.050000190734863,983600
2019-08-14,14.140000343322754,14.25,13.979999542236328,14.130000114440918,1665100
2019-08-15,13.600000381469727,14.069999694824219,13.279999732971191,14.039999961853027,4947500
2019-08-16,13.770000457763672,14.25,12.859999656677246,14.149999618530273,6882300
2019-08-19,14.279999732971191,14.449999809265137,13.84000015258789,13.84000015258789,3268300
2019-08-20,13.920000076293945,14.270000457763672,13.90999984741211,14.270000457763672,1394800
2019-08-21,13.880000114440918,14.180000305175781,13.850000381469727,14.140000343322754,869100
2019-08-22,13.760000228881836,13.970000267028809,13.739999771118164,13.890000343322754,1192800
2019-08-23,13.359999656677246,13.760000228881836,13.34000015258789,13.670000076293945,1493000
2019-08-26,13.470000267028809,13.5600004196167,13.40999984741211,13.4399995803833,1135900
2019-08-27,13.430000305175781,13.670000076293945,13.399999618530273,13.649999618530273,1198100
2019-08-28,13.640000343322754,13.649999618530273,13.279999732971191,13.34000015258789,1136700
2019-08-29,13.930000305175781,14.0,13.6899995803833,13.75,1117800
2019-08-30,13.890000343322754,13.949999809265137,13.609999656677246,13.949999809265137,1647900
2019-09-03,13.90999984741211,13.960000038146973,13.739999771118164,13.859999656677246,1653000
2019-09-04,14.039999961853027,14.300000190734863,13.970000267028809,14.0,2180500
2019-09-05,14.170000076293945,14.3100004196167,14.039999961853027,14.140000343322754,1734800
2019-09-06,14.109999656677246,14.329999923706055,14.109999656677246,14.220000267028809,974600
2019-09-09,13.930000305175781,14.270000457763672,13.84000015258789,14.220000267028809,1300100
2019-09-10,14.109999656677246,14.140000343322754,13.670000076293945,13.90999984741211,1901500
2019-09-11,14.850000381469727,15.0,13.960000038146973,14.119999885559082,6258400
2019-09-12,14.390000343322754,15.170000076293945,14.199999809265137,15.149999618530273,5128900
2019-09-13,14.819999694824219,14.859999656677246,14.479999542236328,14.619999885559082,3631200
2019-09-16,14.84000015258789,15.0,14.720000267028809,14.729999542236328,1886700
2019-09-17,14.850000381469727,15.050000190734863,14.760000228881836,14.789999961853027,2023300
2019-09-18,14.609999656677246,14.880000114440918,14.510000228881836,14.869999885559082,1764000
2019-09-19,14.529999732971191,14.880000114440918,14.510000228881836,14.609999656677246,1353700
2019-09-20,14.65999984741211,14.75,14.489999771118164,14.579999923706055,2823100
2019-09-23,14.699999809265137,14.789999961853027,14.510000228881836,14.59000015258789,1759400
2019-09-24,14.239999771118164,14.800000190734863,14.229999542236328,14.75,2773000
2019-09-25,14.5600004196167,14.630000114440918,14.140000343322754,14.260000228881836,1973200
2019-09-26,14.239999771118164,14.579999923706055,14.210000038146973,14.510000228881836,1713400
2019-09-27,14.09000015258789,14.399999618530273,14.079999923706055,14.319999694824219,2089500
2019-09-30,14.010000228881836,14.149999618530273,13.890000343322754,14.09000015258789,1816500
2019-10-01,13.5600004196167,14.25,13.5,14.010000228881836,1924300
2019-10-02,13.430000305175781,13.5600004196167,13.3100004196167,13.479999542236328,1665100
2019-10-03,13.369999885559082,13.5,13.0600004196167,13.369999885559082,1122200
2019-10-04,13.739999771118164,13.819999694824219,13.359999656677246,13.399999618530273,1975100
2019-10-07,13.779999732971191,13.90999984741211,13.65999984741211,13.680000305175781,1674600
2019-10-08,13.619999885559082,13.829999923706055,13.5,13.710000038146973,1267100
2019-10-09,13.819999694824219,13.930000305175781,13.670000076293945,13.699999809265137,1351200
2019-10-10,13.979999542236328,14.0600004196167,13.699999809265137,13.8100004196167,1458800
2019-10-11,14.380000114440918,14.550000190734863,14.010000228881836,14.199999809265137,2049200
2019-10-14,14.369999885559082,14.529999732971191,14.3100004196167,14.390000343322754,873400
2019-10-15,14.600000381469727,14.739999771118164,14.430000305175781,14.449999809265137,2422100
2019-10-16,14.760000228881836,14.8100004196167,14.600000381469727,14.619999885559082,1946800
2019-10-17,14.84000015258789,14.9399995803833,14.529999732971191,14.890000343322754,1536200
2019-10-18,14.829999923706055,15.069999694824219,14.6899995803833,14.829999923706055,1578300
2019-10-21,15.0600004196167,15.1899995803833,14.899999618530273,14.920000076293945,1937600
2019-10-22,15.1899995803833,15.260000228881836,15.09000015258789,15.119999885559082,1747300
2019-10-23,15.039999961853027,15.210000038146973,14.979999542236328,15.210000038146973,811900
2019-10-24,14.84000015258789,15.09000015258789,14.770000457763672,15.0600004196167,1148200
2019-10-25,14.819999694824219,14.930000305175781,14.75,14.760000228881836,2145200
2019-10-28,14.850000381469727,15.050000190734863,14.770000457763672,14.880000114440918,2530100
2019-10-29,14.6899995803833,14.890000343322754,14.670000076293945,14.800000190734863,2055600
2019-10-30,14.890000343322754,14.890000343322754,14.670000076293945,14.739999771118164,2994400
2019-10-31,15.960000038146973,15.979999542236328,15.279999732971191,15.4399995803833,4064800
2019-11-01,16.110000610351562,16.170000076293945,15.720000267028809,15.920000076293945,2839000
2019-11-04,15.770000457763672,16.350000381469727,15.75,16.239999771118164,2188100
2019-11-05,15.8100004196167,15.960000038146973,15.65999984741211,15.829999923706055,2426100
2019-11-06,15.920000076293945,15.920000076293945,15.739999771118164,15.850000381469727,1379400
2019-11-07,15.829999923706055,16.1200008392334,15.779999732971191,16.0,1455700
2019-11-08,15.880000114440918,15.899999618530273,15.760000228881836,15.819999694824219,1471600
2019-11-11,15.890000343322754,15.90999984741211,15.699999809265137,15.729999542236328,727200
2019-11-12,15.670000076293945,15.920000076293945,15.649999618530273,15.90999984741211,1221200
2019-11-13,15.710000038146973,15.739999771118164,15.420000076293945,15.5600004196167,2037900
2019-11-14,15.59000015258789,15.729999542236328,15.550000190734863,15.65999984741211,825800
2019-11-15,15.779999732971191,15.829999923706055,15.579999923706055,15.699999809265137,1262000
2019-11-18,15.739999771118164,15.779999732971191,15.600000381469727,15.720000267028809,1586200
2019-11-19,15.720000267028809,15.819999694824219,15.649999618530273,15.819999694824219,1691400
2019-11-20,15.470000267028809,15.760000228881836,15.380000114440918,15.670000076293945,1579100
2019-11-21,15.15999984741211,15.550000190734863,15.130000114440918,15.470000267028809,1207300
2019-11-22,14.920000076293945,15.229999542236328,14.899999618530273,15.210000038146973,1928000
2019-11-25,15.289999961853027,15.399999618530273,14.960000038146973,14.989999771118164,1475700
2019-11-26,15.170000076293945,15.380000114440918,15.130000114440918,15.260000228881836,1583100
2019-11-27,15.210000038146973,15.319999694824219,15.180000305175781,15.270000457763672,891500
2019-11-29,15.020000457763672,15.199999809265137,15.0,15.140000343322754,669900
2019-12-02,14.630000114440918,15.020000457763672,14.420000076293945,15.0,3351600
2019-12-03,14.579999923706055,14.670000076293945,14.319999694824219,14.430000305175781,2176900
2019-12-04,14.569999694824219,14.75,14.520000457763672,14.640000343322754,1850100
2019-12-05,14.75,14.84000015258789,14.470000267028809,14.539999961853027,2622500
2019-12-06,14.930000305175781,14.970000267028809,14.760000228881836,14.829999923706055,2525500
2019-12-09,14.670000076293945,15.029999732971191,14.670000076293945,14.9399995803833,1458600
2019-12-10,14.600000381469727,14.779999732971191,14.539999961853027,14.65999984741211,1493000
2019-12-11,14.720000267028809,14.729999542236328,14.520000457763672,14.65999984741211,1309900
2019-12-12,15.100000381469727,15.15999984741211,14.75,14.75,2350300
2019-12-13,14.9399995803833,15.300000190734863,14.890000343322754,15.100000381469727,1005100
2019-12-16,15.029999732971191,15.220000267028809,14.989999771118164,15.010000228881836,1226100
2019-12-17,14.899999618530273,15.149999618530273,14.720000267028809,15.010000228881836,1834400
2019-12-18,14.770000457763672,15.0,14.510000228881836,15.0,2655700
2019-12-19,15.359999656677246,15.399999618530273,14.729999542236328,14.729999542236328,2667200
2019-12-20,15.25,15.390000343322754,15.220000267028809,15.390000343322754,2617400
2019-12-23,15.239999771118164,15.359999656677246,15.100000381469727,15.260000228881836,973000
2019-12-24,15.300000190734863,15.300000190734863,15.180000305175781,15.25,432000
2019-12-26,15.289999961853027,15.390000343322754,15.180000305175781,15.3100004196167,847100
2019-12-27,15.119999885559082,15.470000267028809,15.09000015258789,15.300000190734863,838800
2019-12-30,15.140000343322754,15.25,14.930000305175781,15.119999885559082,826800
2019-12-31,15.0,15.260000228881836,14.989999771118164,15.050000190734863,1004900
2020-01-02,15.3100004196167,15.319999694824219,15.050000190734863,15.220000267028809,941600
2020-01-03,15.069999694824219,15.210000038146973,15.0,15.020000457763672,1905900
2020-01-06,14.979999542236328,15.100000381469727,14.859999656677246,14.960000038146973,1573400
2020-01-07,15.270000457763672,15.300000190734863,14.869999885559082,14.989999771118164,2005200
2020-01-08,15.550000190734863,15.75,15.180000305175781,15.239999771118164,2039200
2020-01-09,15.34000015258789,15.699999809265137,15.319999694824219,15.699999809265137,1652100
2020-01-10,15.119999885559082,15.34000015258789,14.989999771118164,15.34000015258789,1663600
2020-01-13,15.199999809265137,15.350000381469727,15.180000305175781,15.220000267028809,2191600
2020-01-14,15.170000076293945,15.350000381469727,15.010000228881836,15.25,2057100
2020-01-15,15.6899995803833,15.739999771118164,15.130000114440918,15.170000076293945,3794000
2020-01-16,15.880000114440918,16.100000381469727,15.710000038146973,15.880000114440918,2021100
2020-01-17,15.680000305175781,16.020000457763672,15.520000457763672,16.020000457763672,2648000
2020-01-21,15.729999542236328,16.06999969482422,15.520000457763672,15.5600004196167,4252500
2020-01-22,15.569999694824219,15.869999885559082,15.569999694824219,15.829999923706055,1530600
2020-01-23,15.770000457763672,15.789999961853027,15.430000305175781,15.609999656677246,1994300
2020-01-24,15.760000228881836,15.899999618530273,15.59000015258789,15.8100004196167,2014300
2020-01-27,15.369999885559082,15.5,15.239999771118164,15.430000305175781,1307600
2020-01-28,15.40999984741211,15.5,15.279999732971191,15.399999618530273,1961000
2020-01-29,14.710000038146973,15.550000190734863,14.640000343322754,15.489999771118164,3163300
2020-01-30,14.630000114440918,14.859999656677246,14.34000015258789,14.65999984741211,2081100
2020-01-31,14.100000381469727,14.579999923706055,14.029999732971191,14.539999961853027,2898400
2020-02-03,14.40999984741211,14.5,14.100000381469727,14.100000381469727,3791300
2020-02-04,14.779999732971191,14.960000038146973,14.520000457763672,14.630000114440918,3392800
2020-02-05,15.199999809265137,16.09000015258789,14.949999809265137,15.479999542236328,4146900
2020-02-06,14.819999694824219,15.319999694824219,14.8100004196167,15.279999732971191,2165600
2020-02-07,14.380000114440918,14.789999961853027,14.289999961853027,14.789999961853027,2082900
2020-02-10,14.430000305175781,14.510000228881836,14.239999771118164,14.34000015258789,2295700
2020-02-11,14.710000038146973,14.859999656677246,14.460000038146973,14.489999771118164,1385300
2020-02-12,14.779999732971191,14.899999618530273,14.680000305175781,14.8100004196167,1681600
2020-02-13,14.65999984741211,14.770000457763672,14.510000228881836,14.739999771118164,1184500
2020-02-14,14.430000305175781,14.65999984741211,14.239999771118164,14.630000114440918,1893800
2020-02-18,14.180000305175781,14.380000114440918,14.039999961853027,14.369999885559082,1547600
2020-02-19,14.100000381469727,14.279999732971191,14.050000190734863,14.210000038146973,3435900
2020-02-20,14.40999984741211,14.4399995803833,14.09000015258789,14.109999656677246,3058400
2020-02-21,14.180000305175781,14.399999618530273,14.039999961853027,14.369999885559082,2469400
2020-02-24,13.699999809265137,13.869999885559082,13.489999771118164,13.6899995803833,2408500
2020-02-25,13.40999984741211,13.760000228881836,13.260000228881836,13.710000038146973,3388300
2020-02-26,13.680000305175781,14.0600004196167,13.5,13.539999961853027,3351900
2020-02-27,13.039999961853027,13.600000381469727,13.029999732971191,13.260000228881836,2984700
2020-02-28,13.1899995803833,13.4399995803833,12.5,12.569999694824219,4513300
2020-03-02,13.550000190734863,13.579999923706055,13.0,13.239999771118164,2302100
2020-03-03,13.1899995803833,13.800000190734863,13.100000381469727,13.510000228881836,3203400
2020-03-04,13.619999885559082,13.640000343322754,13.149999618530273,13.420000076293945,1324600
2020-03-05,13.109999656677246,13.5,12.979999542236328,13.260000228881836,2130700
2020-03-06,13.09000015258789,13.359999656677246,12.600000381469727,12.699999809265137,3739900
2020-03-09,12.600000381469727,13.109999656677246,12.319999694824219,12.34000015258789,4834000
2020-03-10,12.710000038146973,13.0600004196167,12.380000114440918,12.949999809265137,5939100
2020-03-11,12.010000228881836,12.619999885559082,11.829999923706055,12.430000305175781,2334200
2020-03-12,10.119999885559082,11.390000343322754,10.09000015258789,11.390000343322754,3583000
2020-03-13,11.220000267028809,11.220000267028809,10.039999961853027,10.619999885559082,3224200
2020-03-16,9.90999984741211,10.40999984741211,8.079999923706055,8.520000457763672,3528300
2020-03-17,10.40999984741211,10.729999542236328,9.550000190734863,10.15999984741211,4336600
2020-03-18,9.0,10.350000381469727,8.949999809265137,9.720000267028809,4477700
2020-03-19,9.869999885559082,10.149999618530273,8.529999732971191,8.949999809265137,3767600
2020-03-20,9.710000038146973,10.75,9.630000114440918,9.989999771118164,3968100
2020-03-23,9.899999618530273,10.34000015258789,9.350000381469727,9.90999984741211,3521600
2020-03-24,10.9399995803833,10.979999542236328,10.260000228881836,10.399999618530273,2223700
2020-03-25,11.229999542236328,11.649999618530273,10.729999542236328,10.949999809265137,3685300
2020-03-26,11.770000457763672,11.859999656677246,11.229999542236328,11.390000343322754,2589800
2020-03-27,11.0600004196167,11.5600004196167,11.029999732971191,11.350000381469727,2112200
2020-03-30,11.369999885559082,11.399999618530273,10.770000457763672,11.109999656677246,2128900
2020-03-31,11.210000038146973,11.460000038146973,11.010000228881836,11.300000190734863,1854100
2020-04-01,10.670000076293945,11.09000015258789,10.5,10.890000343322754,2036800
2020-04-02,10.630000114440918,10.880000114440918,10.3100004196167,10.630000114440918,1955000
2020-04-03,10.319999694824219,10.680000305175781,10.199999809265137,10.550000190734863,1530300
2020-04-06,11.210000038146973,11.319999694824219,10.59000015258789,10.770000457763672,2443400
2020-04-07,11.34000015258789,11.770000457763672,11.260000228881836,11.579999923706055,1871800
2020-04-08,11.789999961853027,11.9399995803833,11.399999618530273,11.569999694824219,1908600
2020-04-09,11.9399995803833,12.130000114440918,11.670000076293945,12.050000190734863,2545200
2020-04-13,11.770000457763672,11.920000076293945,11.550000190734863,11.84000015258789,1399900
2020-04-14,12.069999694824219,12.279999732971191,11.920000076293945,12.09000015258789,1004000
2020-04-15,11.529999732971191,11.760000228881836,11.479999542236328,11.630000114440918,1721700
2020-04-16,11.65999984741211,11.6899995803833,11.270000457763672,11.569999694824219,2170800
2020-04-17,11.789999961853027,12.109999656677246,11.65999984741211,11.960000038146973,1994800
2020-04-20,11.65999984741211,11.859999656677246,11.529999732971191,11.529999732971191,1719200
2020-04-21,11.279999732971191,11.470000267028809,11.15999984741211,11.3100004196167,1633500
2020-04-22,11.680000305175781,11.770000457763672,11.390000343322754,11.539999961853027,1743200
2020-04-23,11.760000228881836,11.899999618530273,11.550000190734863,11.720000267028809,2023800
2020-04-24,11.899999618530273,11.949999809265137,11.75,11.90999984741211,1277300
2020-04-27,12.350000381469727,12.470000267028809,11.930000305175781,11.970000267028809,3143700
2020-04-28,12.069999694824219,12.640000343322754,12.0600004196167,12.609999656677246,2633000
2020-04-29,12.5,12.619999885559082,12.199999809265137,12.430000305175781,2905500
2020-04-30,12.079999923706055,12.319999694824219,12.010000228881836,12.319999694824219,1724200
2020-05-01,11.829999923706055,11.880000114440918,11.569999694824219,11.8100004196167,2544700
2020-05-04,11.829999923706055,11.970000267028809,11.630000114440918,11.75,2542500
2020-05-05,12.130000114440918,12.359999656677246,11.84000015258789,11.979999542236328,1822700
2020-05-06,11.899999618530273,12.350000381469727,11.859999656677246,12.149999618530273,2763200
2020-05-07,11.710000038146973,12.0,11.039999961853027,11.760000228881836,5286300
2020-05-08,12.319999694824219,12.350000381469727,11.890000343322754,11.930000305175781,3371700
2020-05-11,11.869999885559082,12.220000267028809,11.829999923706055,12.180000305175781,2289500
2020-05-12,11.220000267028809,11.989999771118164,11.210000038146973,11.920000076293945,3256400
2020-05-13,10.84000015258789,11.380000114440918,10.720000267028809,11.140000343322754,1975400
2020-05-14,10.680000305175781,10.75,10.460000038146973,10.640000343322754,2790100
2020-05-15,10.720000267028809,10.829999923706055,10.4399995803833,10.670000076293945,3113600
2020-05-18,11.289999961853027,11.460000038146973,11.0,11.029999732971191,2574100
2020-05-19,11.199999809265137,11.430000305175781,11.149999618530273,11.300000190734863,2147600
2020-05-20,11.449999809265137,11.470000267028809,11.180000305175781,11.380000114440918,4153100
2020-05-21,11.130000114440918,11.550000190734863,11.109999656677246,11.479999542236328,2659400
2020-05-22,11.390000343322754,11.40999984741211,11.0600004196167,11.199999809265137,1198300
2020-05-26,11.579999923706055,11.880000114440918,11.550000190734863,11.800000190734863,2135600
2020-05-27,11.899999618530273,11.930000305175781,11.510000228881836,11.720000267028809,1703100
2020-05-28,11.520000457763672,12.09000015258789,11.5,12.09000015258789,1770100
2020-05-29,11.59000015258789,11.65999984741211,11.329999923706055,11.449999809265137,2565900
2020-06-01,12.319999694824219,12.489999771118164,12.010000228881836,12.489999771118164,3862700
2020-06-02,12.210000038146973,12.460000038146973,12.170000076293945,12.369999885559082,1693900
2020-06-03,12.869999885559082,12.970000267028809,12.260000228881836,12.34000015258789,2395900
2020-06-04,12.680000305175781,13.039999961853027,12.5600004196167,12.75,1914900
2020-06-05,13.119999885559082,13.279999732971191,12.960000038146973,13.010000228881836,2517900
2020-06-08,13.149999618530273,13.239999771118164,12.970000267028809,13.170000076293945,2070200
2020-06-09,13.220000267028809,13.380000114440918,12.899999618530273,13.029999732971191,2261500
2020-06-10,13.180000305175781,13.479999542236328,13.170000076293945,13.199999809265137,2808400
2020-06-11,12.489999771118164,12.84000015258789,12.470000267028809,12.75,2851100
2020-06-12,12.720000267028809,13.029999732971191,12.380000114440918,12.960000038146973,2060800
2020-06-15,12.989999771118164,13.079999923706055,12.380000114440918,12.729999542236328,2321500
2020-06-16,13.289999961853027,13.640000343322754,13.010000228881836,13.449999809265137,3291000
2020-06-17,13.039999961853027,13.399999618530273,13.020000457763672,13.399999618530273,2219700
2020-06-18,12.84000015258789,13.0600004196167,12.8100004196167,13.0,2253400
2020-06-19,13.0,13.210000038146973,12.789999961853027,13.029999732971191,4045900
2020-06-22,12.960000038146973,13.020000457763672,12.680000305175781,12.9399995803833,1787000
2020-06-23,12.819999694824219,13.119999885559082,12.8100004196167,13.050000190734863,1608300
2020-06-24,12.329999923706055,12.760000228881836,12.270000457763672,12.699999809265137,2593800
2020-06-25,12.380000114440918,12.460000038146973,12.069999694824219,12.279999732971191,3500200
2020-06-26,12.5,12.869999885559082,12.40999984741211,12.550000190734863,5897900
2020-06-29,12.65999984741211,12.779999732971191,12.34000015258789,12.569999694824219,2953300
2020-06-30,12.739999771118164,12.869999885559082,12.550000190734863,12.640000343322754,3374100
2020-07-01,12.319999694824219,12.75,12.229999542236328,12.720000267028809,2411000
2020-07-02,12.649999618530273,12.84000015258789,12.460000038146973,12.510000228881836,2403300
2020-07-06,13.149999618530273,13.229999542236328,12.90999984741211,12.970000267028809,2354900
2020-07-07,12.6899995803833,13.100000381469727,12.649999618530273,13.050000190734863,2347700
2020-07-08,12.8100004196167,12.979999542236328,12.630000114440918,12.630000114440918,3180200
2020-07-09,13.050000190734863,13.229999542236328,12.829999923706055,13.149999618530273,2819800
2020-07-10,12.90999984741211,13.199999809265137,12.800000190734863,13.079999923706055,1984500
2020-07-13,12.760000228881836,13.390000343322754,12.75,13.09000015258789,3220900
2020-07-14,13.029999732971191,13.039999961853027,12.640000343322754,12.729999542236328,2675100
2020-07-15,13.279999732971191,13.329999923706055,13.100000381469727,13.279999732971191,1717400
2020-07-16,13.1899995803833,13.210000038146973,13.010000228881836,13.180000305175781,1025700
2020-07-17,13.5,13.630000114440918,13.1899995803833,13.199999809265137,1641000
2020-07-20,13.4399995803833,13.649999618530273,13.390000343322754,13.529999732971191,1184400
2020-07-21,13.4399995803833,13.800000190734863,13.329999923706055,13.510000228881836,3414600
2020-07-22,13.470000267028809,13.609999656677246,13.380000114440918,13.420000076293945,1174800
2020-07-23,13.640000343322754,13.739999771118164,13.390000343322754,13.449999809265137,1573400
2020-07-24,13.34000015258789,13.539999961853027,13.300000190734863,13.5,955100
2020-07-27,13.630000114440918,13.630000114440918,13.279999732971191,13.3100004196167,2244100
2020-07-28,13.3100004196167,13.649999618530273,13.260000228881836,13.569999694824219,2828600
2020-07-29,13.609999656677246,13.640000343322754,13.329999923706055,13.420000076293945,957800
2020-07-30,13.739999771118164,13.789999961853027,13.40999984741211,13.5,1041600
2020-07-31,13.829999923706055,13.829999923706055,13.5600004196167,13.739999771118164,1270300
2020-08-03,14.199999809265137,14.239999771118164,13.869999885559082,13.920000076293945,1572000
2020-08-04,14.3100004196167,14.359999656677246,14.09000015258789,14.199999809265137,1863200
2020-08-05,14.260000228881836,14.369999885559082,14.170000076293945,14.369999885559082,2041400
2020-08-06,14.300000190734863,14.300000190734863,14.130000114440918,14.220000267028809,1084700
2020-08-07,14.260000228881836,14.279999732971191,14.079999923706055,14.220000267028809,1712000
2020-08-10,14.220000267028809,14.539999961853027,14.100000381469727,14.34000015258789,2638100
2020-08-11,14.4399995803833,14.65999984741211,14.319999694824219,14.34000015258789,3289000
2020-08-12,14.149999618530273,14.800000190734863,13.949999809265137,14.800000190734863,3470700
2020-08-13,14.039999961853027,14.140000343322754,13.880000114440918,13.949999809265137,2483600
2020-08-14,13.75,13.970000267028809,13.699999809265137,13.9399995803833,1855300
2020-08-17,13.640000343322754,13.880000114440918,13.5600004196167,13.75,1879700
2020-08-18,13.449999809265137,13.680000305175781,13.390000343322754,13.649999618530273,2254500
2020-08-19,13.5600004196167,13.699999809265137,13.430000305175781,13.460000038146973,3104700
2020-08-20,13.319999694824219,13.460000038146973,13.25,13.460000038146973,1301200
2020-08-21,13.170000076293945,13.289999961853027,13.0600004196167,13.289999961853027,1299200
2020-08-24,13.180000305175781,13.319999694824219,13.119999885559082,13.239999771118164,961600
2020-08-25,13.239999771118164,13.270000457763672,12.989999771118164,13.270000457763672,2159400
2020-08-26,13.4399995803833,13.5,13.260000228881836,13.289999961853027,1419200
2020-08-27,13.180000305175781,13.5600004196167,13.020000457763672,13.510000228881836,1765500
2020-08-28,13.210000038146973,13.329999923706055,13.109999656677246,13.199999809265137,1345400
2020-08-31,13.34000015258789,13.420000076293945,13.199999809265137,13.25,2376800
2020-09-01,13.289999961853027,13.40999984741211,13.15999984741211,13.359999656677246,1453600
2020-09-02,13.399999618530273,13.420000076293945,12.970000267028809,13.229999542236328,2756600
2020-09-03,12.449999809265137,13.199999809265137,12.34000015258789,13.199999809265137,5278300
2020-09-04,12.130000114440918,12.579999923706055,12.029999732971191,12.529999732971191,3345100
2020-09-08,11.8100004196167,12.039999961853027,11.800000190734863,11.890000343322754,3196800
2020-09-09,11.75,12.029999732971191,11.699999809265137,11.979999542236328,2469300
2020-09-10,11.399999618530273,11.949999809265137,11.399999618530273,11.75,2138800
2020-09-11,11.539999961853027,11.600000381469727,11.399999618530273,11.5,2441200
2020-09-14,11.8100004196167,11.850000381469727,11.569999694824219,11.699999809265137,3302000
2020-09-15,11.920000076293945,11.989999771118164,11.760000228881836,11.970000267028809,5117100
2020-09-16,12.079999923706055,12.15999984741211,11.930000305175781,11.989999771118164,2904600
2020-09-17,12.199999809265137,12.220000267028809,11.779999732971191,11.869999885559082,2582500
2020-09-18,11.930000305175781,12.34000015258789,11.84000015258789,12.279999732971191,4442600
2020-09-21,11.829999923706055,11.930000305175781,11.569999694824219,11.710000038146973,2170600
2020-09-22,11.930000305175781,12.010000228881836,11.770000457763672,11.930000305175781,2896400
2020-09-23,11.510000228881836,12.010000228881836,11.5,11.899999618530273,1564500
2020-09-24,11.510000228881836,11.6899995803833,11.369999885559082,11.479999542236328,1316700
2020-09-25,11.5600004196167,11.649999618530273,11.420000076293945,11.489999771118164,1082000
2020-09-28,11.90999984741211,11.979999542236328,11.600000381469727,11.739999771118164,1943800
2020-09-29,11.819999694824219,12.050000190734863,11.75,11.930000305175781,1091900
2020-09-30,11.729999542236328,11.930000305175781,11.609999656677246,11.789999961853027,1296500
2020-10-01,11.90999984741211,11.90999984741211,11.579999923706055,11.789999961853027,2734900
2020-10-02,11.8100004196167,11.930000305175781,11.5600004196167,11.619999885559082,1776900
2020-10-05,12.399999618530273,12.420000076293945,11.880000114440918,11.880000114440918,4550200
2020-10-06,12.34000015258789,12.649999618530273,12.3100004196167,12.489999771118164,2553000
2020-10-07,12.479999542236328,12.59000015258789,12.350000381469727,12.430000305175781,2020100
2020-10-08,12.890000343322754,12.989999771118164,12.579999923706055,12.640000343322754,3155800
2020-10-09,12.680000305175781,13.0,12.65999984741211,12.960000038146973,2110500
2020-10-12,12.850000381469727,12.850000381469727,12.5600004196167,12.789999961853027,2285000
2020-10-13,12.4399995803833,12.739999771118164,12.34000015258789,12.729999542236328,2471300
2020-10-14,12.270000457763672,12.529999732971191,12.25,12.4399995803833,1005300
2020-10-15,12.329999923706055,12.359999656677246,11.970000267028809,12.140000343322754,1607600
2020-10-16,12.300000190734863,12.449999809265137,12.199999809265137,12.3100004196167,1179300
2020-10-19,12.130000114440918,12.460000038146973,12.09000015258789,12.399999618530273,1247700
2020-10-20,12.65999984741211,12.779999732971191,12.220000267028809,12.260000228881836,3724000
2020-10-21,12.949999809265137,13.510000228881836,12.850000381469727,13.5,3521200
2020-10-22,13.40999984741211,13.430000305175781,13.0,13.0,4002100
2020-10-23,13.119999885559082,13.569999694824219,13.09000015258789,13.550000190734863,2497900
2020-10-26,12.779999732971191,13.039999961853027,12.59000015258789,13.0,2090800
2020-10-27,12.729999542236328,12.859999656677246,12.649999618530273,12.720000267028809,1920600
2020-10-28,12.050000190734863,12.760000228881836,12.039999961853027,12.520000457763672,1932100
2020-10-29,12.520000457763672,12.5600004196167,11.920000076293945,12.029999732971191,2079000
2020-10-30,12.350000381469727,12.5,12.170000076293945,12.420000076293945,2796800
2020-11-02,12.210000038146973,12.520000457763672,12.149999618530273,12.520000457763672,3487500
2020-11-03,12.529999732971191,12.680000305175781,12.350000381469727,12.479999542236328,1620100
2020-11-04,12.579999923706055,12.710000038146973,12.390000343322754,12.5,1156500
2020-11-05,13.029999732971191,13.130000114440918,12.59000015258789,12.600000381469727,1967200
2020-11-06,13.0,13.640000343322754,12.899999618530273,13.640000343322754,2788300
2020-11-09,13.25,13.75,13.119999885559082,13.630000114440918,3429800
2020-11-10,13.010000228881836,13.390000343322754,12.819999694824219,13.260000228881836,2206800
2020-11-11,13.260000228881836,13.289999961853027,12.960000038146973,13.130000114440918,1455300
2020-11-12,13.039999961853027,13.229999542236328,12.960000038146973,13.15999984741211,1864000
2020-11-13,13.270000457763672,13.34000015258789,13.130000114440918,13.210000038146973,1047000
2020-11-16,13.350000381469727,13.510000228881836,13.25,13.460000038146973,1124800
2020-11-17,13.319999694824219,13.329999923706055,13.09000015258789,13.260000228881836,1393300
2020-11-18,13.630000114440918,13.739999771118164,13.239999771118164,13.260000228881836,3258700
2020-11-19,13.619999885559082,13.619999885559082,13.399999618530273,13.600000381469727,1580100
2020-11-20,13.6899995803833,13.75,13.40999984741211,13.40999984741211,1768600
2020-11-23,13.869999885559082,13.949999809265137,13.710000038146973,13.789999961853027,1984600
2020-11-24,14.029999732971191,14.079999923706055,13.890000343322754,13.989999771118164,2638700
2020-11-25,13.880000114440918,13.979999542236328,13.729999542236328,13.930000305175781,1282300
2020-11-27,13.960000038146973,13.989999771118164,13.850000381469727,13.989999771118164,496700
2020-11-30,13.550000190734863,13.930000305175781,13.529999732971191,13.850000381469727,1932200
2020-12-01,13.609999656677246,13.720000267028809,13.479999542236328,13.680000305175781,2988900
2020-12-02,13.59000015258789,13.8100004196167,13.399999618530273,13.460000038146973,1763200
2020-12-03,13.579999923706055,13.65999984741211,13.539999961853027,13.609999656677246,1115600
2020-12-04,13.6899995803833,13.84000015258789,13.579999923706055,13.619999885559082,2799400
2020-12-07,13.880000114440918,13.979999542236328,13.600000381469727,13.720000267028809,2523700
2020-12-08,13.75,13.819999694824219,13.670000076293945,13.800000190734863,1723200
2020-12-09,13.470000267028809,13.899999618530273,13.470000267028809,13.829999923706055,1911900
2020-12-10,13.510000228881836,13.539999961853027,13.199999809265137,13.289999961853027,1216800
2020-12-11,13.350000381469727,13.449999809265137,13.25,13.420000076293945,1314800
2020-12-14,13.539999961853027,13.680000305175781,13.420000076293945,13.449999809265137,1112900
2020-12-15,13.899999618530273,13.989999771118164,13.619999885559082,13.710000038146973,1800200
2020-12-16,13.890000343322754,13.989999771118164,13.739999771118164,13.949999809265137,1178700
2020-12-17,14.079999923706055,14.270000457763672,13.899999618530273,13.949999809265137,1506600
2020-12-18,14.109999656677246,14.199999809265137,14.039999961853027,14.199999809265137,3164200
2020-12-21,13.960000038146973,14.0600004196167,13.829999923706055,13.899999618530273,1471400
2020-12-22,14.34000015258789,14.359999656677246,13.890000343322754,13.979999542236328,1650900
2020-12-23,14.630000114440918,14.670000076293945,14.380000114440918,14.420000076293945,1558000
2020-12-24,14.699999809265137,14.729999542236328,14.569999694824219,14.699999809265137,1320200
2020-12-28,14.90999984741211,15.050000190734863,14.770000457763672,14.770000457763672,1581300
2020-12-29,14.75,15.029999732971191,14.670000076293945,15.029999732971191,1771100
2020-12-30,14.779999732971191,14.899999618530273,14.6899995803833,14.699999809265137,960300
2020-12-31,14.979999542236328,15.119999885559082,14.729999542236328,14.829999923706055,1471500
2021-01-04,14.739999771118164,15.140000343322754,14.6899995803833,15.130000114440918,3813100
2021-01-05,15.050000190734863,15.140000343322754,14.65999984741211,14.680000305175781,1786900
2021-01-06,15.289999961853027,15.510000228881836,15.010000228881836,15.130000114440918,3129700
2021-01-07,15.5600004196167,15.600000381469727,15.180000305175781,15.329999923706055,1450100
2021-01-08,15.479999542236328,15.710000038146973,15.399999618530273,15.600000381469727,1972100
2021-01-11,15.5600004196167,15.739999771118164,15.210000038146973,15.34000015258789,1562800
2021-01-12,15.789999961853027,15.8100004196167,15.569999694824219,15.739999771118164,2100900
2021-01-13,15.84000015258789,15.890000343322754,15.680000305175781,15.789999961853027,2213000
2021-01-14,15.819999694824219,16.170000076293945,15.75,15.880000114440918,3003400
2021-01-15,15.829999923706055,15.920000076293945,15.569999694824219,15.720000267028809,1631700
2021-01-19,16.040000915527344,16.170000076293945,15.880000114440918,16.0,1839000
2021-01-20,16.219999313354492,16.40999984741211,16.020000457763672,16.040000915527344,2364700
2021-01-21,16.110000610351562,16.309999465942383,16.049999237060547,16.309999465942383,1762700
2021-01-22,16.059999465942383,16.1200008392334,15.869999885559082,16.030000686645508,1310400
2021-01-25,16.0,16.1200008392334,15.710000038146973,16.079999923706055,1354300
2021-01-26,16.510000228881836,16.639999389648438,16.170000076293945,16.280000686645508,3369400
2021-01-27,16.440000534057617,16.739999771118164,16.229999542236328,16.350000381469727,4311000
2021-01-28,15.930000305175781,16.56999969482422,15.84000015258789,16.489999771118164,2442300
2021-01-29,15.449999809265137,16.030000686645508,15.449999809265137,15.90999984741211,2068800
2021-02-01,15.979999542236328,16.040000915527344,15.520000457763672,15.630000114440918,1705900
2021-02-02,16.06999969482422,16.350000381469727,15.869999885559082,16.030000686645508,2662100
2021-02-03,16.190000534057617,17.010000228881836,16.079999923706055,16.920000076293945,3125100
2021-02-04,16.520000457763672,16.549999237060547,16.010000228881836,16.309999465942383,1864600
2021-02-05,16.579999923706055,16.799999237060547,16.31999969482422,16.649999618530273,2088200
2021-02-08,16.649999618530273,16.770000457763672,16.399999618530273,16.690000534057617,1477800
2021-02-09,16.700000762939453,16.709999084472656,16.489999771118164,16.6299991607666,1484000
2021-02-10,16.850000381469727,16.950000762939453,16.65999984741211,16.799999237060547,2893600
2021-02-11,17.0,17.030000686645508,16.809999465942383,16.899999618530273,3645600
2021-02-12,16.979999542236328,17.020000457763672,16.81999969482422,16.920000076293945,1593000
2021-02-16,16.969999313354492,17.1299991607666,16.84000015258789,17.100000381469727,1095400
2021-02-17,16.649999618530273,17.010000228881836,16.6200008392334,16.950000762939453,1237800
2021-02-18,16.510000228881836,16.700000762939453,16.469999313354492,16.559999465942383,1269800
2021-02-19,16.440000534057617,16.760000228881836,16.43000030517578,16.6200008392334,2345600
2021-02-22,16.639999389648438,16.729999542236328,16.329999923706055,16.440000534057617,1352200
2021-02-23,16.610000610351562,16.709999084472656,16.1200008392334,16.540000915527344,1961100
2021-02-24,16.940000534057617,17.020000457763672,16.510000228881836,16.770000457763672,1293300
2021-02-25,16.540000915527344,17.040000915527344,16.520000457763672,16.8799991607666,1526900
2021-02-26,16.18000030517578,16.93000030517578,16.170000076293945,16.600000381469727,4109900
2021-03-01,16.610000610351562,16.65999984741211,16.280000686645508,16.399999618530273,1387200
2021-03-02,16.360000610351562,16.56999969482422,16.350000381469727,16.489999771118164,1739800
2021-03-03,16.190000534057617,16.540000915527344,16.1200008392334,16.450000762939453,2807500
2021-03-04,15.460000038146973,16.260000228881836,15.350000381469727,16.190000534057617,2648300
2021-03-05,15.539999961853027,15.65999984741211,15.199999809265137,15.460000038146973,3293600
2021-03-08,15.5600004196167,15.65999984741211,15.350000381469727,15.5,4670000
2021-03-09,16.049999237060547,16.190000534057617,15.729999542236328,15.75,1737700
2021-03-10,16.110000610351562,16.18000030517578,15.869999885559082,16.1299991607666,1575500
2021-03-11,16.5,16.549999237060547,16.219999313354492,16.299999237060547,1954200
2021-03-12,16.43000030517578,16.6200008392334,16.25,16.459999084472656,1553800
2021-03-15,16.6200008392334,16.799999237060547,16.350000381469727,16.40999984741211,3079900
2021-03-16,16.56999969482422,16.670000076293945,16.420000076293945,16.549999237060547,1316300
2021-03-17,16.549999237060547,16.559999465942383,16.219999313354492,16.520000457763672,1421700
2021-03-18,16.34000015258789,16.729999542236328,16.299999237060547,16.31999969482422,2057000
2021-03-19,16.510000228881836,16.649999618530273,16.31999969482422,16.469999313354492,3505200
2021-03-22,16.399999618530273,16.610000610351562,16.350000381469727,16.59000015258789,1434300
2021-03-23,16.030000686645508,16.40999984741211,15.949999809265137,16.40999984741211,1580200
2021-03-24,15.649999618530273,16.110000610351562,15.649999618530273,16.110000610351562,1910400
2021-03-25,15.770000457763672,15.970000267028809,15.449999809265137,15.65999984741211,3467600
2021-03-26,16.270000457763672,16.280000686645508,15.779999732971191,15.829999923706055,2035300
2021-03-29,15.529999732971191,16.399999618530273,15.489999771118164,16.200000762939453,3085400
2021-03-30,15.569999694824219,15.619999885559082,15.210000038146973,15.479999542236328,1787800
2021-03-31,15.699999809265137,15.90999984741211,15.579999923706055,15.630000114440918,3992200
2021-04-01,16.020000457763672,16.059999465942383,15.739999771118164,15.819999694824219,1691700
2021-04-05,16.190000534057617,16.31999969482422,16.079999923706055,16.229999542236328,1228500
2021-04-06,16.09000015258789,16.239999771118164,16.0,16.209999084472656,1148400
2021-04-07,15.899999618530273,16.059999465942383,15.829999923706055,15.930000305175781,1431700
2021-04-08,16.229999542236328,16.239999771118164,15.949999809265137,16.030000686645508,1433200
2021-04-09,16.360000610351562,16.3700008392334,16.079999923706055,16.15999984741211,1180800
2021-04-12,16.360000610351562,16.489999771118164,16.280000686645508,16.450000762939453,934600
2021-04-13,16.420000076293945,16.489999771118164,16.229999542236328,16.239999771118164,1511900
2021-04-14,16.40999984741211,16.520000457763672,16.360000610351562,16.3799991607666,1847900
2021-04-15,16.579999923706055,16.639999389648438,16.440000534057617,16.5,1122000
2021-04-16,16.600000381469727,16.719999313354492,16.489999771118164,16.719999313354492,977200
2021-04-19,16.610000610351562,16.6200008392334,16.459999084472656,16.59000015258789,1403000
2021-04-20,16.559999465942383,16.649999618530273,16.399999618530273,16.530000686645508,2509700
2021-04-21,16.850000381469727,16.860000610351562,16.420000076293945,16.65999984741211,1870200
2021-04-22,16.600000381469727,16.93000030517578,16.270000457763672,16.65999984741211,2112700
2021-04-23,16.850000381469727,16.950000762939453,16.56999969482422,16.719999313354492,1232200
2021-04-26,16.950000762939453,17.059999465942383,16.799999237060547,16.889999389648438,1537700
2021-04-27,17.0,17.059999465942383,16.770000457763672,16.90999984741211,1510200
2021-04-28,17.0,17.049999237060547,16.729999542236328,16.899999618530273,1499100
2021-04-29,17.020000457763672,17.1299991607666,16.860000610351562,17.110000610351562,1411800
2021-04-30,16.360000610351562,16.899999618530273,16.200000762939453,16.889999389648438,4171600
2021-05-03,16.34000015258789,16.600000381469727,16.260000228881836,16.389999389648438,2449200
2021-05-04,15.989999771118164,16.25,15.630000114440918,16.18000030517578,3811100
2021-05-05,15.779999732971191,16.010000228881836,15.119999885559082,15.460000038146973,3132000
2021-05-06,16.190000534057617,16.200000762939453,15.640000343322754,15.75,2301000
2021-05-07,16.360000610351562,16.469999313354492,16.059999465942383,16.200000762939453,1402100
2021-05-10,16.18000030517578,16.450000762939453,16.170000076293945,16.399999618530273,1653800
2021-05-11,16.31999969482422,16.40999984741211,15.8100004196167,16.010000228881836,1483800
2021-05-12,15.819999694824219,16.170000076293945,15.520000457763672,15.680000305175781,1688100
2021-05-13,16.290000915527344,16.34000015258789,15.869999885559082,15.899999618530273,2494200
2021-05-14,16.469999313354492,16.56999969482422,16.219999313354492,16.360000610351562,1492800
2021-05-17,16.420000076293945,16.559999465942383,16.280000686645508,16.350000381469727,1398800
2021-05-18,16.299999237060547,16.510000228881836,16.270000457763672,16.40999984741211,1025200
2021-05-19,16.520000457763672,16.59000015258789,16.059999465942383,16.1200008392334,1609600
2021-05-20,16.940000534057617,16.979999542236328,16.219999313354492,16.219999313354492,2009700
2021-05-21,16.959999084472656,17.209999084472656,16.899999618530273,16.969999313354492,1272800
2021-05-24,17.260000228881836,17.350000381469727,17.0,17.040000915527344,1597000
2021-05-25,17.09000015258789,17.450000762939453,17.059999465942383,17.3799991607666,1705200
2021-05-26,17.299999237060547,17.31999969482422,17.0,17.06999969482422,1099300
2021-05-27,17.290000915527344,17.469999313354492,17.280000686645508,17.360000610351562,1170700
2021-05-28,17.530000686645508,17.65999984741211,17.34000015258789,17.34000015258789,2010600
2021-06-01,17.469999313354492,17.59000015258789,17.290000915527344,17.440000534057617,1071800
2021-06-02,17.360000610351562,17.530000686645508,17.280000686645508,17.389999389648438,1034600
2021-06-03,17.25,17.40999984741211,17.190000534057617,17.309999465942383,1169000
2021-06-04,17.299999237060547,17.43000030517578,17.299999237060547,17.31999969482422,2155500
2021-06-07,17.239999771118164,17.489999771118164,17.209999084472656,17.34000015258789,1250100
2021-06-08,17.43000030517578,17.5,17.239999771118164,17.25,1268800
2021-06-09,17.3700008392334,17.420000076293945,17.260000228881836,17.399999618530273,906000
2021-06-10,17.489999771118164,17.530000686645508,17.270000457763672,17.420000076293945,803500
2021-06-11,17.649999618530273,17.65999984741211,17.520000457763672,17.540000915527344,967600
2021-06-14,17.700000762939453,17.799999237060547,17.5,17.709999084472656,844700
2021-06-15,17.459999084472656,17.760000228881836,17.40999984741211,17.700000762939453,1246100
2021-06-16,17.790000915527344,18.139999389648438,17.479999542236328,17.600000381469727,3019400
2021-06-17,17.639999389648438,18.0,17.459999084472656,17.829999923706055,1921200
2021-06-18,17.1200008392334,17.600000381469727,17.110000610351562,17.479999542236328,1804100
2021-06-21,17.360000610351562,17.549999237060547,17.139999389648438,17.219999313354492,1760500
2021-06-22,17.350000381469727,17.420000076293945,17.190000534057617,17.350000381469727,725900
2021-06-23,17.3799991607666,17.469999313354492,17.329999923706055,17.399999618530273,853200
2021-06-24,17.479999542236328,17.549999237060547,17.329999923706055,17.469999313354492,742300
2021-06-25,17.59000015258789,17.68000030517578,17.469999313354492,17.479999542236328,3524800
2021-06-28,17.940000534057617,18.020000457763672,17.6299991607666,17.670000076293945,1509600
2021-06-29,17.770000457763672,18.0,17.739999771118164,17.90999984741211,980500
2021-06-30,17.65999984741211,17.760000228881836,17.540000915527344,17.760000228881836,1008300
2021-07-01,17.520000457763672,17.719999313354492,17.440000534057617,17.690000534057617,1178600
2021-07-02,17.469999313354492,17.530000686645508,17.350000381469727,17.510000228881836,1186600
2021-07-06,17.299999237060547,17.520000457763672,17.100000381469727,17.1200008392334,918100
2021-07-07,17.149999618530273,17.360000610351562,16.899999618530273,17.1200008392334,2325400
2021-07-08,17.0,17.15999984741211,16.799999237060547,16.8700008392334,1927200
2021-07-09,17.170000076293945,17.200000762939453,17.06999969482422,17.18000030517578,843500
2021-07-12,17.059999465942383,17.239999771118164,16.920000076293945,17.18000030517578,786500
2021-07-13,17.18000030517578,17.200000762939453,16.93000030517578,17.139999389648438,1319500
2021-07-14,17.100000381469727,17.450000762939453,17.079999923706055,17.3700008392334,1435200
2021-07-15,16.979999542236328,17.110000610351562,16.850000381469727,17.010000228881836,1115600
2021-07-16,16.760000228881836,17.059999465942383,16.760000228881836,16.989999771118164,1455900
2021-07-19,16.40999984741211,16.610000610351562,16.270000457763672,16.559999465942383,1804200
2021-07-20,16.579999923706055,16.739999771118164,16.260000228881836,16.31999969482422,2494300
2021-07-21,16.729999542236328,16.90999984741211,16.600000381469727,16.649999618530273,1541300
2021-07-22,16.350000381469727,16.670000076293945,16.309999465942383,16.610000610351562,2112000
2021-07-23,16.420000076293945,16.5,16.209999084472656,16.3700008392334,2151700
2021-07-26,16.459999084472656,16.549999237060547,16.360000610351562,16.43000030517578,1152900
2021-07-27,16.229999542236328,16.40999984741211,16.010000228881836,16.3799991607666,1183900
2021-07-28,16.479999542236328,16.6200008392334,16.219999313354492,16.229999542236328,1163400
2021-07-29,16.610000610351562,16.799999237060547,16.559999465942383,16.559999465942383,747000
2021-07-30,16.690000534057617,16.719999313354492,16.010000228881836,16.34000015258789,1028000
2021-08-02,16.600000381469727,16.93000030517578,16.59000015258789,16.729999542236328,1282700
2021-08-03,16.65999984741211,16.729999542236328,16.440000534057617,16.600000381469727,1375300
2021-08-04,16.3700008392334,16.610000610351562,16.309999465942383,16.579999923706055,1056600
2021-08-05,16.18000030517578,16.40999984741211,16.1299991607666,16.389999389648438,1103200
2021-08-06,16.139999389648438,16.329999923706055,16.1200008392334,16.229999542236328,911700
2021-08-09,16.15999984741211,16.229999542236328,16.049999237060547,16.09000015258789,805700
2021-08-10,16.219999313354492,16.25,16.010000228881836,16.170000076293945,1166100
2021-08-11,16.1299991607666,16.309999465942383,15.989999771118164,16.280000686645508,1011900
2021-08-12,15.819999694824219,16.219999313354492,15.800000190734863,16.110000610351562,1088400
2021-08-13,16.020000457763672,16.299999237060547,15.789999961853027,16.209999084472656,1886800
2021-08-16,16.329999923706055,16.34000015258789,15.920000076293945,16.010000228881836,1584300
2021-08-17,16.09000015258789,16.299999237060547,16.030000686645508,16.200000762939453,1241600
2021-08-18,16.030000686645508,16.200000762939453,16.020000457763672,16.049999237060547,1198500
2021-08-19,15.979999542236328,16.110000610351562,15.859999656677246,15.890000343322754,1528900
2021-08-20,16.1299991607666,16.1299991607666,15.859999656677246,15.859999656677246,1096200
2021-08-23,16.3700008392334,16.389999389648438,16.170000076293945,16.219999313354492,1053500
2021-08-24,16.59000015258789,16.59000015258789,16.399999618530273,16.450000762939453,1108400
2021-08-25,16.5,16.68000030517578,16.440000534057617,16.6200008392334,1412300
2021-08-26,16.239999771118164,16.530000686645508,16.239999771118164,16.530000686645508,1021000
2021-08-27,16.670000076293945,16.75,15.979999542236328,15.979999542236328,2109600
2021-08-30,16.540000915527344,16.739999771118164,16.5,16.68000030517578,1874200
2021-08-31,16.290000915527344,16.6200008392334,16.270000457763672,16.56999969482422,1882100
2021-09-01,16.5,16.6299991607666,16.200000762939453,16.290000915527344,2053400
2021-09-02,17.0,17.020000457763672,16.530000686645508,16.59000015258789,2292700
2021-09-03,17.239999771118164,17.489999771118164,16.959999084472656,16.959999084472656,2835900
2021-09-07,16.719999313354492,17.170000076293945,16.670000076293945,17.170000076293945,1410100
2021-09-08,16.540000915527344,16.68000030517578,16.459999084472656,16.68000030517578,1214900
2021-09-09,16.31999969482422,16.56999969482422,16.31999969482422,16.540000915527344,1510200
2021-09-10,16.079999923706055,16.469999313354492,16.020000457763672,16.3799991607666,1426500
2021-09-13,16.170000076293945,16.229999542236328,15.989999771118164,16.15999984741211,1787700
2021-09-14,16.09000015258789,16.209999084472656,15.930000305175781,16.190000534057617,1360200
2021-09-15,16.309999465942383,16.31999969482422,15.979999542236328,16.1200008392334,1639700
2021-09-16,16.15999984741211,16.34000015258789,16.100000381469727,16.34000015258789,1338100
2021-09-17,15.869999885559082,16.190000534057617,15.789999961853027,16.18000030517578,3552600
2021-09-20,15.65999984741211,15.850000381469727,15.520000457763672,15.760000228881836,1431100
2021-09-21,15.380000114440918,15.8100004196167,15.329999923706055,15.760000228881836,1546200
2021-09-22,15.479999542236328,15.609999656677246,15.399999618530273,15.510000228881836,1537200
2021-09-23,15.6899995803833,15.75,15.449999809265137,15.529999732971191,1536500
2021-09-24,15.670000076293945,15.9399995803833,15.569999694824219,15.630000114440918,1597800
2021-09-27,15.850000381469727,15.960000038146973,15.569999694824219,15.65999984741211,1946100
2021-09-28,15.619999885559082,15.819999694824219,15.460000038146973,15.8100004196167,1909000
2021-09-29,15.640000343322754,15.710000038146973,15.5,15.65999984741211,1745700
2021-09-30,15.739999771118164,15.90999984741211,15.6899995803833,15.75,2659500
2021-10-01,15.869999885559082,15.979999542236328,15.640000343322754,15.84000015258789,1600600
2021-10-04,15.34000015258789,15.859999656677246,15.260000228881836,15.859999656677246,1595500
2021-10-05,15.430000305175781,15.550000190734863,15.239999771118164,15.350000381469727,2889800
2021-10-06,15.109999656677246,15.399999618530273,15.010000228881836,15.34000015258789,2154300
2021-10-07,15.449999809265137,15.699999809265137,15.239999771118164,15.239999771118164,1557600
2021-10-08,15.279999732971191,15.529999732971191,15.270000457763672,15.489999771118164,629000
2021-10-11,15.25,15.390000343322754,15.25,15.25,781300
2021-10-12,15.039999961853027,15.3100004196167,15.020000457763672,15.3100004196167,1026900
2021-10-13,15.079999923706055,15.180000305175781,15.010000228881836,15.050000190734863,655800
2021-10-14,15.539999961853027,15.5600004196167,15.220000267028809,15.229999542236328,1095900
2021-10-15,15.5,15.859999656677246,15.40999984741211,15.699999809265137,1333000
2021-10-18,15.109999656677246,15.390000343322754,15.109999656677246,15.390000343322754,1543300
2021-10-19,15.239999771118164,15.380000114440918,15.130000114440918,15.210000038146973,3703100
2021-10-20,15.270000457763672,15.399999618530273,15.210000038146973,15.300000190734863,962000
2021-10-21,15.579999923706055,15.609999656677246,15.25,15.270000457763672,1291500
2021-10-22,15.359999656677246,15.649999618530273,15.350000381469727,15.59000015258789,968300
2021-10-25,15.069999694824219,15.34000015258789,15.010000228881836,15.010000228881836,2969100
2021-10-26,15.079999923706055,15.34000015258789,15.050000190734863,15.140000343322754,1295100
2021-10-27,15.119999885559082,15.289999961853027,15.050000190734863,15.050000190734863,790200
2021-10-28,15.359999656677246,15.40999984741211,15.119999885559082,15.170000076293945,976400
2021-10-29,15.399999618530273,15.5,15.3100004196167,15.319999694824219,1368500
2021-11-01,15.880000114440918,15.899999618530273,15.3100004196167,15.329999923706055,1314600
2021-11-02,16.469999313354492,16.479999542236328,15.920000076293945,15.920000076293945,2219600
2021-11-03,16.5,16.530000686645508,16.31999969482422,16.440000534057617,2257600
2021-11-04,16.530000686645508,16.8700008392334,16.360000610351562,16.5,2525800
2021-11-05,15.789999961853027,16.299999237060547,15.210000038146973,15.369999885559082,3932000
2021-11-08,15.399999618530273,16.079999923706055,15.329999923706055,15.890000343322754,4510800
2021-11-09,15.529999732971191,15.720000267028809,15.380000114440918,15.399999618530273,2062700
2021-11-10,15.25,15.529999732971191,15.210000038146973,15.430000305175781,2516400
2021-11-11,15.170000076293945,15.420000076293945,15.119999885559082,15.270000457763672,1629400
2021-11-12,15.25,15.319999694824219,15.109999656677246,15.180000305175781,2019000
2021-11-15,15.600000381469727,15.680000305175781,15.149999618530273,15.260000228881836,3782900
2021-11-16,15.5600004196167,15.649999618530273,15.4399995803833,15.600000381469727,1382300
2021-11-17,15.670000076293945,15.699999809265137,15.399999618530273,15.449999809265137,1746300
2021-11-18,15.720000267028809,15.829999923706055,15.369999885559082,15.6899995803833,2063700
2021-11-19,15.539999961853027,15.75,15.460000038146973,15.680000305175781,1061500
2021-11-22,15.609999656677246,15.880000114440918,15.520000457763672,15.59000015258789,1508200
2021-11-23,15.619999885559082,15.720000267028809,15.470000267028809,15.569999694824219,1350400
2021-11-24,15.600000381469727,15.600000381469727,15.350000381469727,15.5600004196167,904100
2021-11-26,15.149999618530273,15.40999984741211,15.050000190734863,15.15999984741211,905500
2021-11-29,15.220000267028809,15.390000343322754,15.0600004196167,15.329999923706055,1194400
2021-11-30,14.8100004196167,15.149999618530273,14.75,15.069999694824219,1920700
2021-12-01,14.829999923706055,15.359999656677246,14.819999694824219,15.050000190734863,1536700
2021-12-02,15.119999885559082,15.140000343322754,14.680000305175781,14.8100004196167,2352600
2021-12-03,15.539999961853027,15.550000190734863,15.130000114440918,15.149999618530273,2790300
2021-12-06,16.040000915527344,16.059999465942383,15.520000457763672,15.65999984741211,3358600
2021-12-07,16.209999084472656,16.5,16.139999389648438,16.139999389648438,1490700
2021-12-08,16.1299991607666,16.31999969482422,16.079999923706055,16.1299991607666,1912900
2021-12-09,16.170000076293945,16.520000457763672,16.170000076293945,16.18000030517578,1632200
2021-12-10,16.520000457763672,16.579999923706055,16.209999084472656,16.209999084472656,1937900
2021-12-13,16.520000457763672,16.65999984741211,16.389999389648438,16.549999237060547,1774000
2021-12-14,16.549999237060547,16.690000534057617,16.350000381469727,16.440000534057617,1718800
2021-12-15,16.950000762939453,17.0,16.399999618530273,16.549999237060547,2834200
2021-12-16,16.56999969482422,17.0,16.549999237060547,16.989999771118164,2147500
2021-12-17,16.690000534057617,16.950000762939453,16.450000762939453,16.559999465942383,9137400
2021-12-20,16.520000457763672,16.6299991607666,16.18000030517578,16.450000762939453,2294200
2021-12-21,16.739999771118164,16.8799991607666,16.389999389648438,16.639999389648438,1895600
2021-12-22,17.040000915527344,17.049999237060547,16.610000610351562,16.729999542236328,1372200
2021-12-23,17.100000381469727,17.280000686645508,17.040000915527344,17.170000076293945,1171400
2021-12-27,17.34000015258789,17.360000610351562,17.100000381469727,17.1299991607666,753500
2021-12-28,17.600000381469727,17.670000076293945,17.31999969482422,17.329999923706055,1935700
2021-12-29,17.729999542236328,17.84000015258789,17.520000457763672,17.610000610351562,1246500
2021-12-30,17.65999984741211,17.93000030517578,17.649999618530273,17.770000457763672,967500
2021-12-31,17.6200008392334,17.790000915527344,17.420000076293945,17.649999618530273,1245600
2022-01-03,17.829999923706055,17.8700008392334,17.299999237060547,17.299999237060547,1706300
2022-01-04,17.899999618530273,18.09000015258789,17.729999542236328,17.799999237060547,2693800
2022-01-05,17.520000457763672,18.139999389648438,17.510000228881836,17.920000076293945,2419000
2022-01-06,17.440000534057617,17.610000610351562,17.360000610351562,17.489999771118164,1188200
2022-01-07,17.079999923706055,17.469999313354492,16.959999084472656,17.399999618530273,1225800
2022-01-10,17.290000915527344,17.309999465942383,16.84000015258789,16.93000030517578,1416600
2022-01-11,17.420000076293945,17.469999313354492,17.170000076293945,17.309999465942383,1100500
2022-01-12,17.25,17.56999969482422,17.229999542236328,17.489999771118164,1617400
2022-01-13,16.989999771118164,17.399999618530273,16.969999313354492,17.270000457763672,2662400
2022-01-14,16.940000534057617,16.989999771118164,16.739999771118164,16.920000076293945,1791900
2022-01-18,16.700000762939453,16.860000610351562,16.549999237060547,16.729999542236328,2212700
2022-01-19,16.780000686645508,16.920000076293945,16.540000915527344,16.690000534057617,2422900
2022-01-20,16.979999542236328,17.329999923706055,16.709999084472656,16.860000610351562,2651700
2022-01-21,16.520000457763672,17.079999923706055,16.510000228881836,16.90999984741211,2990400
2022-01-24,16.56999969482422,16.649999618530273,16.139999389648438,16.260000228881836,3379700
2022-01-25,16.09000015258789,16.610000610351562,15.850000381469727,16.3700008392334,3031600
2022-01-26,15.979999542236328,16.43000030517578,15.899999618530273,16.190000534057617,2637200
2022-01-27,15.640000343322754,16.239999771118164,15.600000381469727,16.040000915527344,3349900
2022-01-28,15.630000114440918,15.710000038146973,15.140000343322754,15.640000343322754,2665000
2022-01-31,16.459999084472656,16.479999542236328,15.270000457763672,15.609999656677246,3055900
2022-02-01,16.329999923706055,16.469999313354492,16.040000915527344,16.469999313354492,2122400
2022-02-02,16.350000381469727,16.420000076293945,16.1299991607666,16.299999237060547,1486400
2022-02-03,15.640000343322754,16.270000457763672,15.529999732971191,16.1299991607666,3658600
2022-02-04,17.030000686645508,17.25,16.350000381469727,16.790000915527344,3901500
2022-02-07,16.889999389648438,17.18000030517578,16.850000381469727,17.06999969482422,2480100
2022-02-08,17.280000686645508,17.40999984741211,16.889999389648438,16.889999389648438,2050200
2022-02-09,17.280000686645508,17.43000030517578,16.610000610351562,17.3700008392334,2393000
2022-02-10,16.84000015258789,17.360000610351562,16.760000228881836,16.920000076293945,1616900
2022-02-11,16.670000076293945,16.989999771118164,16.559999465942383,16.850000381469727,1700700
2022-02-14,16.690000534057617,17.059999465942383,16.579999923706055,16.639999389648438,1733900
2022-02-15,16.989999771118164,17.100000381469727,16.709999084472656,16.809999465942383,1456100
2022-02-16,16.889999389648438,17.020000457763672,16.709999084472656,16.860000610351562,1755100
2022-02-17,16.579999923706055,16.899999618530273,16.510000228881836,16.709999084472656,1839100
2022-02-18,16.579999923706055,16.739999771118164,16.43000030517578,16.559999465942383,1713000
2022-02-22,16.329999923706055,16.6200008392334,16.200000762939453,16.549999237060547,1442100
2022-02-23,16.049999237060547,16.530000686645508,16.020000457763672,16.360000610351562,1481100
2022-02-24,16.350000381469727,16.3700008392334,15.5600004196167,15.739999771118164,1979700
2022-02-25,16.3700008392334,16.459999084472656,16.139999389648438,16.350000381469727,1689600
2022-02-28,16.399999618530273,16.43000030517578,15.989999771118164,16.06999969482422,2290700
2022-03-01,16.010000228881836,16.3799991607666,15.859999656677246,16.290000915527344,2673600
2022-03-02,16.469999313354492,16.5,15.920000076293945,16.020000457763672,1371300
2022-03-03,16.5,16.690000534057617,16.360000610351562,16.5,2064200
2022-03-04,15.989999771118164,16.459999084472656,15.869999885559082,16.309999465942383,1954900
2022-03-07,15.550000190734863,16.010000228881836,15.510000228881836,15.949999809265137,2255300
2022-03-08,15.550000190734863,15.859999656677246,15.3100004196167,15.5600004196167,2093600
2022-03-09,15.920000076293945,16.010000228881836,15.569999694824219,15.850000381469727,1564700
2022-03-10,15.979999542236328,16.0,15.640000343322754,15.670000076293945,1664300
2022-03-11,15.779999732971191,16.18000030517578,15.760000228881836,16.1200008392334,1240900
2022-03-14,15.260000228881836,15.890000343322754,15.1899995803833,15.779999732971191,1661200
2022-03-15,15.59000015258789,15.600000381469727,15.289999961853027,15.350000381469727,2026300
2022-03-16,16.0,16.010000228881836,15.579999923706055,15.739999771118164,1932400
2022-03-17,16.239999771118164,16.260000228881836,15.880000114440918,15.930000305175781,1566100
2022-03-18,16.559999465942383,16.600000381469727,16.18000030517578,16.31999969482422,5320900
2022-03-21,16.479999542236328,16.670000076293945,16.309999465942383,16.510000228881836,1429500
2022-03-22,16.520000457763672,16.700000762939453,16.31999969482422,16.5,1326100
2022-03-23,16.0,16.389999389648438,16.0,16.389999389648438,1437400
2022-03-24,16.209999084472656,16.209999084472656,15.970000267028809,16.059999465942383,976200
2022-03-25,16.270000457763672,16.440000534057617,16.06999969482422,16.219999313354492,998200
2022-03-28,16.260000228881836,16.31999969482422,16.100000381469727,16.209999084472656,698800
2022-03-29,16.450000762939453,16.540000915527344,16.290000915527344,16.479999542236328,1986100
2022-03-30,16.25,16.530000686645508,16.219999313354492,16.40999984741211,1085500
2022-03-31,16.079999923706055,16.299999237060547,16.049999237060547,16.190000534057617,1463900
2022-04-01,16.0,16.329999923706055,15.819999694824219,16.139999389648438,1457400
2022-04-04,15.920000076293945,16.010000228881836,15.84000015258789,15.859999656677246,1255000
2022-04-05,15.350000381469727,15.899999618530273,15.300000190734863,15.859999656677246,1185400
2022-04-06,15.0600004196167,15.270000457763672,15.020000457763672,15.149999618530273,2056900
2022-04-07,15.109999656677246,15.199999809265137,14.920000076293945,15.0600004196167,1744000
2022-04-08,14.90999984741211,15.100000381469727,14.869999885559082,15.050000190734863,1479000
2022-04-11,14.789999961853027,15.079999923706055,14.729999542236328,14.800000190734863,2553800
2022-04-12,14.739999771118164,15.140000343322754,14.6899995803833,14.850000381469727,2404300
2022-04-13,15.020000457763672,15.09000015258789,14.699999809265137,14.789999961853027,1284000
2022-04-14,14.6899995803833,15.09000015258789,14.6899995803833,15.09000015258789,1679700
2022-04-18,14.680000305175781,14.890000343322754,14.600000381469727,14.710000038146973,1457700
2022-04-19,14.890000343322754,14.960000038146973,14.59000015258789,14.65999984741211,1734900
2022-04-20,15.210000038146973,15.34000015258789,15.010000228881836,15.010000228881836,1016400
2022-04-21,15.140000343322754,15.489999771118164,15.079999923706055,15.359999656677246,2251600
2022-04-22,14.859999656677246,15.3100004196167,14.819999694824219,15.119999885559082,2058700
2022-04-25,15.0600004196167,15.069999694824219,14.640000343322754,14.789999961853027,1809100
2022-04-26,14.520000457763672,14.989999771118164,14.520000457763672,14.9399995803833,1763900
2022-04-27,14.40999984741211,14.649999618530273,14.34000015258789,14.5,1632800
2022-04-28,14.760000228881836,14.819999694824219,14.369999885559082,14.5,1404100
2022-04-29,14.34000015258789,14.84000015258789,14.239999771118164,14.649999618530273,2255900
2022-05-02,14.550000190734863,14.619999885559082,14.239999771118164,14.289999961853027,2751700
2022-05-03,14.430000305175781,14.710000038146973,14.3100004196167,14.489999771118164,2735900
2022-05-04,14.9399995803833,15.050000190734863,14.020000457763672,14.15999984741211,2338000
2022-05-05,14.720000267028809,14.899999618530273,14.510000228881836,14.770000457763672,2658200
2022-05-06,14.420000076293945,14.670000076293945,14.289999961853027,14.59000015258789,1765300
2022-05-09,14.1899995803833,14.420000076293945,14.039999961853027,14.270000457763672,1902700
2022-05-10,14.279999732971191,14.529999732971191,14.050000190734863,14.350000381469727,2060200
2022-05-11,14.109999656677246,14.600000381469727,14.09000015258789,14.229999542236328,1517500
2022-05-12,13.989999771118164,14.229999542236328,13.739999771118164,14.0,1618300
2022-05-13,14.380000114440918,14.5,14.020000457763672,14.09000015258789,1584300
2022-05-16,14.229999542236328,14.460000038146973,14.199999809265137,14.319999694824219,1148800
2022-05-17,14.680000305175781,14.710000038146973,14.40999984741211,14.4399995803833,1265600
2022-05-18,14.510000228881836,14.779999732971191,14.329999923706055,14.460000038146973,2151800
2022-05-19,14.289999961853027,14.59000015258789,14.0600004196167,14.319999694824219,1948400
2022-05-20,14.229999542236328,14.4399995803833,13.930000305175781,14.420000076293945,1488000
2022-05-23,14.279999732971191,14.40999984741211,14.149999618530273,14.25,1162100
2022-05-24,14.170000076293945,14.329999923706055,13.90999984741211,14.1899995803833,1041400
2022-05-25,14.149999618530273,14.300000190734863,14.050000190734863,14.15999984741211,1123700
2022-05-26,14.430000305175781,14.510000228881836,14.079999923706055,14.15999984741211,1099700
2022-05-27,14.819999694824219,14.829999923706055,14.59000015258789,14.609999656677246,1341600
2022-05-31,14.470000267028809,14.699999809265137,14.130000114440918,14.699999809265137,2799200
2022-06-01,14.59000015258789,14.699999809265137,14.380000114440918,14.579999923706055,1292200
2022-06-02,15.050000190734863,15.050000190734863,14.520000457763672,14.550000190734863,824500
2022-06-03,14.779999732971191,14.90999984741211,14.649999618530273,14.859999656677246,852600
2022-06-06,14.789999961853027,15.010000228881836,14.720000267028809,14.880000114440918,1426100
2022-06-07,15.069999694824219,15.100000381469727,14.640000343322754,14.680000305175781,1371800
2022-06-08,14.850000381469727,15.09000015258789,14.760000228881836,15.079999923706055,1195400
2022-06-09,14.40999984741211,14.869999885559082,14.380000114440918,14.800000190734863,1379300
2022-06-10,14.109999656677246,14.399999618530273,14.069999694824219,14.229999542236328,1042900
2022-06-13,13.5,13.90999984741211,13.460000038146973,13.819999694824219,1448500
2022-06-14,13.529999732971191,13.640000343322754,13.380000114440918,13.539999961853027,1272300
2022-06-15,13.75,13.960000038146973,13.550000190734863,13.699999809265137,1432000
2022-06-16,13.050000190734863,13.630000114440918,12.949999809265137,13.430000305175781,1396300
2022-06-17,13.109999656677246,13.34000015258789,13.029999732971191,13.170000076293945,2494800
2022-06-21,13.270000457763672,13.380000114440918,13.15999984741211,13.229999542236328,1214500
2022-06-22,13.079999923706055,13.289999961853027,13.020000457763672,13.140000343322754,2823400
2022-06-23,13.15999984741211,13.300000190734863,12.989999771118164,13.119999885559082,2416400
2022-06-24,13.65999984741211,13.760000228881836,13.270000457763672,13.34000015258789,3757100
2022-06-27,13.649999618530273,13.829999923706055,13.579999923706055,13.75,1049500
2022-06-28,13.319999694824219,13.770000457763672,13.319999694824219,13.65999984741211,1191600
2022-06-29,13.279999732971191,13.430000305175781,13.109999656677246,13.350000381469727,994800
2022-06-30,13.229999542236328,13.329999923706055,13.020000457763672,13.180000305175781,1840900
2022-07-01,13.09000015258789,13.270000457763672,12.859999656677246,13.149999618530273,1135800
2022-07-05,13.109999656677246,13.109999656677246,12.649999618530273,12.859999656677246,1336300
2022-07-06,13.109999656677246,13.229999542236328,13.0,13.130000114440918,1129600
2022-07-07,13.479999542236328,13.5600004196167,13.1899995803833,13.1899995803833,1477100
2022-07-08,13.460000038146973,13.5600004196167,13.270000457763672,13.390000343322754,731000
2022-07-11,13.34000015258789,13.470000267028809,13.279999732971191,13.430000305175781,740900
2022-07-12,13.319999694824219,13.489999771118164,13.260000228881836,13.300000190734863,788700
2022-07-13,13.359999656677246,13.420000076293945,13.079999923706055,13.149999618530273,1202200
2022-07-14,13.369999885559082,13.399999618530273,13.029999732971191,13.180000305175781,1374000
2022-07-15,13.670000076293945,13.680000305175781,13.399999618530273,13.630000114440918,1138800
2022-07-18,13.6899995803833,13.779999732971191,13.630000114440918,13.65999984741211,1493900
2022-07-19,13.949999809265137,14.020000457763672,13.449999809265137,13.529999732971191,2910200
2022-07-20,14.279999732971191,14.3100004196167,13.9399995803833,13.979999542236328,1391300
2022-07-21,14.59000015258789,14.600000381469727,14.260000228881836,14.3100004196167,1274900
2022-07-22,14.460000038146973,14.600000381469727,14.170000076293945,14.600000381469727,981100
2022-07-25,14.329999923706055,14.489999771118164,14.229999542236328,14.489999771118164,1191900
2022-07-26,14.270000457763672,14.460000038146973,14.260000228881836,14.300000190734863,1009200
2022-07-27,14.40999984741211,14.529999732971191,14.119999885559082,14.319999694824219,2030500
2022-07-28,14.760000228881836,14.8100004196167,14.4399995803833,14.5,848700
2022-07-29,14.800000190734863,14.890000343322754,14.649999618530273,14.75,2029000
2022-08-01,14.979999542236328,15.109999656677246,14.699999809265137,14.779999732971191,1265000
2022-08-02,14.859999656677246,14.979999542236328,14.770000457763672,14.9399995803833,814000
2022-08-03,15.100000381469727,15.170000076293945,14.84000015258789,14.869999885559082,2713200
2022-08-04,15.140000343322754,15.149999618530273,15.0,15.149999618530273,918700
2022-08-05,15.25,15.270000457763672,14.979999542236328,15.020000457763672,802800
2022-08-08,15.149999618530273,15.329999923706055,15.09000015258789,15.25,1244400
2022-08-09,14.75,15.109999656677246,14.710000038146973,15.050000190734863,1972300
2022-08-10,15.289999961853027,15.350000381469727,14.850000381469727,14.930000305175781,1252900
2022-08-11,15.270000457763672,15.539999961853027,15.1899995803833,15.359999656677246,1387100
2022-08-12,15.5,16.0,15.369999885559082,15.720000267028809,2419300
2022-08-15,15.789999961853027,15.800000190734863,15.369999885559082,15.369999885559082,1763100
2022-08-16,15.59000015258789,15.699999809265137,15.5,15.680000305175781,2494700
2022-08-17,15.34000015258789,15.449999809265137,15.180000305175781,15.4399995803833,1107300
2022-08-18,15.770000457763672,15.819999694824219,15.329999923706055,15.350000381469727,1056000
2022-08-19,15.630000114440918,15.75,15.59000015258789,15.739999771118164,925600
2022-08-22,15.3100004196167,15.4399995803833,15.279999732971191,15.399999618530273,806800
2022-08-23,15.0,15.399999618530273,14.989999771118164,15.25,1536800
2022-08-24,14.949999809265137,15.119999885559082,14.9399995803833,15.050000190734863,1274500
2022-08-25,15.119999885559082,15.15999984741211,14.960000038146973,14.960000038146973,2184400
2022-08-26,14.550000190734863,15.220000267028809,14.529999732971191,15.15999984741211,1004100
2022-08-29,14.399999618530273,14.579999923706055,14.399999618530273,14.420000076293945,795200
2022-08-30,14.180000305175781,14.550000190734863,14.109999656677246,14.470000267028809,1128700
2022-08-31,14.079999923706055,14.300000190734863,14.029999732971191,14.300000190734863,1537300
2022-09-01,13.739999771118164,13.960000038146973,13.609999656677246,13.859999656677246,1669200
2022-09-02,13.619999885559082,13.890000343322754,13.609999656677246,13.859999656677246,1267800
2022-09-06,13.380000114440918,13.729999542236328,13.25,13.729999542236328,3653100
2022-09-07,13.779999732971191,13.800000190734863,13.380000114440918,13.449999809265137,2545000
2022-09-08,14.09000015258789,14.109999656677246,13.359999656677246,13.670000076293945,2410600
2022-09-09,14.300000190734863,14.449999809265137,14.199999809265137,14.270000457763672,1550900
2022-09-12,14.65999984741211,14.760000228881836,14.350000381469727,14.399999618530273,1920300
2022-09-13,14.140000343322754,14.770000457763672,14.069999694824219,14.600000381469727,2775900
2022-09-14,14.399999618530273,14.40999984741211,14.100000381469727,14.229999542236328,1876500
2022-09-15,14.180000305175781,14.399999618530273,14.050000190734863,14.359999656677246,2671100
2022-09-16,13.930000305175781,14.15999984741211,13.710000038146973,14.09000015258789,2761100
2022-09-19,13.979999542236328,14.0,13.789999961853027,13.800000190734863,2159400
2022-09-20,13.789999961853027,13.989999771118164,13.6899995803833,13.9399995803833,894300
2022-09-21,13.640000343322754,14.020000457763672,13.640000343322754,13.859999656677246,2440600
2022-09-22,13.289999961853027,13.619999885559082,13.210000038146973,13.619999885559082,2124400
2022-09-23,13.239999771118164,13.260000228881836,12.9399995803833,13.15999984741211,1484800
2022-09-26,13.029999732971191,13.3100004196167,12.90999984741211,13.170000076293945,1520200
2022-09-27,13.029999732971191,13.3100004196167,12.90999984741211,13.130000114440918,943800
2022-09-28,13.3100004196167,13.40999984741211,12.930000305175781,13.039999961853027,1301600
2022-09-29,13.1899995803833,13.220000267028809,12.979999542236328,13.130000114440918,1237300
2022-09-30,13.050000190734863,13.430000305175781,13.029999732971191,13.170000076293945,1355600
2022-10-03,13.4399995803833,13.550000190734863,13.09000015258789,13.15999984741211,1104400
2022-10-04,14.029999732971191,14.029999732971191,13.699999809265137,13.720000267028809,1744600
2022-10-05,13.930000305175781,14.020000457763672,13.800000190734863,13.819999694824219,1401700
2022-10-06,14.239999771118164,14.359999656677246,13.989999771118164,14.010000228881836,1573000
2022-10-07,14.010000228881836,14.1899995803833,13.789999961853027,14.0,1602600
2022-10-10,13.850000381469727,14.109999656677246,13.729999542236328,14.010000228881836,1063300
2022-10-11,13.460000038146973,13.819999694824219,13.390000343322754,13.779999732971191,1469400
2022-10-12,13.380000114440918,13.529999732971191,13.359999656677246,13.5,1147000
2022-10-13,13.670000076293945,13.800000190734863,12.970000267028809,13.109999656677246,1692600
2022-10-14,13.369999885559082,13.8100004196167,13.359999656677246,13.789999961853027,986500
2022-10-17,13.729999542236328,13.869999885559082,13.539999961853027,13.609999656677246,1798800
2022-10-18,13.930000305175781,14.119999885559082,13.770000457763672,13.970000267028809,1014800
2022-10-19,13.829999923706055,13.930000305175781,13.630000114440918,13.8100004196167,1040800
2022-10-20,13.979999542236328,14.239999771118164,13.779999732971191,13.789999961853027,904600
2022-10-21,14.380000114440918,14.420000076293945,13.930000305175781,14.069999694824219,905000
2022-10-24,14.489999771118164,14.520000457763672,14.239999771118164,14.479999542236328,996300
2022-10-25,14.869999885559082,14.960000038146973,14.430000305175781,14.430000305175781,1204300
2022-10-26,14.970000267028809,15.1899995803833,14.760000228881836,14.869999885559082,1381300
2022-10-27,14.859999656677246,15.1899995803833,14.829999923706055,15.050000190734863,810000
2022-10-28,15.25,15.319999694824219,14.90999984741211,14.930000305175781,956300
2022-10-31,15.100000381469727,15.1899995803833,14.949999809265137,15.15999984741211,1345700
2022-11-01,15.109999656677246,15.270000457763672,14.880000114440918,15.1899995803833,1083000
2022-11-02,14.59000015258789,15.170000076293945,14.579999923706055,15.149999618530273,1174000
2022-11-03,14.3100004196167,14.479999542236328,14.199999809265137,14.420000076293945,1629400
2022-11-04,10.989999771118164,12.199999809265137,10.039999961853027,12.149999618530273,10956400
2022-11-07,10.489999771118164,11.069999694824219,10.430000305175781,11.0,4675200
2022-11-08,10.670000076293945,10.880000114440918,10.399999618530273,10.460000038146973,3924100
2022-11-09,10.149999618530273,10.619999885559082,10.100000381469727,10.619999885559082,2819600
2022-11-10,11.09000015258789,11.319999694824219,10.579999923706055,10.609999656677246,2536200
2022-11-11,11.010000228881836,11.220000267028809,10.869999885559082,11.020000457763672,2587800
2022-11-14,10.90999984741211,11.210000038146973,10.899999618530273,10.9399995803833,2076100
2022-11-15,11.029999732971191,11.329999923706055,10.979999542236328,11.140000343322754,1651500
2022-11-16,10.850000381469727,10.989999771118164,10.649999618530273,10.920000076293945,2071500
2022-11-17,10.869999885559082,10.9399995803833,10.680000305175781,10.680000305175781,1855600
2022-11-18,11.09000015258789,11.380000114440918,11.069999694824219,11.109999656677246,1894100
2022-11-21,11.149999618530273,11.1899995803833,10.989999771118164,11.039999961853027,1995000
2022-11-22,11.100000381469727,11.350000381469727,11.010000228881836,11.199999809265137,1515300
2022-11-23,11.050000190734863,11.229999542236328,11.020000457763672,11.09000015258789,788000
2022-11-25,11.020000457763672,11.180000305175781,11.010000228881836,11.029999732971191,610600
2022-11-28,11.010000228881836,11.180000305175781,10.890000343322754,10.930000305175781,1736200
2022-11-29,10.829999923706055,11.050000190734863,10.800000190734863,10.949999809265137,1168500
2022-11-30,11.329999923706055,11.34000015258789,10.75,10.779999732971191,2154500
2022-12-01,11.359999656677246,11.569999694824219,11.3100004196167,11.350000381469727,1780000
2022-12-02,11.149999618530273,11.229999542236328,11.0,11.119999885559082,1958100
2022-12-05,10.880000114440918,11.130000114440918,10.779999732971191,11.100000381469727,1445300
2022-12-06,10.65999984741211,10.899999618530273,10.579999923706055,10.859999656677246,1429700
2022-12-07,10.65999984741211,10.670000076293945,10.460000038146973,10.609999656677246,2218300
2022-12-08,10.949999809265137,11.109999656677246,10.770000457763672,10.770000457763672,2962600
2022-12-09,10.65999984741211,11.0,10.649999618530273,11.0,1848200
2022-12-12,10.699999809265137,10.779999732971191,10.579999923706055,10.710000038146973,1367600
2022-12-13,10.84000015258789,11.220000267028809,10.8100004196167,11.0,1723800
2022-12-14,10.640000343322754,10.9399995803833,10.579999923706055,10.789999961853027,2071200
2022-12-15,10.569999694824219,10.640000343322754,10.40999984741211,10.529999732971191,2326600
2022-12-16,10.380000114440918,10.680000305175781,10.199999809265137,10.430000305175781,5152000
2022-12-19,10.079999923706055,10.4399995803833,10.039999961853027,10.40999984741211,1784800
2022-12-20,10.220000267028809,10.270000457763672,9.989999771118164,10.010000228881836,1741400
2022-12-21,10.300000190734863,10.359999656677246,10.210000038146973,10.3100004196167,1098200
2022-12-22,10.180000305175781,10.220000267028809,9.989999771118164,10.180000305175781,1284400
2022-12-23,10.25,10.270000457763672,10.050000190734863,10.180000305175781,934500
2022-12-27,10.270000457763672,10.3100004196167,10.100000381469727,10.25,731700
2022-12-28,10.09000015258789,10.34000015258789,10.0600004196167,10.229999542236328,882400
2022-12-29,10.520000457763672,10.5600004196167,10.199999809265137,10.210000038146973,1019400
2022-12-30,10.510000228881836,10.520000457763672,10.329999923706055,10.390000343322754,1144900
2023-01-03,10.65999984741211,10.760000228881836,10.5,10.59000015258789,1217500
2023-01-04,10.75,10.880000114440918,10.609999656677246,10.760000228881836,1332400
2023-01-05,10.670000076293945,10.84000015258789,10.609999656677246,10.729999542236328,1003200
2023-01-06,10.989999771118164,10.989999771118164,10.710000038146973,10.829999923706055,884300
2023-01-09,11.100000381469727,11.170000076293945,10.970000267028809,11.029999732971191,1168900
2023-01-10,11.149999618530273,11.170000076293945,11.0,11.119999885559082,1324100
2023-01-11,11.15999984741211,11.270000457763672,11.100000381469727,11.149999618530273,852400
2023-01-12,11.369999885559082,11.369999885559082,11.130000114440918,11.229999542236328,1270500
2023-01-13,11.239999771118164,11.399999618530273,11.220000267028809,11.239999771118164,1095300
2023-01-17,11.1899995803833,11.4399995803833,11.180000305175781,11.279999732971191,1080900
2023-01-18,11.140000343322754,11.34000015258789,11.119999885559082,11.1899995803833,856300
2023-01-19,11.029999732971191,11.149999618530273,10.989999771118164,11.069999694824219,1075200
2023-01-20,11.039999961853027,11.100000381469727,10.869999885559082,11.029999732971191,1802500
2023-01-23,11.3100004196167,11.329999923706055,10.970000267028809,11.0600004196167,3038200
2023-01-24,11.09000015258789,11.40999984741211,11.069999694824219,11.34000015258789,1156800
2023-01-25,11.170000076293945,11.260000228881836,10.899999618530273,11.020000457763672,1124800
2023-01-26,11.279999732971191,11.369999885559082,11.100000381469727,11.3100004196167,1185700
2023-01-27,11.199999809265137,11.270000457763672,11.170000076293945,11.260000228881836,1236500
2023-01-30,11.140000343322754,11.170000076293945,11.020000457763672,11.149999618530273,1043200
2023-01-31,11.300000190734863,11.3100004196167,11.029999732971191,11.119999885559082,2567200
2023-02-01,11.430000305175781,11.510000228881836,11.119999885559082,11.25,2658300
2023-02-02,11.5,11.630000114440918,11.319999694824219,11.569999694824219,5744900
2023-02-03,11.65999984741211,12.1899995803833,11.390000343322754,12.1899995803833,4291200
2023-02-06,11.3100004196167,11.680000305175781,11.260000228881836,11.569999694824219,2142300
2023-02-07,11.399999618530273,11.4399995803833,11.100000381469727,11.210000038146973,2058000
2023-02-08,11.390000343322754,11.539999961853027,11.270000457763672,11.319999694824219,1931200
2023-02-09,11.239999771118164,11.5,11.15999984741211,11.4399995803833,1260700
2023-02-10,11.140000343322754,11.199999809265137,11.050000190734863,11.180000305175781,1029600
2023-02-13,11.279999732971191,11.279999732971191,11.119999885559082,11.140000343322754,1075900
2023-02-14,11.210000038146973,11.399999618530273,11.0600004196167,11.199999809265137,1360900
2023-02-15,11.279999732971191,11.300000190734863,11.109999656677246,11.300000190734863,986600
2023-02-16,11.149999618530273,11.220000267028809,11.0600004196167,11.130000114440918,1775500
2023-02-17,11.140000343322754,11.180000305175781,11.039999961853027,11.180000305175781,2136900
2023-02-21,10.920000076293945,11.069999694824219,10.859999656677246,11.0,1927800
2023-02-22,11.079999923706055,11.130000114440918,10.880000114440918,10.930000305175781,2011600
2023-02-23,11.0600004196167,11.1899995803833,10.970000267028809,11.15999984741211,1198700
2023-02-24,10.760000228881836,10.920000076293945,10.609999656677246,10.920000076293945,2498600
2023-02-27,10.789999961853027,10.970000267028809,10.75,10.859999656677246,1792200
2023-02-28,10.9399995803833,11.050000190734863,10.729999542236328,10.729999542236328,2981800
2023-03-01,10.770000457763672,10.970000267028809,10.680000305175781,10.90999984741211,1650200
2023-03-02,10.5600004196167,10.640000343322754,10.399999618530273,10.579999923706055,7639000
2023-03-03,10.710000038146973,10.8100004196167,10.640000343322754,10.670000076293945,1593000
2023-03-06,10.510000228881836,10.979999542236328,10.5,10.979999542236328,1964400
2023-03-07,10.34000015258789,10.569999694824219,10.229999542236328,10.5600004196167,2159100
2023-03-08,10.510000228881836,10.529999732971191,10.210000038146973,10.350000381469727,2011200
2023-03-09,10.449999809265137,10.760000228881836,10.430000305175781,10.59000015258789,2085400
2023-03-10,10.3100004196167,10.4399995803833,10.1899995803833,10.4399995803833,1989400
2023-03-13,10.1899995803833,10.300000190734863,10.0600004196167,10.199999809265137,1546000
2023-03-14,10.5600004196167,10.600000381469727,10.350000381469727,10.399999618530273,2048800
2023-03-15,10.260000228881836,10.520000457763672,10.079999923706055,10.390000343322754,2131000
2023-03-16,10.40999984741211,10.449999809265137,10.109999656677246,10.170000076293945,1438500
2023-03-17,10.25,10.449999809265137,10.15999984741211,10.399999618530273,4699300
2023-03-20,10.529999732971191,10.5600004196167,10.260000228881836,10.260000228881836,1624100
2023-03-21,10.630000114440918,10.770000457763672,10.569999694824219,10.649999618530273,1637100
2023-03-22,10.4399995803833,10.670000076293945,10.4399995803833,10.579999923706055,1916500
2023-03-23,10.449999809265137,10.640000343322754,10.3100004196167,10.5,1208700
2023-03-24,10.399999618530273,10.420000076293945,10.300000190734863,10.390000343322754,986600
2023-03-27,10.359999656677246,10.520000457763672,10.329999923706055,10.470000267028809,778500
2023-03-28,10.319999694824219,10.34000015258789,10.239999771118164,10.319999694824219,876500
2023-03-29,10.489999771118164,10.520000457763672,10.25,10.420000076293945,2392800
2023-03-30,10.569999694824219,10.699999809265137,10.539999961853027,10.600000381469727,1819000
2023-03-31,10.829999923706055,10.850000381469727,10.59000015258789,10.600000381469727,2713800
2023-04-03,10.649999618530273,10.8100004196167,10.5600004196167,10.800000190734863,1092900
2023-04-04,10.460000038146973,10.65999984741211,10.4399995803833,10.640000343322754,812200
2023-04-05,10.369999885559082,10.430000305175781,10.34000015258789,10.430000305175781,1190400
2023-04-06,10.359999656677246,10.380000114440918,10.039999961853027,10.100000381469727,1519000
2023-04-10,10.479999542236328,10.5,10.300000190734863,10.34000015258789,1506500
2023-04-11,10.319999694824219,10.520000457763672,10.300000190734863,10.460000038146973,931700
2023-04-12,10.279999732971191,10.449999809265137,10.260000228881836,10.4399995803833,677600
2023-04-13,10.390000343322754,10.420000076293945,10.25,10.289999961853027,971400
2023-04-14,10.239999771118164,10.430000305175781,10.15999984741211,10.390000343322754,848600
2023-04-17,9.3100004196167,9.539999961853027,8.899999618530273,9.369999885559082,6024400
2023-04-18,9.140000343322754,9.390000343322754,9.039999961853027,9.329999923706055,2448500
2023-04-19,9.029999732971191,9.149999618530273,8.979999542236328,9.0600004196167,2053100
2023-04-20,8.979999542236328,9.119999885559082,8.920000076293945,8.9399995803833,2227300
2023-04-21,8.930000305175781,9.0,8.880000114440918,8.960000038146973,1795900
2023-04-24,8.989999771118164,9.010000228881836,8.869999885559082,8.949999809265137,1871600
2023-04-25,8.729999542236328,8.949999809265137,8.699999809265137,8.90999984741211,2533400
2023-04-26,8.670000076293945,8.770000457763672,8.649999618530273,8.720000267028809,1997200
2023-04-27,8.779999732971191,8.800000190734863,8.619999885559082,8.680000305175781,1586600
2023-04-28,8.960000038146973,8.989999771118164,8.770000457763672,8.789999961853027,2233200
2023-05-01,8.989999771118164,9.029999732971191,8.899999618530273,8.920000076293945,2267900
2023-05-02,8.859999656677246,8.979999542236328,8.84000015258789,8.899999618530273,2029100
2023-05-03,9.010000228881836,9.170000076293945,8.520000457763672,8.600000381469727,3576200
2023-05-04,9.100000381469727,9.199999809265137,8.989999771118164,9.010000228881836,2158500
2023-05-05,9.15999984741211,9.270000457763672,9.039999961853027,9.210000038146973,2002300
2023-05-08,9.100000381469727,9.3100004196167,9.039999961853027,9.180000305175781,1522300
2023-05-09,8.930000305175781,9.0600004196167,8.880000114440918,9.020000457763672,1315500
2023-05-10,9.149999618530273,9.149999618530273,8.9399995803833,9.069999694824219,1506400
2023-05-11,9.170000076293945,9.180000305175781,8.949999809265137,9.100000381469727,1862200
2023-05-12,9.15999984741211,9.220000267028809,9.050000190734863,9.220000267028809,1189800
2023-05-15,9.289999961853027,9.3100004196167,9.119999885559082,9.149999618530273,1311700
2023-05-16,9.220000267028809,9.319999694824219,9.1899995803833,9.239999771118164,1008200
2023-05-17,9.479999542236328,9.539999961853027,9.170000076293945,9.260000228881836,1502400
2023-05-18,9.630000114440918,9.670000076293945,9.390000343322754,9.4399995803833,1202500
2023-05-19,9.680000305175781,9.720000267028809,9.569999694824219,9.720000267028809,1317000
2023-05-22,9.819999694824219,9.890000343322754,9.630000114440918,9.699999809265137,1307600
2023-05-23,9.680000305175781,9.850000381469727,9.670000076293945,9.729999542236328,1229600
2023-05-24,9.489999771118164,9.649999618530273,9.430000305175781,9.619999885559082,1174700
2023-05-25,9.649999618530273,9.6899995803833,9.479999542236328,9.479999542236328,1167400
2023-05-26,10.0,10.050000190734863,9.619999885559082,9.640000343322754,2315700
2023-05-30,10.039999961853027,10.149999618530273,9.979999542236328,10.069999694824219,1879300
2023-05-31,9.84000015258789,10.039999961853027,9.789999961853027,9.949999809265137,3322000
2023-06-01,9.8100004196167,9.869999885559082,9.680000305175781,9.819999694824219,1108300
2023-06-02,9.989999771118164,10.050000190734863,9.829999923706055,9.90999984741211,1446500
2023-06-05,9.649999618530273,9.979999542236328,9.510000228881836,9.979999542236328,1687100
2023-06-06,9.760000228881836,9.850000381469727,9.510000228881836,9.569999694824219,2065200
2023-06-07,9.930000305175781,10.029999732971191,9.850000381469727,9.850000381469727,1263800
2023-06-08,9.75,9.989999771118164,9.699999809265137,9.960000038146973,2387500
2023-06-09,9.789999961853027,9.829999923706055,9.699999809265137,9.779999732971191,1125800
2023-06-12,10.229999542236328,10.270000457763672,9.800000190734863,9.800000190734863,1616800
2023-06-13,10.220000267028809,10.369999885559082,10.210000038146973,10.25,1700100
2023-06-14,10.229999542236328,10.399999618530273,10.130000114440918,10.239999771118164,2110800
2023-06-15,10.470000267028809,10.489999771118164,10.100000381469727,10.170000076293945,2059900
2023-06-16,10.649999618530273,10.680000305175781,10.470000267028809,10.59000015258789,5310100
2023-06-20,10.5600004196167,10.680000305175781,10.479999542236328,10.640000343322754,1773100
2023-06-21,10.430000305175781,10.550000190734863,10.279999732971191,10.470000267028809,2170800
2023-06-22,10.260000228881836,10.430000305175781,10.170000076293945,10.430000305175781,2594100
2023-06-23,10.399999618530273,10.430000305175781,10.109999656677246,10.119999885559082,4633200
2023-06-26,10.600000381469727,10.649999618530273,10.390000343322754,10.460000038146973,2144300
2023-06-27,10.859999656677246,10.890000343322754,10.59000015258789,10.600000381469727,2354800
2023-06-28,10.90999984741211,10.930000305175781,10.760000228881836,10.850000381469727,1373700
2023-06-29,11.09000015258789,11.109999656677246,10.890000343322754,10.90999984741211,1592700
2023-06-30,11.329999923706055,11.359999656677246,11.1899995803833,11.210000038146973,2238100
2023-07-03,11.359999656677246,11.420000076293945,11.220000267028809,11.229999542236328,1026800
2023-07-05,11.210000038146973,11.289999961853027,11.149999618530273,11.289999961853027,1516400
2023-07-06,11.210000038146973,11.229999542236328,11.100000381469727,11.15999984741211,1255000
2023-07-07,11.369999885559082,11.510000228881836,11.1899995803833,11.199999809265137,1235500
2023-07-10,11.510000228881836,11.59000015258789,11.329999923706055,11.350000381469727,1113400
2023-07-11,11.449999809265137,11.649999618530273,11.369999885559082,11.609999656677246,1661200
2023-07-12,11.520000457763672,11.600000381469727,11.359999656677246,11.569999694824219,1200900
2023-07-13,11.470000267028809,11.600000381469727,11.4399995803833,11.539999961853027,1243400
2023-07-14,11.109999656677246,11.399999618530273,10.880000114440918,11.399999618530273,1964900
2023-07-17,11.069999694824219,11.1899995803833,11.0,11.09000015258789,2359400
2023-07-18,10.960000038146973,11.069999694824219,10.859999656677246,11.050000190734863,1922600
2023-07-19,11.029999732971191,11.1899995803833,10.899999618530273,11.029999732971191,2233700
2023-07-20,11.010000228881836,11.0600004196167,10.899999618530273,11.020000457763672,1304600
2023-07-21,11.119999885559082,11.220000267028809,10.90999984741211,11.09000015258789,1939000
2023-07-24,10.930000305175781,11.229999542236328,10.920000076293945,11.119999885559082,981500
2023-07-25,10.949999809265137,11.020000457763672,10.850000381469727,10.920000076293945,1109600
2023-07-26,10.989999771118164,11.020000457763672,10.819999694824219,10.9399995803833,1380800
2023-07-27,10.829999923706055,11.100000381469727,10.829999923706055,11.100000381469727,1377500
2023-07-28,10.800000190734863,10.9399995803833,10.760000228881836,10.869999885559082,1246000
2023-07-31,10.869999885559082,10.9399995803833,10.760000228881836,10.8100004196167,1777700
2023-08-01,11.029999732971191,11.050000190734863,10.859999656677246,10.920000076293945,925500
2023-08-02,10.880000114440918,10.989999771118164,10.859999656677246,10.930000305175781,1025600
2023-08-03,10.84000015258789,10.920000076293945,10.729999542236328,10.8100004196167,1126000
2023-08-04,10.899999618530273,11.039999961853027,10.8100004196167,10.8100004196167,1295100
2023-08-07,10.979999542236328,11.0,10.739999771118164,10.90999984741211,1332900
2023-08-08,10.859999656677246,10.9399995803833,10.699999809265137,10.880000114440918,1433000
2023-08-09,10.75,10.850000381469727,10.649999618530273,10.850000381469727,2540600
2023-08-10,10.680000305175781,10.970000267028809,10.609999656677246,10.800000190734863,3157700
2023-08-11,10.40999984741211,10.710000038146973,9.930000305175781,10.710000038146973,3682400
2023-08-14,10.380000114440918,10.40999984741211,10.229999542236328,10.40999984741211,2154100
2023-08-15,10.15999984741211,10.380000114440918,10.130000114440918,10.350000381469727,1597700
2023-08-16,9.880000114440918,10.180000305175781,9.869999885559082,10.09000015258789,3009600
2023-08-17,10.140000343322754,10.180000305175781,9.859999656677246,9.949999809265137,2126600
2023-08-18,10.140000343322754,10.239999771118164,9.989999771118164,10.029999732971191,1247000
2023-08-21,10.130000114440918,10.149999618530273,9.970000267028809,10.140000343322754,1453600
2023-08-22,10.520000457763672,10.529999732971191,10.140000343322754,10.220000267028809,2187300
2023-08-23,10.479999542236328,10.569999694824219,10.380000114440918,10.529999732971191,1233100
2023-08-24,10.270000457763672,10.529999732971191,10.260000228881836,10.510000228881836,884300
2023-08-25,10.25,10.359999656677246,10.220000267028809,10.3100004196167,1207300
2023-08-28,10.210000038146973,10.380000114440918,10.199999809265137,10.270000457763672,795400
2023-08-29,10.40999984741211,10.40999984741211,10.220000267028809,10.239999771118164,1164100
2023-08-30,10.520000457763672,10.579999923706055,10.350000381469727,10.380000114440918,1252700
2023-08-31,10.449999809265137,10.65999984741211,10.4399995803833,10.470000267028809,2110000
2023-09-01,10.5,10.5600004196167,10.3100004196167,10.520000457763672,1348500
2023-09-05,10.149999618530273,10.399999618530273,10.0600004196167,10.399999618530273,1844000
2023-09-06,10.079999923706055,10.199999809265137,10.039999961853027,10.149999618530273,1032600
2023-09-07,9.9399995803833,10.0600004196167,9.90999984741211,10.0,1277500
2023-09-08,9.800000190734863,9.9399995803833,9.770000457763672,9.920000076293945,1413700
2023-09-11,9.880000114440918,9.890000343322754,9.710000038146973,9.859999656677246,1617500
2023-09-12,9.710000038146973,9.880000114440918,9.680000305175781,9.829999923706055,1413900
2023-09-13,9.75,9.779999732971191,9.609999656677246,9.649999618530273,1632100
2023-09-14,9.920000076293945,10.069999694824219,9.829999923706055,9.850000381469727,1878300
2023-09-15,9.850000381469727,10.010000228881836,9.739999771118164,9.90999984741211,4457200
2023-09-18,9.770000457763672,9.989999771118164,9.699999809265137,9.989999771118164,930300
2023-09-19,9.670000076293945,9.829999923706055,9.65999984741211,9.770000457763672,1642800
2023-09-20,9.529999732971191,9.75,9.520000457763672,9.710000038146973,1227200
2023-09-21,9.25,9.430000305175781,9.199999809265137,9.430000305175781,2708200
2023-09-22,9.220000267028809,9.40999984741211,9.109999656677246,9.300000190734863,5279700
2023-09-25,9.149999618530273,9.329999923706055,9.109999656677246,9.1899995803833,1456200
2023-09-26,8.880000114440918,9.149999618530273,8.850000381469727,9.100000381469727,1946500
2023-09-27,9.010000228881836,9.020000457763672,8.880000114440918,8.899999618530273,1891000
2023-09-28,9.180000305175781,9.210000038146973,8.989999771118164,9.010000228881836,1978100
2023-09-29,9.140000343322754,9.319999694824219,9.119999885559082,9.239999771118164,2043300
2023-10-02,8.970000267028809,9.149999618530273,8.850000381469727,9.130000114440918,2105200
2023-10-03,9.010000228881836,9.050000190734863,8.899999618530273,8.9399995803833,1343300
2023-10-04,8.600000381469727,9.069999694824219,8.479999542236328,8.970000267028809,3126700
2023-10-05,8.220000267028809,8.680000305175781,8.180000305175781,8.640000343322754,3307100
2023-10-06,8.210000038146973,8.319999694824219,8.0600004196167,8.180000305175781,3799200
2023-10-09,8.170000076293945,8.270000457763672,8.100000381469727,8.130000114440918,2214500
2023-10-10,8.279999732971191,8.40999984741211,8.1899995803833,8.1899995803833,3302500
2023-10-11,8.270000457763672,8.460000038146973,8.170000076293945,8.329999923706055,2539300
2023-10-12,8.079999923706055,8.289999961853027,8.020000457763672,8.289999961853027,2762300
2023-10-13,7.889999866485596,8.15999984741211,7.860000133514404,8.079999923706055,1313500
2023-10-16,8.140000343322754,8.1899995803833,7.96999979019165,7.96999979019165,2743300
2023-10-17,7.840000152587891,8.069999694824219,7.78000020980835,7.989999771118164,3737900
2023-10-18,7.619999885559082,7.800000190734863,7.550000190734863,7.760000228881836,2180100
2023-10-19,7.579999923706055,7.760000228881836,7.519999980926514,7.559999942779541,2263100
2023-10-20,7.559999942779541,7.639999866485596,7.53000020980835,7.590000152587891,1887200
2023-10-23,7.53000020980835,7.619999885559082,7.440000057220459,7.510000228881836,2223500
2023-10-24,7.590000152587891,7.690000057220459,7.449999809265137,7.579999923706055,1591000
2023-10-25,7.449999809265137,7.550000190734863,7.440000057220459,7.510000228881836,1240500
2023-10-26,7.440000057220459,7.53000020980835,7.409999847412109,7.460000038146973,1179500
2023-10-27,7.460000038146973,7.460000038146973,7.260000228881836,7.420000076293945,1824400
2023-10-30,7.5,7.650000095367432,7.440000057220459,7.53000020980835,3656100
2023-10-31,7.78000020980835,7.869999885559082,7.519999980926514,7.539999961853027,2805800
2023-11-01,7.639999866485596,7.840000152587891,7.570000171661377,7.78000020980835,1623700
2023-11-02,7.840000152587891,7.849999904632568,7.590000152587891,7.769999980926514,2568900
2023-11-03,8.3100004196167,8.470000267028809,7.320000171661377,7.519999980926514,4752800
2023-11-06,8.300000190734863,8.40999984741211,8.180000305175781,8.289999961853027,2512900
2023-11-07,8.199999809265137,8.25,8.029999732971191,8.170000076293945,2337200
2023-11-08,8.0600004196167,8.319999694824219,8.029999732971191,8.25,1333400
2023-11-09,7.800000190734863,8.180000305175781,7.71999979019165,8.100000381469727,1867300
2023-11-10,7.840000152587891,7.889999866485596,7.630000114440918,7.840000152587891,1965800
2023-11-13,7.800000190734863,7.849999904632568,7.679999828338623,7.760000228881836,1303700
2023-11-14,8.220000267028809,8.3100004196167,7.880000114440918,8.050000190734863,1436600
2023-11-15,8.25,8.470000267028809,8.199999809265137,8.199999809265137,1244400
2023-11-16,7.96999979019165,8.199999809265137,7.960000038146973,8.180000305175781,1775800
2023-11-17,8.0,8.069999694824219,7.920000076293945,8.069999694824219,1593300
2023-11-20,8.069999694824219,8.119999885559082,8.0,8.029999732971191,1214800
2023-11-21,7.909999847412109,8.119999885559082,7.909999847412109,8.020000457763672,1142900
2023-11-22,7.920000076293945,8.020000457763672,7.900000095367432,7.989999771118164,915100
2023-11-24,8.0600004196167,8.0600004196167,7.900000095367432,7.900000095367432,726700
2023-11-27,8.039999961853027,8.140000343322754,7.920000076293945,8.0,1311200
2023-11-28,7.960000038146973,8.130000114440918,7.949999809265137,8.039999961853027,854300
2023-11-29,8.050000190734863,8.180000305175781,7.980000019073486,8.020000457763672,1229000
2023-11-30,8.079999923706055,8.130000114440918,7.960000038146973,8.100000381469727,1535200
2023-12-01,8.380000114440918,8.390000343322754,8.0600004196167,8.079999923706055,1943900
2023-12-04,8.5600004196167,8.609999656677246,8.319999694824219,8.34000015258789,2329800
2023-12-05,8.319999694824219,8.510000228881836,8.239999771118164,8.5,1191100
2023-12-06,8.380000114440918,8.5600004196167,8.350000381469727,8.390000343322754,1374500
2023-12-07,8.579999923706055,8.649999618530273,8.329999923706055,8.369999885559082,1509600
2023-12-08,8.529999732971191,8.640000343322754,8.479999542236328,8.550000190734863,1399900
2023-12-11,8.859999656677246,8.890000343322754,8.5600004196167,8.5600004196167,2814500
2023-12-12,8.90999984741211,8.9399995803833,8.760000228881836,8.899999618530273,1789500
2023-12-13,9.359999656677246,9.380000114440918,8.970000267028809,9.020000457763672,2893000
2023-12-14,9.609999656677246,9.729999542236328,9.399999618530273,9.550000190734863,2395900
2023-12-15,9.579999923706055,9.760000228881836,9.529999732971191,9.760000228881836,6332800
2023-12-18,9.640000343322754,9.6899995803833,9.390000343322754,9.59000015258789,2350500
2023-12-19,9.800000190734863,9.880000114440918,9.710000038146973,9.710000038146973,2543600
2023-12-20,9.619999885559082,9.979999542236328,9.609999656677246,9.800000190734863,2321200
2023-12-21,9.779999732971191,9.789999961853027,9.5600004196167,9.670000076293945,1136200
2023-12-22,9.8100004196167,10.0,9.770000457763672,9.859999656677246,2337800
2023-12-26,9.869999885559082,10.029999732971191,9.720000267028809,9.84000015258789,1098000
2023-12-27,9.920000076293945,9.970000267028809,9.819999694824219,9.880000114440918,1288600
2023-12-28,10.0600004196167,10.09000015258789,9.819999694824219,9.90999984741211,1170100
2023-12-29,10.069999694824219,10.100000381469727,9.930000305175781,10.020000457763672,1820000
2024-01-02,10.010000228881836,10.100000381469727,9.8100004196167,9.869999885559082,1542900
2024-01-03,9.75,9.979999542236328,9.720000267028809,9.930000305175781,2135000
2024-01-04,9.640000343322754,9.75,9.460000038146973,9.75,1830500
2024-01-05,9.609999656677246,9.739999771118164,9.529999732971191,9.630000114440918,1201300
2024-01-08,9.899999618530273,9.90999984741211,9.579999923706055,9.579999923706055,1418000
2024-01-09,10.039999961853027,10.050000190734863,9.739999771118164,9.770000457763672,1227600
2024-01-10,10.140000343322754,10.149999618530273,9.949999809265137,10.020000457763672,1167900
2024-01-11,10.130000114440918,10.15999984741211,9.949999809265137,10.079999923706055,1938600
2024-01-12,10.100000381469727,10.319999694824219,10.0600004196167,10.289999961853027,1372200
2024-01-16,10.140000343322754,10.170000076293945,9.529999732971191,9.989999771118164,1745700
2024-01-17,9.789999961853027,10.029999732971191,9.600000381469727,9.960000038146973,1931200
2024-01-18,10.050000190734863,10.079999923706055,9.6899995803833,9.90999984741211,1202400
2024-01-19,10.140000343322754,10.170000076293945,9.970000267028809,10.100000381469727,1385000
2024-01-22,10.170000076293945,10.279999732971191,10.079999923706055,10.270000457763672,2017600
2024-01-23,10.119999885559082,10.300000190734863,10.0600004196167,10.300000190734863,1073600
2024-01-24,10.109999656677246,10.220000267028809,10.069999694824219,10.220000267028809,1152200
2024-01-25,10.0600004196167,10.319999694824219,10.029999732971191,10.3100004196167,1319800
2024-01-26,10.050000190734863,10.229999542236328,10.029999732971191,10.119999885559082,869600
2024-01-29,9.989999771118164,10.069999694824219,9.75,10.0,2761700
2024-01-30,9.710000038146973,9.989999771118164,9.600000381469727,9.9399995803833,4333600
2024-01-31,9.829999923706055,9.949999809265137,9.630000114440918,9.720000267028809,4038100
2024-02-01,9.9399995803833,10.0600004196167,9.770000457763672,9.850000381469727,6286800
2024-02-02,9.489999771118164,10.069999694824219,9.199999809265137,9.9399995803833,6682800
2024-02-05,9.0,9.479999542236328,8.930000305175781,9.399999618530273,2955600
2024-02-06,9.029999732971191,9.210000038146973,8.960000038146973,8.979999542236328,2090500
2024-02-07,8.880000114440918,9.170000076293945,8.850000381469727,9.09000015258789,1518700
2024-02-08,8.699999809265137,8.880000114440918,8.649999618530273,8.819999694824219,3928400
2024-02-09,8.90999984741211,8.970000267028809,8.699999809265137,8.710000038146973,2035500
2024-02-12,10.119999885559082,10.220000267028809,9.619999885559082,9.720000267028809,6618300
2024-02-13,9.350000381469727,9.819999694824219,9.229999542236328,9.770000457763672,2948000
2024-02-14,9.609999656677246,9.640000343322754,9.390000343322754,9.479999542236328,1728600
2024-02-15,9.739999771118164,9.789999961853027,9.600000381469727,9.75,1563400
2024-02-16,9.579999923706055,9.739999771118164,9.15999984741211,9.65999984741211,1623700
2024-02-20,9.510000228881836,9.600000381469727,9.369999885559082,9.369999885559082,1158200
2024-02-21,9.380000114440918,9.430000305175781,9.260000228881836,9.40999984741211,1340500
2024-02-22,9.630000114440918,9.710000038146973,9.380000114440918,9.390000343322754,1708000
2024-02-23,9.630000114440918,9.6899995803833,9.529999732971191,9.609999656677246,948100
2024-02-26,9.609999656677246,9.699999809265137,9.550000190734863,9.5600004196167,941300
2024-02-27,9.630000114440918,9.720000267028809,9.529999732971191,9.649999618530273,837300
2024-02-28,9.430000305175781,9.489999771118164,9.34000015258789,9.479999542236328,1144700
2024-02-29,9.550000190734863,9.65999984741211,9.510000228881836,9.609999656677246,1315500
2024-03-01,9.729999542236328,9.800000190734863,9.529999732971191,9.5600004196167,1087900
2024-03-04,9.729999542236328,9.829999923706055,9.6899995803833,9.75,871000
2024-03-05,10.949999809265137,10.989999771118164,10.09000015258789,10.100000381469727,7039400
2024-03-06,10.989999771118164,11.319999694824219,10.960000038146973,11.210000038146973,5199400
2024-03-07,10.720000267028809,11.079999923706055,10.630000114440918,11.079999923706055,3709700
2024-03-08,10.65999984741211,10.850000381469727,10.569999694824219,10.789999961853027,2201800
2024-03-11,10.680000305175781,10.8100004196167,10.600000381469727,10.640000343322754,2494400
2024-03-12,10.739999771118164,10.779999732971191,10.529999732971191,10.59000015258789,2065800
2024-03-13,10.1899995803833,10.760000228881836,10.130000114440918,10.649999618530273,2527500
2024-03-14,9.960000038146973,10.149999618530273,9.869999885559082,10.109999656677246,1962700
2024-03-15,9.859999656677246,9.989999771118164,9.819999694824219,9.899999618530273,3736000
2024-03-18,9.609999656677246,9.880000114440918,9.5600004196167,9.819999694824219,1774000
2024-03-19,9.670000076293945,9.75,9.539999961853027,9.619999885559082,1271600
2024-03-20,9.649999618530273,9.6899995803833,9.479999542236328,9.579999923706055,1340800
2024-03-21,9.869999885559082,9.949999809265137,9.710000038146973,9.760000228881836,1383800
2024-03-22,9.720000267028809,9.90999984741211,9.649999618530273,9.859999656677246,909300
2024-03-25,9.579999923706055,9.779999732971191,9.529999732971191,9.699999809265137,1452900
2024-03-26,9.470000267028809,9.800000190734863,9.399999618530273,9.720000267028809,2500700
2024-03-27,9.579999923706055,9.619999885559082,9.479999542236328,9.569999694824219,2453300
2024-03-28,9.09000015258789,9.600000381469727,8.899999618530273,9.569999694824219,5685200
2024-04-01,8.90999984741211,9.229999542236328,8.899999618530273,9.229999542236328,2735600
2024-04-02,8.979999542236328,9.020000457763672,8.779999732971191,8.850000381469727,2544200
2024-04-03,9.029999732971191,9.039999961853027,8.819999694824219,8.890000343322754,1651600
2024-04-04,8.829999923706055,9.130000114440918,8.819999694824219,9.119999885559082,1391600
2024-04-05,8.760000228881836,8.8100004196167,8.6899995803833,8.760000228881836,1089800
2024-04-08,8.770000457763672,8.930000305175781,8.6899995803833,8.869999885559082,1131900
2024-04-09,8.859999656677246,8.869999885559082,8.729999542236328,8.760000228881836,1116000
2024-04-10,8.520000457763672,8.699999809265137,8.4399995803833,8.600000381469727,1666200
2024-04-11,8.520000457763672,8.699999809265137,8.4399995803833,8.550000190734863,873900
2024-04-12,8.449999809265137,8.479999542236328,8.359999656677246,8.399999618530273,1412300
2024-04-15,8.319999694824219,8.529999732971191,8.3100004196167,8.479999542236328,1601600
2024-04-16,8.319999694824219,8.350000381469727,8.109999656677246,8.260000228881836,1999300
2024-04-17,8.170000076293945,8.510000228881836,8.15999984741211,8.399999618530273,1384200
2024-04-18,8.09000015258789,8.279999732971191,8.0600004196167,8.180000305175781,1200400
2024-04-19,8.069999694824219,8.220000267028809,8.029999732971191,8.069999694824219,2251700
2024-04-22,7.949999809265137,8.109999656677246,7.940000057220459,8.079999923706055,1287500
2024-04-23,8.010000228881836,8.09000015258789,7.900000095367432,7.900000095367432,1382800
2024-04-24,7.989999771118164,8.050000190734863,7.829999923706055,7.96999979019165,1223100
2024-04-25,7.96999979019165,8.020000457763672,7.820000171661377,7.880000114440918,1053200
2024-04-26,8.010000228881836,8.149999618530273,7.960000038146973,7.980000019073486,835900
2024-04-29,8.020000457763672,8.130000114440918,7.980000019073486,8.079999923706055,1237900
2024-04-30,7.900000095367432,8.029999732971191,7.869999885559082,7.909999847412109,2277500
2024-05-01,7.920000076293945,8.069999694824219,7.809999942779541,7.889999866485596,1270900
2024-05-02,8.020000457763672,8.069999694824219,7.860000133514404,7.960000038146973,1927600
2024-05-03,7.559999942779541,7.929999828338623,7.099999904632568,7.449999809265137,4038300
2024-05-06,7.369999885559082,7.690000057220459,7.340000152587891,7.570000171661377,1347300
2024-05-07,7.440000057220459,7.559999942779541,7.230000019073486,7.300000190734863,3205100
2024-05-08,7.340000152587891,7.409999847412109,7.300000190734863,7.400000095367432,1233100
2024-05-09,7.46999979019165,7.559999942779541,7.320000171661377,7.320000171661377,2084300
2024-05-10,7.380000114440918,7.5,7.309999942779541,7.480000019073486,1412900
2024-05-13,7.349999904632568,7.53000020980835,7.329999923706055,7.389999866485596,1116500
2024-05-14,7.670000076293945,7.710000038146973,7.400000095367432,7.460000038146973,1623300
2024-05-15,7.659999847412109,7.78000020980835,7.619999885559082,7.730000019073486,951200
2024-05-16,7.739999771118164,7.75,7.590000152587891,7.670000076293945,952500
2024-05-17,7.739999771118164,7.75,7.610000133514404,7.75,1692300
2024-05-20,7.760000228881836,7.909999847412109,7.71999979019165,7.75,952900
2024-05-21,7.679999828338623,7.730000019073486,7.610000133514404,7.71999979019165,752300
2024-05-22,7.599999904632568,7.679999828338623,7.519999980926514,7.630000114440918,1203700
2024-05-23,7.380000114440918,7.619999885559082,7.320000171661377,7.599999904632568,1036200
2024-05-24,7.389999866485596,7.480000019073486,7.360000133514404,7.429999828338623,1094400
2024-05-28,7.349999904632568,7.489999771118164,7.309999942779541,7.409999847412109,1143600
2024-05-29,7.260000228881836,7.409999847412109,7.239999771118164,7.260000228881836,817000
2024-05-30,7.389999866485596,7.429999828338623,7.230000019073486,7.269999980926514,997900
2024-05-31,7.519999980926514,7.53000020980835,7.369999885559082,7.389999866485596,1554300
2024-06-03,7.610000133514404,7.690000057220459,7.550000190734863,7.619999885559082,1207300
2024-06-04,7.599999904632568,7.639999866485596,7.460000038146973,7.559999942779541,1192600
2024-06-05,7.659999847412109,7.789999961853027,7.630000114440918,7.659999847412109,818300
2024-06-06,7.53000020980835,7.75,7.519999980926514,7.639999866485596,1053200
2024-06-07,7.400000095367432,7.489999771118164,7.380000114440918,7.429999828338623,1194300
2024-06-10,7.449999809265137,7.489999771118164,7.190000057220459,7.320000171661377,1045800
2024-06-11,7.53000020980835,7.550000190734863,7.320000171661377,7.420000076293945,1052300
2024-06-12,7.550000190734863,7.800000190734863,7.460000038146973,7.730000019073486,1386700
2024-06-13,7.429999828338623,7.510000228881836,7.269999980926514,7.46999979019165,1167100
2024-06-14,7.420000076293945,7.449999809265137,7.300000190734863,7.369999885559082,869400
2024-06-17,7.480000019073486,7.480000019073486,7.349999904632568,7.420000076293945,811300
2024-06-18,7.53000020980835,7.570000171661377,7.400000095367432,7.449999809265137,1498900
2024-06-20,7.320000171661377,7.550000190734863,7.289999961853027,7.449999809265137,1039600
2024-06-21,7.440000057220459,7.510000228881836,7.380000114440918,7.389999866485596,3518800
2024-06-24,7.159999847412109,7.5,7.159999847412109,7.449999809265137,1449000
2024-06-25,7.099999904632568,7.190000057220459,7.059999942779541,7.119999885559082,1522000
2024-06-26,6.659999847412109,7.019999980926514,6.630000114440918,6.820000171661377,4400700
2024-06-27,6.800000190734863,6.829999923706055,6.599999904632568,6.690000057220459,2301400
2024-06-28,6.869999885559082,7.010000228881836,6.840000152587891,6.849999904632568,9516200
2024-07-01,6.96999979019165,7.010000228881836,6.75,6.900000095367432,2466300
2024-07-02,6.980000019073486,7.150000095367432,6.920000076293945,6.980000019073486,1168100
2024-07-03,7.070000171661377,7.119999885559082,6.989999771118164,6.989999771118164,613000
2024-07-05,7.059999942779541,7.090000152587891,6.940000057220459,7.059999942779541,929300
2024-07-08,7.21999979019165,7.380000114440918,7.110000133514404,7.130000114440918,2491400
2024-07-09,7.059999942779541,7.239999771118164,7.03000020980835,7.21999979019165,989900
2024-07-10,7.070000171661377,7.090000152587891,6.889999866485596,7.059999942779541,721300
2024-07-11,7.28000020980835,7.360000133514404,7.150000095367432,7.25,2460300
2024-07-12,7.579999923706055,7.599999904632568,7.340000152587891,7.429999828338623,1839100
2024-07-15,7.71999979019165,7.820000171661377,7.559999942779541,7.559999942779541,1601800
2024-07-16,7.820000171661377,7.960000038146973,7.679999828338623,7.800000190734863,2015900
2024-07-17,7.800000190734863,7.849999904632568,7.690000057220459,7.730000019073486,1289700
2024-07-18,7.650000095367432,7.849999904632568,7.619999885559082,7.730000019073486,1241300
2024-07-19,7.449999809265137,7.670000076293945,7.349999904632568,7.650000095367432,1657600
2024-07-22,7.590000152587891,7.590000152587891,7.429999828338623,7.480000019073486,1548100
2024-07-23,7.550000190734863,7.639999866485596,7.46999979019165,7.480000019073486,1808100
2024-07-24,7.550000190734863,7.679999828338623,7.46999979019165,7.489999771118164,937500
2024-07-25,7.590000152587891,7.71999979019165,7.519999980926514,7.599999904632568,1673000
2024-07-26,7.840000152587891,7.909999847412109,7.659999847412109,7.71999979019165,1123900
2024-07-29,7.900000095367432,7.949999809265137,7.800000190734863,7.849999904632568,955800
2024-07-30,7.829999923706055,7.949999809265137,7.789999961853027,7.900000095367432,706100
2024-07-31,8.039999961853027,8.25,7.860000133514404,7.900000095367432,1923200
2024-08-01,7.599999904632568,8.09000015258789,7.510000228881836,8.039999961853027,1191600
2024-08-02,7.489999771118164,7.559999942779541,7.28000020980835,7.300000190734863,1699100
2024-08-05,7.300000190734863,7.309999942779541,7.03000020980835,7.119999885559082,2417800
2024-08-06,7.46999979019165,7.570000171661377,7.230000019073486,7.25,1533000
2024-08-07,7.440000057220459,7.699999809265137,7.429999828338623,7.599999904632568,1567300
2024-08-08,7.860000133514404,7.900000095367432,7.510000228881836,7.539999961853027,1637000
2024-08-09,7.300000190734863,7.769999980926514,7.050000190734863,7.75,3064300
2024-08-12,7.539999961853027,7.619999885559082,7.190000057220459,7.269999980926514,1791900
2024-08-13,7.650000095367432,7.710000038146973,7.429999828338623,7.550000190734863,2386400
2024-08-14,7.78000020980835,7.949999809265137,7.630000114440918,7.650000095367432,1615300
2024-08-15,8.100000381469727,8.199999809265137,7.960000038146973,8.0,1881400
2024-08-16,8.119999885559082,8.199999809265137,8.09000015258789,8.100000381469727,1601900
2024-08-19,7.949999809265137,8.130000114440918,7.949999809265137,8.079999923706055,1161400
2024-08-20,7.949999809265137,8.039999961853027,7.889999866485596,7.960000038146973,1110500
2024-08-21,8.289999961853027,8.350000381469727,8.029999732971191,8.029999732971191,1699500
2024-08-22,8.149999618530273,8.350000381469727,8.130000114440918,8.260000228881836,979600
2024-08-23,8.380000114440918,8.390000343322754,8.15999984741211,8.15999984741211,1166800
2024-08-26,8.550000190734863,8.5600004196167,8.359999656677246,8.470000267028809,1759600
2024-08-27,8.529999732971191,8.539999961853027,8.399999618530273,8.479999542236328,1207400
2024-08-28,8.489999771118164,8.630000114440918,8.380000114440918,8.489999771118164,1887100
2024-08-29,8.569999694824219,8.75,8.449999809265137,8.489999771118164,1377000
2024-08-30,8.609999656677246,8.649999618530273,8.40999984741211,8.569999694824219,1307700
2024-09-03,8.069999694824219,8.59000015258789,8.0600004196167,8.460000038146973,1559400
2024-09-04,8.15999984741211,8.3100004196167,8.039999961853027,8.069999694824219,1486300
2024-09-05,8.109999656677246,8.260000228881836,8.069999694824219,8.140000343322754,1346000
2024-09-06,7.909999847412109,8.130000114440918,7.900000095367432,8.079999923706055,1030700
2024-09-09,7.96999979019165,8.0600004196167,7.800000190734863,7.840000152587891,1380200
2024-09-10,8.149999618530273,8.180000305175781,7.909999847412109,7.960000038146973,1338300
2024-09-11,8.319999694824219,8.329999923706055,8.029999732971191,8.130000114440918,1477800
2024-09-12,8.390000343322754,8.489999771118164,8.260000228881836,8.350000381469727,924800
2024-09-13,8.380000114440918,8.529999732971191,8.369999885559082,8.489999771118164,899500
2024-09-16,8.3100004196167,8.390000343322754,8.100000381469727,8.380000114440918,1313700
2024-09-17,8.369999885559082,8.489999771118164,8.3100004196167,8.40999984741211,858100
2024-09-18,8.279999732971191,8.470000267028809,8.199999809265137,8.350000381469727,1528000
2024-09-19,8.529999732971191,8.5600004196167,8.289999961853027,8.510000228881836,1116600
2024-09-20,8.380000114440918,8.609999656677246,8.369999885559082,8.539999961853027,4558100
2024-09-23,8.470000267028809,8.479999542236328,8.239999771118164,8.430000305175781,1995800
2024-09-24,8.729999542236328,8.789999961853027,8.479999542236328,8.5,1456200
2024-09-25,8.739999771118164,8.779999732971191,8.5600004196167,8.630000114440918,2084400
2024-09-26,8.880000114440918,8.949999809265137,8.789999961853027,8.859999656677246,1752700
2024-09-27,9.029999732971191,9.0600004196167,8.869999885559082,8.949999809265137,1749600
2024-09-30,9.020000457763672,9.069999694824219,8.899999618530273,8.970000267028809,1323700
2024-10-01,8.960000038146973,9.069999694824219,8.880000114440918,9.050000190734863,1151000
2024-10-02,9.0600004196167,9.069999694824219,8.920000076293945,8.9399995803833,1498500
2024-10-03,9.010000228881836,9.069999694824219,8.920000076293945,8.970000267028809,1513600
2024-10-04,9.050000190734863,9.1899995803833,8.989999771118164,9.1899995803833,1157200
2024-10-07,8.930000305175781,9.09000015258789,8.880000114440918,8.979999542236328,1388200
2024-10-08,9.050000190734863,9.149999618530273,8.880000114440918,8.960000038146973,1315800
2024-10-09,9.210000038146973,9.3100004196167,8.989999771118164,9.050000190734863,1632800
2024-10-10,9.039999961853027,9.1899995803833,8.979999542236328,9.170000076293945,948400
2024-10-11,9.199999809265137,9.319999694824219,9.039999961853027,9.039999961853027,2297200
2024-10-14,9.1899995803833,9.279999732971191,9.020000457763672,9.220000267028809,1011600
2024-10-15,9.199999809265137,9.390000343322754,9.149999618530273,9.279999732971191,1657800
2024-10-16,9.25,9.350000381469727,9.239999771118164,9.3100004196167,971600
2024-10-17,9.329999923706055,9.390000343322754,9.210000038146973,9.260000228881836,1038900
2024-10-18,9.34000015258789,9.4399995803833,9.270000457763672,9.369999885559082,717100
2024-10-21,9.3100004196167,9.399999618530273,9.199999809265137,9.34000015258789,1780900
2024-10-22,9.239999771118164,9.319999694824219,9.119999885559082,9.229999542236328,774800
2024-10-23,9.180000305175781,9.270000457763672,9.100000381469727,9.199999809265137,513800
2024-10-24,9.199999809265137,9.239999771118164,9.109999656677246,9.199999809265137,1231000
2024-10-25,9.140000343322754,9.279999732971191,9.130000114440918,9.260000228881836,1483800
2024-10-28,9.25,9.329999923706055,9.180000305175781,9.25,1777800
2024-10-29,9.479999542236328,9.520000457763672,9.149999618530273,9.239999771118164,1961700
2024-10-30,9.449999809265137,9.510000228881836,9.350000381469727,9.399999618530273,1795600
2024-10-31,9.220000267028809,9.489999771118164,9.199999809265137,9.460000038146973,2821100
2024-11-01,9.859999656677246,10.359999656677246,9.789999961853027,10.0,5240500
2024-11-04,9.579999923706055,9.890000343322754,9.479999542236328,9.789999961853027,3423600
2024-11-05,9.770000457763672,9.859999656677246,9.5600004196167,9.619999885559082,1601500
2024-11-06,10.229999542236328,10.489999771118164,10.010000228881836,10.010000228881836,2683500
2024-11-07,10.5,10.640000343322754,10.15999984741211,10.239999771118164,2738700
2024-11-08,10.529999732971191,10.609999656677246,10.420000076293945,10.550000190734863,2271100
2024-11-11,10.630000114440918,10.720000267028809,10.510000228881836,10.649999618530273,1848800
2024-11-12,10.3100004196167,10.65999984741211,10.279999732971191,10.529999732971191,1544000
2024-11-13,10.229999542236328,10.40999984741211,10.180000305175781,10.369999885559082,1202200
2024-11-14,10.0600004196167,10.329999923706055,9.949999809265137,10.220000267028809,2170300
2024-11-15,9.869999885559082,10.079999923706055,9.819999694824219,10.079999923706055,1333000
2024-11-18,9.800000190734863,9.930000305175781,9.670000076293945,9.890000343322754,1465700
2024-11-19,9.75,9.779999732971191,9.619999885559082,9.630000114440918,1177400
2024-11-20,9.819999694824219,9.850000381469727,9.619999885559082,9.720000267028809,1062700
2024-11-21,9.899999618530273,10.15999984741211,9.890000343322754,9.930000305175781,1389300
2024-11-22,10.100000381469727,10.180000305175781,9.90999984741211,9.9399995803833,1494600
2024-11-25,10.180000305175781,10.3100004196167,10.130000114440918,10.149999618530273,1720600
2024-11-26,10.1899995803833,10.260000228881836,10.100000381469727,10.15999984741211,1472700
2024-11-27,9.880000114440918,10.260000228881836,9.880000114440918,10.199999809265137,870700
2024-11-29,9.9399995803833,9.989999771118164,9.890000343322754,9.890000343322754,588100
2024-12-02,10.369999885559082,10.430000305175781,9.970000267028809,10.010000228881836,2144500
2024-12-03,10.619999885559082,10.670000076293945,10.300000190734863,10.369999885559082,1962400
2024-12-04,10.390000343322754,10.789999961853027,10.369999885559082,10.630000114440918,1278400
2024-12-05,10.390000343322754,10.460000038146973,10.300000190734863,10.359999656677246,833000
2024-12-06,10.470000267028809,10.640000343322754,10.350000381469727,10.449999809265137,848800
2024-12-09,10.489999771118164,10.609999656677246,10.460000038146973,10.579999923706055,920400
2024-12-10,10.329999923706055,10.449999809265137,10.279999732971191,10.40999984741211,866800
2024-12-11,10.520000457763672,10.579999923706055,10.289999961853027,10.430000305175781,796600
2024-12-12,11.109999656677246,11.319999694824219,10.510000228881836,10.510000228881836,2790300
2024-12-13,11.050000190734863,11.489999771118164,10.920000076293945,11.1899995803833,3598300
2024-12-16,11.15999984741211,11.449999809265137,10.970000267028809,11.069999694824219,2044700
2024-12-17,10.520000457763672,10.90999984741211,10.3100004196167,10.640000343322754,2865800
2024-12-18,10.149999618530273,10.65999984741211,10.029999732971191,10.619999885559082,1859500
2024-12-19,10.239999771118164,10.3100004196167,10.109999656677246,10.239999771118164,1488500
2024-12-20,10.199999809265137,10.3100004196167,10.010000228881836,10.119999885559082,4893500
2024-12-23,10.260000228881836,10.300000190734863,10.140000343322754,10.180000305175781,1197800
2024-12-24,10.329999923706055,10.350000381469727,10.15999984741211,10.25,473800
2024-12-26,10.350000381469727,10.390000343322754,10.210000038146973,10.220000267028809,558200
2024-12-27,10.180000305175781,10.369999885559082,10.109999656677246,10.25,705000
2024-12-30,10.079999923706055,10.180000305175781,9.920000076293945,10.079999923706055,1263100
2024-12-31,10.100000381469727,10.199999809265137,10.029999732971191,10.079999923706055,902400
2025-01-02,10.100000381469727,10.239999771118164,10.0,10.170000076293945,851400
2025-01-03,10.119999885559082,10.199999809265137,10.069999694824219,10.199999809265137,1178300
2025-01-06,10.149999618530273,10.3100004196167,10.0600004196167,10.09000015258789,1413400
2025-01-07,10.270000457763672,10.350000381469727,10.0600004196167,10.15999984741211,1131200
2025-01-08,10.130000114440918,10.229999542236328,10.050000190734863,10.180000305175781,1122700
2025-01-10,9.90999984741211,9.970000267028809,9.779999732971191,9.880000114440918,1351500
2025-01-13,9.920000076293945,9.930000305175781,9.710000038146973,9.779999732971191,1424600
2025-01-14,10.09000015258789,10.100000381469727,9.829999923706055,9.960000038146973,1199300
2025-01-15,10.140000343322754,10.350000381469727,10.130000114440918,10.289999961853027,1118900
2025-01-16,10.039999961853027,10.220000267028809,10.029999732971191,10.180000305175781,773600
2025-01-17,10.220000267028809,10.239999771118164,10.100000381469727,10.109999656677246,1147700
2025-01-21,10.40999984741211,10.579999923706055,10.270000457763672,10.359999656677246,1303100
2025-01-22,10.5,10.720000267028809,10.390000343322754,10.390000343322754,1633300
2025-01-23,10.649999618530273,10.710000038146973,10.390000343322754,10.4399995803833,1821900
2025-01-24,10.489999771118164,10.760000228881836,10.380000114440918,10.630000114440918,1845900
2025-01-27,9.710000038146973,10.300000190734863,9.640000343322754,10.260000228881836,2898800
2025-01-28,9.890000343322754,9.899999618530273,9.630000114440918,9.75,1785900
2025-01-29,9.899999618530273,9.989999771118164,9.789999961853027,9.899999618530273,1952100
2025-01-30,9.989999771118164,10.180000305175781,9.949999809265137,9.989999771118164,2408300
2025-01-31,12.039999961853027,12.90999984741211,11.880000114440918,12.119999885559082,17598500
2025-02-03,12.329999923706055,12.449999809265137,11.579999923706055,11.699999809265137,5595200
2025-02-04,12.510000228881836,12.5600004196167,12.140000343322754,12.300000190734863,3492100
2025-02-05,12.670000076293945,12.779999732971191,12.430000305175781,12.649999618530273,2768900
2025-02-06,12.800000190734863,12.800000190734863,12.470000267028809,12.649999618530273,1886300
2025-02-07,12.460000038146973,12.850000381469727,12.350000381469727,12.819999694824219,1496000
2025-02-10,12.579999923706055,12.640000343322754,12.390000343322754,12.5600004196167,2203600
2025-02-11,12.489999771118164,12.720000267028809,12.399999618530273,12.529999732971191,1773300
2025-02-12,12.300000190734863,12.369999885559082,12.109999656677246,12.25,1974900
2025-02-13,12.229999542236328,12.399999618530273,12.149999618530273,12.399999618530273,1513100
2025-02-14,12.149999618530273,12.260000228881836,12.119999885559082,12.239999771118164,1073600
2025-02-18,12.109999656677246,12.380000114440918,12.069999694824219,12.199999809265137,2713800
2025-02-19,12.149999618530273,12.199999809265137,11.90999984741211,12.069999694824219,2699600
2025-02-20,11.859999656677246,12.149999618530273,11.819999694824219,12.140000343322754,2919400
2025-02-21,11.600000381469727,12.039999961853027,11.569999694824219,11.960000038146973,2397600
2025-02-24,11.350000381469727,11.75,11.34000015258789,11.630000114440918,2490700
2025-02-25,11.270000457763672,11.420000076293945,11.220000267028809,11.399999618530273,1801100
2025-02-26,11.300000190734863,11.359999656677246,11.1899995803833,11.239999771118164,1713200
2025-02-27,11.079999923706055,11.359999656677246,11.050000190734863,11.359999656677246,1500300
2025-02-28,11.180000305175781,11.1899995803833,10.920000076293945,11.079999923706055,2054700
2025-03-03,10.9399995803833,11.699999809265137,10.739999771118164,11.4399995803833,3019700
2025-03-04,10.989999771118164,11.220000267028809,10.710000038146973,10.8100004196167,2120100
2025-03-05,11.289999961853027,11.3100004196167,10.850000381469727,10.920000076293945,2122400
2025-03-06,10.8100004196167,11.069999694824219,10.789999961853027,11.010000228881836,1777500
2025-03-07,10.9399995803833,11.069999694824219,10.619999885559082,11.0600004196167,1873700
2025-03-10,10.710000038146973,10.800000190734863,10.510000228881836,10.699999809265137,1971100
2025-03-11,10.789999961853027,10.930000305175781,10.619999885559082,10.710000038146973,1455000
2025-03-12,10.760000228881836,11.020000457763672,10.710000038146973,10.869999885559082,1608300
2025-03-13,10.789999961853027,10.8100004196167,10.630000114440918,10.65999984741211,1617100
2025-03-14,10.9399995803833,11.079999923706055,10.829999923706055,10.899999618530273,1238100
2025-03-17,11.149999618530273,11.180000305175781,10.869999885559082,10.880000114440918,1791600
2025-03-18,11.130000114440918,11.130000114440918,11.0,11.029999732971191,1763900
2025-03-19,11.369999885559082,11.5,11.09000015258789,11.149999618530273,1751400
2025-03-20,11.359999656677246,11.430000305175781,11.170000076293945,11.170000076293945,1171900
2025-03-21,11.619999885559082,11.670000076293945,11.25,11.329999923706055,6063500
2025-03-24,11.770000457763672,12.0600004196167,11.710000038146973,11.8100004196167,3247500
2025-03-25,11.710000038146973,11.859999656677246,11.640000343322754,11.739999771118164,1349700
2025-03-26,11.59000015258789,11.800000190734863,11.5,11.760000228881836,879100
2025-03-27,11.390000343322754,11.569999694824219,11.289999961853027,11.569999694824219,1264000
2025-03-28,11.260000228881836,11.449999809265137,11.109999656677246,11.390000343322754,1595100
2025-03-31,11.1899995803833,11.229999542236328,10.979999542236328,11.069999694824219,1613400
2025-04-01,11.210000038146973,11.34000015258789,11.020000457763672,11.109999656677246,1197200
2025-04-02,11.40999984741211,11.529999732971191,11.039999961853027,11.050000190734863,1231400
2025-04-03,10.4399995803833,11.199999809265137,10.390000343322754,10.960000038146973,2485200
2025-04-04,9.859999656677246,10.09000015258789,9.479999542236328,9.960000038146973,3205100
2025-04-07,9.890000343322754,10.380000114440918,9.34000015258789,9.5,2369800
2025-04-08,9.609999656677246,10.279999732971191,9.489999771118164,10.140000343322754,2400000
2025-04-09,10.180000305175781,10.5,9.350000381469727,9.520000457763672,3206300
2025-04-10,9.84000015258789,10.039999961853027,9.630000114440918,9.880000114440918,2491400
2025-04-11,9.869999885559082,9.979999542236328,9.630000114440918,9.789999961853027,1601200
2025-04-14,10.050000190734863,10.210000038146973,9.970000267028809,10.100000381469727,2144500
2025-04-15,10.0600004196167,10.270000457763672,10.029999732971191,10.029999732971191,1344800
2025-04-16,9.899999618530273,10.039999961853027,9.720000267028809,9.779999732971191,921000
2025-04-17,9.859999656677246,9.970000267028809,9.819999694824219,9.920000076293945,902200
2025-04-21,9.670000076293945,9.789999961853027,9.539999961853027,9.760000228881836,1239600
2025-04-22,9.829999923706055,10.020000457763672,9.770000457763672,9.789999961853027,1841000
2025-04-23,9.989999771118164,10.369999885559082,9.949999809265137,10.199999809265137,1261100
2025-04-24,10.300000190734863,10.34000015258789,10.0,10.0,1606800
2025-04-25,10.510000228881836,10.550000190734863,10.180000305175781,10.220000267028809,1820600
2025-04-28,10.520000457763672,10.65999984741211,10.420000076293945,10.489999771118164,1555000
2025-04-29,10.529999732971191,10.720000267028809,10.5,10.510000228881836,1623200
2025-04-30,10.579999923706055,10.619999885559082,10.25,10.399999618530273,2264000
2025-05-01,10.649999618530273,10.9399995803833,10.640000343322754,10.729999542236328,2436200
2025-05-02,9.34000015258789,9.390000343322754,8.100000381469727,8.569999694824219,11090300
2025-05-05,9.029999732971191,9.199999809265137,8.850000381469727,9.100000381469727,6545700
2025-05-06,8.989999771118164,9.170000076293945,8.75,8.859999656677246,3412100
2025-05-07,9.010000228881836,9.069999694824219,8.869999885559082,9.010000228881836,2531000
2025-05-08,9.170000076293945,9.3100004196167,8.989999771118164,9.119999885559082,2485200
2025-05-09,9.1899995803833,9.239999771118164,9.09000015258789,9.180000305175781,1963000
2025-05-12,9.479999542236328,9.760000228881836,9.4399995803833,9.569999694824219,3604700
2025-05-13,9.489999771118164,9.739999771118164,9.470000267028809,9.479999542236328,4333800
2025-05-14,9.449999809265137,9.520000457763672,9.369999885559082,9.489999771118164,1885300
2025-05-15,9.40999984741211,9.479999542236328,9.289999961853027,9.4399995803833,2079300
2025-05-16,9.34000015258789,9.449999809265137,9.229999542236328,9.40999984741211,3612200
2025-05-19,9.279999732971191,9.319999694824219,9.1899995803833,9.199999809265137,1249700
2025-05-20,9.260000228881836,9.289999961853027,9.220000267028809,9.229999542236328,836100
2025-05-21,9.109999656677246,9.399999618530273,9.079999923706055,9.260000228881836,1592600
2025-05-22,9.09000015258789,9.229999542236328,9.069999694824219,9.09000015258789,1731300
2025-05-23,9.09000015258789,9.119999885559082,8.920000076293945,8.920000076293945,1989500
2025-05-27,9.239999771118164,9.399999618530273,9.170000076293945,9.210000038146973,2462100
2025-05-28,9.210000038146973,9.300000190734863,9.180000305175781,9.260000228881836,1585000
2025-05-29,9.15999984741211,9.359999656677246,9.069999694824219,9.3100004196167,1340700
2025-05-30,9.109999656677246,9.130000114440918,8.869999885559082,9.109999656677246,2454100
2025-06-02,9.149999618530273,9.149999618530273,8.9399995803833,9.0600004196167,2239000
2025-06-03,9.300000190734863,9.390000343322754,9.0600004196167,9.140000343322754,2415500
2025-06-04,9.289999961853027,9.369999885559082,9.1899995803833,9.359999656677246,1877100
2025-06-05,9.3100004196167,9.319999694824219,9.119999885559082,9.260000228881836,2271900
2025-06-06,9.4399995803833,9.489999771118164,9.359999656677246,9.470000267028809,2069000
2025-06-09,9.539999961853027,9.640000343322754,9.489999771118164,9.510000228881836,1848400
2025-06-10,9.520000457763672,9.619999885559082,9.430000305175781,9.59000015258789,2789600
2025-06-11,9.369999885559082,9.609999656677246,9.279999732971191,9.609999656677246,1792700
2025-06-12,9.390000343322754,9.479999542236328,9.210000038146973,9.319999694824219,1227100
2025-06-13,9.180000305175781,9.470000267028809,9.079999923706055,9.229999542236328,2384400
2025-06-16,9.25,9.350000381469727,9.180000305175781,9.229999542236328,1771400
2025-06-17,9.25,9.329999923706055,9.140000343322754,9.140000343322754,1846700
2025-06-18,9.34000015258789,9.470000267028809,9.180000305175781,9.239999771118164,1733700
2025-06-20,9.399999618530273,9.59000015258789,9.359999656677246,9.390000343322754,2476700
2025-06-23,9.619999885559082,9.630000114440918,9.279999732971191,9.369999885559082,1714100
2025-06-24,9.90999984741211,9.9399995803833,9.65999984741211,9.75,2201100
2025-06-25,9.850000381469727,10.0,9.84000015258789,9.920000076293945,1411300
2025-06-26,9.920000076293945,9.949999809265137,9.84000015258789,9.850000381469727,1456600
2025-06-27,10.0,10.069999694824219,9.869999885559082,9.930000305175781,7633900
2025-06-30,10.069999694824219,10.140000343322754,10.039999961853027,10.050000190734863,1992700
2025-07-01,10.15999984741211,10.300000190734863,9.960000038146973,10.010000228881836,1828800
2025-07-02,10.380000114440918,10.399999618530273,9.970000267028809,10.15999984741211,2483900
2025-07-03,10.4399995803833,10.5,10.399999618530273,10.4399995803833,894100
2025-07-07,10.229999542236328,10.4399995803833,10.15999984741211,10.300000190734863,1900500
2025-07-08,10.289999961853027,10.359999656677246,10.199999809265137,10.229999542236328,1633400
2025-07-09,10.350000381469727,10.369999885559082,10.15999984741211,10.289999961853027,1279700
2025-07-10,10.390000343322754,10.4399995803833,10.25,10.319999694824219,1204700
2025-07-11,10.270000457763672,10.300000190734863,10.15999984741211,10.289999961853027,1224700
2025-07-14,10.220000267028809,10.34000015258789,10.149999618530273,10.149999618530273,1625700
2025-07-15,10.069999694824219,10.359999656677246,10.050000190734863,10.300000190734863,1266700
2025-07-16,10.109999656677246,10.15999984741211,9.960000038146973,10.100000381469727,1522700
2025-07-17,10.279999732971191,10.4399995803833,10.100000381469727,10.100000381469727,3248900
2025-07-18,10.199999809265137,10.369999885559082,10.180000305175781,10.34000015258789,1408600
2025-07-21,10.279999732971191,10.390000343322754,10.180000305175781,10.229999542236328,1613700
2025-07-22,10.25,10.329999923706055,10.09000015258789,10.260000228881836,1302400
2025-07-23,10.3100004196167,10.4399995803833,10.279999732971191,10.319999694824219,1763200
2025-07-24,10.170000076293945,10.300000190734863,10.149999618530273,10.239999771118164,1312900
2025-07-25,10.180000305175781,10.1899995803833,10.050000190734863,10.170000076293945,1229600
2025-07-28,10.1899995803833,10.319999694824219,10.130000114440918,10.199999809265137,1193400
2025-07-29,10.1899995803833,10.390000343322754,10.130000114440918,10.260000228881836,1551000
2025-07-30,10.170000076293945,10.3100004196167,10.09000015258789,10.239999771118164,957600
2025-07-31,10.050000190734863,10.279999732971191,10.020000457763672,10.069999694824219,1479500
2025-08-01,9.760000228881836,9.899999618530273,9.619999885559082,9.899999618530273,2243500
2025-08-04,10.010000228881836,10.149999618530273,9.680000305175781,9.829999923706055,1839000
2025-08-05,9.9399995803833,10.050000190734863,9.850000381469727,10.039999961853027,2076500
2025-08-06,10.039999961853027,10.079999923706055,9.920000076293945,9.970000267028809,1896200
2025-08-07,10.15999984741211,10.180000305175781,10.020000457763672,10.130000114440918,2850000
2025-08-08,10.930000305175781,12.5,10.8100004196167,12.399999618530273,10212300
2025-08-11,10.859999656677246,11.029999732971191,10.770000457763672,10.960000038146973,3368700
2025-08-12,10.960000038146973,11.15999984741211,10.720000267028809,10.84000015258789,1673700
2025-08-13,11.029999732971191,11.119999885559082,10.9399995803833,11.029999732971191,1791000
2025-08-14,10.800000190734863,10.829999923706055,10.300000190734863,10.359999656677246,13646100
2025-08-15,10.779999732971191,10.880000114440918,10.59000015258789,10.8100004196167,4220200
2025-08-18,10.729999542236328,10.859999656677246,10.649999618530273,10.75,4293300
2025-08-19,10.65999984741211,10.819999694824219,10.5600004196167,10.760000228881836,3839800
2025-08-20,10.550000190734863,10.720000267028809,10.449999809265137,10.609999656677246,4657900
2025-08-21,10.789999961853027,10.800000190734863,10.489999771118164,10.5,3451400
2025-08-22,11.100000381469727,11.279999732971191,10.779999732971191,10.869999885559082,4122900
2025-08-25,11.029999732971191,11.130000114440918,10.920000076293945,11.0600004196167,3206400
2025-08-26,11.1899995803833,11.3100004196167,11.029999732971191,11.029999732971191,4390300
2025-08-27,11.140000343322754,11.319999694824219,11.130000114440918,11.1899995803833,1959600
2025-08-28,11.270000457763672,11.300000190734863,11.1899995803833,11.199999809265137,2472900
2025-08-29,11.279999732971191,11.289999961853027,11.09000015258789,11.270000457763672,3361000
2025-09-02,11.489999771118164,11.619999885559082,11.15999984741211,11.220000267028809,3752300
2025-09-03,11.5,11.569999694824219,11.430000305175781,11.489999771118164,3492900
2025-09-04,11.729999542236328,11.869999885559082,11.579999923706055,11.619999885559082,5142300
2025-09-05,11.65999984741211,11.84000015258789,11.59000015258789,11.729999542236328,2156900
2025-09-08,11.609999656677246,11.720000267028809,11.539999961853027,11.6899995803833,2579800
2025-09-09,11.6899995803833,11.720000267028809,11.550000190734863,11.609999656677246,1520400
2025-09-10,11.899999618530273,11.979999542236328,11.670000076293945,11.770000457763672,3020600
2025-09-11,12.260000228881836,12.279999732971191,11.890000343322754,11.949999809265137,3925200
2025-09-12,12.029999732971191,12.25,11.930000305175781,12.239999771118164,2544000
2025-09-15,12.119999885559082,12.1899995803833,11.960000038146973,12.0600004196167,1944800
2025-09-16,12.170000076293945,12.180000305175781,12.079999923706055,12.109999656677246,2139000
2025-09-17,12.199999809265137,12.369999885559082,12.100000381469727,12.220000267028809,2185600
2025-09-18,12.34000015258789,12.430000305175781,12.239999771118164,12.300000190734863,1755900
2025-09-19,12.239999771118164,12.350000381469727,12.140000343322754,12.34000015258789,4371000
2025-09-22,12.380000114440918,12.390000343322754,12.170000076293945,12.25,2687400
2025-09-23,12.40999984741211,12.579999923706055,12.270000457763672,12.390000343322754,2999500
2025-09-24,12.3100004196167,12.5,12.140000343322754,12.430000305175781,2453100
2025-09-25,12.289999961853027,12.34000015258789,12.050000190734863,12.220000267028809,1281200
2025-09-26,12.210000038146973,12.279999732971191,12.170000076293945,12.279999732971191,1529900
2025-09-29,12.550000190734863,12.630000114440918,12.25,12.319999694824219,2727100
2025-09-30,12.6899995803833,12.699999809265137,12.449999809265137,12.5,1623700
2025-10-01,12.789999961853027,12.90999984741211,12.5,12.550000190734863,2149600
2025-10-02,12.770000457763672,12.970000267028809,12.600000381469727,12.9399995803833,1743100
2025-10-03,12.720000267028809,12.949999809265137,12.670000076293945,12.850000381469727,2081700
2025-10-06,12.779999732971191,13.0,12.720000267028809,12.739999771118164,1966500
2025-10-07,12.649999618530273,12.829999923706055,12.460000038146973,12.770000457763672,1825800
2025-10-08,12.819999694824219,12.859999656677246,12.640000343322754,12.720000267028809,2006900
2025-10-09,12.65999984741211,12.84000015258789,12.609999656677246,12.779999732971191,1263200
2025-10-10,12.270000457763672,12.710000038146973,12.229999542236328,12.680000305175781,1930100
2025-10-13,12.59000015258789,12.779999732971191,12.510000228881836,12.630000114440918,1602200
2025-10-14,12.779999732971191,12.819999694824219,12.430000305175781,12.430000305175781,2150700
2025-10-15,13.010000228881836,13.100000381469727,12.880000114440918,12.960000038146973,2595700
2025-10-16,13.319999694824219,13.460000038146973,13.0600004196167,13.109999656677246,8752900
2025-10-17,13.039999961853027,13.34000015258789,12.770000457763672,13.210000038146973,4736400
2025-10-20,13.15999984741211,13.350000381469727,13.109999656677246,13.170000076293945,1446500
2025-10-21,13.329999923706055,13.359999656677246,13.119999885559082,13.149999618530273,2341800
2025-10-22,13.229999542236328,13.369999885559082,13.010000228881836,13.3100004196167,2178600
2025-10-23,13.420000076293945,13.489999771118164,13.229999542236328,13.239999771118164,2321100
2025-10-24,13.75,13.920000076293945,13.430000305175781,13.5,4957100
2025-10-27,13.949999809265137,13.989999771118164,13.75,13.90999984741211,2810000
2025-10-28,14.0,14.100000381469727,13.770000457763672,13.949999809265137,4380900
2025-10-29,13.979999542236328,14.850000381469727,13.960000038146973,14.65999984741211,7566800
2025-10-30,17.100000381469727,17.43000030517578,15.800000190734863,15.850000381469727,19891000
2025-10-31,17.700000762939453,17.90999984741211,16.979999542236328,17.31999969482422,8838300
2025-11-03,17.540000915527344,17.989999771118164,17.110000610351562,17.649999618530273,7496500
2025-11-04,16.760000228881836,17.420000076293945,16.760000228881836,17.079999923706055,4840700
2025-11-05,17.440000534057617,17.639999389648438,16.829999923706055,16.959999084472656,5137700
2025-11-06,17.540000915527344,17.739999771118164,17.260000228881836,17.479999542236328,4044700
2025-11-07,17.809999465942383,17.81999969482422,17.040000915527344,17.440000534057617,3899200
2025-11-10,18.15999984741211,18.459999084472656,17.950000762939453,18.229999542236328,3789700
2025-11-11,17.90999984741211,18.15999984741211,17.530000686645508,18.15999984741211,3726800
2025-11-12,17.809999465942383,18.229999542236328,17.760000228881836,18.0,2746700
2025-11-13,16.93000030517578,17.860000610351562,16.649999618530273,17.739999771118164,4594600
2025-11-14,16.889999389648438,17.170000076293945,16.420000076293945,16.520000457763672,3835100
2025-11-17,16.700000762939453,17.239999771118164,16.670000076293945,16.829999923706055,2467200
2025-11-18,16.579999923706055,16.729999542236328,16.329999923706055,16.579999923706055,2129200
2025-11-19,16.139999389648438,16.84000015258789,16.110000610351562,16.6200008392334,5074100
2025-11-20,15.920000076293945,16.8700008392334,15.859999656677246,16.709999084472656,5328600
2025-11-21,15.960000038146973,16.030000686645508,15.510000228881836,16.0,3040900
2025-11-24,16.549999237060547,16.700000762939453,15.970000267028809,16.010000228881836,3643500
2025-11-25,17.479999542236328,17.540000915527344,16.530000686645508,16.610000610351562,4659800
2025-11-26,17.959999084472656,18.15999984741211,17.450000762939453,17.579999923706055,3955800
2025-11-28,17.940000534057617,18.020000457763672,17.719999313354492,18.020000457763672,1624400
2025-12-01,17.610000610351562,17.84000015258789,17.540000915527344,17.670000076293945,2901600
2025-12-02,17.559999465942383,17.979999542236328,17.350000381469727,17.75,4168900
2025-12-03,17.510000228881836,17.559999465942383,16.690000534057617,17.459999084472656,3291600
2025-12-04,17.5,17.790000915527344,17.360000610351562,17.440000534057617,2171400
2025-12-05,18.31999969482422,18.549999237060547,17.389999389648438,17.479999542236328,6065400
2025-12-08,18.59000015258789,18.899999618530273,18.059999465942383,18.450000762939453,5123900
2025-12-09,18.940000534057617,19.020000457763672,18.299999237060547,18.510000228881836,3611300
2025-12-10,19.200000762939453,19.729999542236328,18.739999771118164,18.760000228881836,6539900
2025-12-11,19.56999969482422,19.760000228881836,18.829999923706055,19.010000228881836,5237800
2025-12-12,18.0,19.559999465942383,17.979999542236328,19.5,5086800
2025-12-15,17.8799991607666,18.440000534057617,17.84000015258789,18.020000457763672,2916300
2025-12-16,17.280000686645508,17.950000762939453,16.90999984741211,17.520000457763672,4770200
2025-12-17,17.139999389648438,17.81999969482422,17.059999465942383,17.770000457763672,2944900
2025-12-18,17.399999618530273,17.510000228881836,17.209999084472656,17.280000686645508,2173800
2025-12-19,18.020000457763672,18.1200008392334,17.290000915527344,17.299999237060547,6012700
2025-12-22,18.40999984741211,18.479999542236328,18.06999969482422,18.09000015258789,1992400
2025-12-23,18.299999237060547,18.479999542236328,18.170000076293945,18.260000228881836,1890300
2025-12-24,18.260000228881836,18.450000762939453,18.209999084472656,18.360000610351562,727200
2025-12-26,18.200000762939453,18.309999465942383,18.079999923706055,18.290000915527344,982500
2025-12-29,18.100000381469727,18.270000457763672,17.889999389648438,18.079999923706055,1597200
2025-12-30,18.010000228881836,18.200000762939453,17.950000762939453,18.139999389648438,1990100
2025-12-31,17.81999969482422,18.200000762939453,17.780000686645508,18.1200008392334,2147100
2026-01-02,18.149999618530273,18.18000030517578,17.729999542236328,18.049999237060547,2579600
2026-01-05,18.110000610351562,18.520000457763672,17.43000030517578,18.440000534057617,3055700
2026-01-06,18.579999923706055,18.68000030517578,17.719999313354492,18.100000381469727,3933500
2026-01-07,18.540000915527344,18.649999618530273,17.90999984741211,18.579999923706055,4497000
2026-01-08,17.110000610351562,18.479999542236328,16.979999542236328,18.43000030517578,4938800
2026-01-09,17.780000686645508,17.790000915527344,17.020000457763672,17.079999923706055,4413800
2026-01-12,18.049999237060547,18.059999465942383,17.6299991607666,17.649999618530273,3726600
2026-01-13,18.030000686645508,18.549999237060547,17.920000076293945,18.049999237060547,4691100
2026-01-14,17.799999237060547,18.010000228881836,17.299999237060547,18.010000228881836,3495500
2026-01-15,18.850000381469727,19.0,18.079999923706055,18.079999923706055,3693000
2026-01-16,18.600000381469727,19.209999084472656,18.540000915527344,18.950000762939453,2696500
2026-01-20,18.639999389648438,18.889999389648438,18.06999969482422,18.170000076293945,2613100
2026-01-21,19.1200008392334,19.489999771118164,18.520000457763672,18.889999389648438,4296600
2026-01-22,19.399999618530273,19.899999618530273,18.959999084472656,19.75,3762600
2026-01-23,18.790000915527344,19.350000381469727,18.56999969482422,19.350000381469727,3126200
2026-01-26,19.920000076293945,20.270000457763672,18.809999465942383,19.079999923706055,5106900
2026-01-27,20.700000762939453,20.729999542236328,19.979999542236328,20.020000457763672,6920600
2026-01-28,21.030000686645508,21.520000457763672,20.540000915527344,20.6200008392334,9101300
2026-01-29,24.700000762939453,24.950000762939453,22.799999237060547,23.010000228881836,15626200
2026-01-30,24.459999084472656,24.989999771118164,23.899999618530273,24.260000228881836,7140900
2026-02-02,25.59000015258789,26.079999923706055,24.09000015258789,24.200000762939453,6663000
2026-02-03,25.8799991607666,26.469999313354492,25.450000762939453,25.93000030517578,5786300
2026-02-04,24.5,26.84000015258789,24.059999465942383,26.139999389648438,6105200
2026-02-05,25.31999969482422,26.18000030517578,23.610000610351562,23.649999618530273,5378200
2026-02-06,26.3799991607666,26.600000381469727,25.139999389648438,25.829999923706055,5363500
2026-02-09,27.6200008392334,27.690000534057617,25.709999084472656,26.350000381469727,3655000
2026-02-10,27.329999923706055,27.84000015258789,26.90999984741211,27.6200008392334,3155800
2026-02-11,26.899999618530273,27.899999618530273,26.469999313354492,27.510000228881836,3272300
2026-02-12,26.5,28.149999618530273,26.3799991607666,27.260000228881836,5162500
2026-02-13,26.290000915527344,27.0,25.549999237060547,26.5,5129000
2026-02-17,26.299999237060547,26.8799991607666,25.809999465942383,26.030000686645508,3500900
2026-02-18,26.329999923706055,27.09000015258789,26.0,26.31999969482422,3727400
2026-02-19,26.329999923706055,26.670000076293945,25.690000534057617,25.969999313354492,3705900
2026-02-20,27.530000686645508,27.770000457763672,26.170000076293945,26.420000076293945,5288800
2026-02-23,27.3700008392334,28.309999465942383,26.719999313354492,27.649999618530273,4217400
2026-02-24,29.1299991607666,29.670000076293945,27.459999084472656,27.920000076293945,6394300
2026-02-25,30.850000381469727,31.420000076293945,29.06999969482422,29.1200008392334,7806500
2026-02-26,29.899999618530273,31.149999618530273,28.739999771118164,30.579999923706055,5010500
2026-02-27,29.709999084472656,29.90999984741211,29.18000030517578,29.389999389648438,6970900
2026-03-02,35.349998474121094,35.61000061035156,29.540000915527344,30.149999618530273,17421500
2026-03-03,33.040000915527344,34.36000061035156,31.75,34.33000183105469,9672500
2026-03-04,32.59000015258789,34.380001068115234,31.65999984741211,33.900001525878906,4464100
2026-03-05,30.809999465942383,32.06999969482422,30.709999084472656,31.540000915527344,2107010
