Date,Close,High,Low,Open,Volume
2017-06-29,9.057966232299805,9.057966232299805,9.057966232299805,9.057966232299805,1100
2017-06-30,9.11231517791748,9.284416170751303,9.103257003601213,9.284416170751303,3300
2017-07-03,9.11231517791748,9.11231517791748,9.11231517791748,9.11231517791748,0
2017-07-05,9.11231517791748,9.11231517791748,9.11231517791748,9.11231517791748,0
2017-07-06,9.11231517791748,9.11231517791748,9.11231517791748,9.11231517791748,0
2017-07-07,8.913037300109863,9.037131491084624,8.786225484793405,9.037131491084624,1400
2017-07-10,8.913037300109863,8.913037300109863,8.913037300109863,8.913037300109863,0
2017-07-11,8.913037300109863,8.913037300109863,8.913037300109863,8.913037300109863,0
2017-07-12,8.913037300109863,8.913037300109863,8.913037300109863,8.913037300109863,0
2017-07-13,8.922098159790039,8.922098159790039,8.922098159790039,8.922098159790039,200
2017-07-14,8.922098159790039,8.922098159790039,8.922098159790039,8.922098159790039,0
2017-07-17,8.967387199401855,8.967387199401855,8.967387199401855,8.967387199401855,1000
2017-07-18,8.967387199401855,8.967387199401855,8.967387199401855,8.967387199401855,0
2017-07-19,8.967387199401855,8.967387199401855,8.967387199401855,8.967387199401855,0
2017-07-20,8.967387199401855,9.012677208254404,8.876808045531828,8.876808045531828,47500
2017-07-21,8.967387199401855,8.967387199401855,8.967387199401855,8.967387199401855,9300
2017-07-24,8.967387199401855,8.967387199401855,8.967387199401855,8.967387199401855,0
2017-07-25,8.967387199401855,8.967387199401855,8.967387199401855,8.967387199401855,0
2017-07-26,8.967387199401855,8.967387199401855,8.967387199401855,8.967387199401855,0
2017-07-27,8.967387199401855,8.967387199401855,8.967387199401855,8.967387199401855,0
2017-07-28,8.967387199401855,8.967387199401855,8.967387199401855,8.967387199401855,0
2017-07-31,8.967387199401855,8.967387199401855,8.967387199401855,8.967387199401855,0
2017-08-01,8.967387199401855,8.967387199401855,8.967387199401855,8.967387199401855,0
2017-08-02,8.967387199401855,8.967387199401855,8.967387199401855,8.967387199401855,0
2017-08-03,8.967387199401855,8.967387199401855,8.967387199401855,8.967387199401855,0
2017-08-04,8.967387199401855,8.967387199401855,8.967387199401855,8.967387199401855,0
2017-08-07,8.949271202087402,8.949271202087402,8.949271202087402,8.949271202087402,300
2017-08-08,8.949271202087402,8.949271202087402,8.949271202087402,8.949271202087402,0
2017-08-09,8.949271202087402,8.949271202087402,8.949271202087402,8.949271202087402,0
2017-08-10,8.949271202087402,8.949271202087402,8.949271202087402,8.949271202087402,0
2017-08-11,8.949271202087402,8.949271202087402,8.949271202087402,8.949271202087402,0
2017-08-14,8.949271202087402,8.949271202087402,8.949271202087402,8.949271202087402,0
2017-08-15,8.786226272583008,8.87680627219274,8.786226272583008,8.87680627219274,3000
2017-08-16,8.876808166503906,8.894923651990759,8.840576331695118,8.840576331695118,131700
2017-08-17,8.876808166503906,8.876808166503906,8.876808166503906,8.876808166503906,100000
2017-08-18,8.876808166503906,8.876808166503906,8.876808166503906,8.876808166503906,15000
2017-08-21,8.876808166503906,8.876808166503906,8.876808166503906,8.876808166503906,2100
2017-08-22,8.876808166503906,8.876808166503906,8.876808166503906,8.876808166503906,0
2017-08-23,8.876808166503906,8.876808166503906,8.867749991842938,8.876808166503906,3500
2017-08-24,8.876808166503906,8.876808166503906,8.849634506356086,8.876808166503906,228000
2017-08-25,8.876808166503906,8.876808166503906,8.876808166503906,8.876808166503906,0
2017-08-28,8.856879234313965,8.922097047018514,8.856879234313965,8.903980699988926,1000
2017-08-29,8.856879234313965,8.856879234313965,8.856879234313965,8.856879234313965,0
2017-08-30,8.856879234313965,8.856879234313965,8.856879234313965,8.856879234313965,0
2017-08-31,8.9085111618042,8.922098424173628,8.9085111618042,8.922098424173628,1000
2017-09-01,8.88495922088623,8.922097214693846,8.88495922088623,8.922097214693846,400
2017-09-05,8.922098159790039,8.922098159790039,8.883148699886593,8.922098159790039,28100
2017-09-06,8.89039421081543,8.922097820866986,8.89039421081543,8.922097820866986,26700
2017-09-07,8.922098159790039,8.922098159790039,8.913039985145502,8.922098159790039,25800
2017-09-08,8.922098159790039,8.922098159790039,8.876808150402434,8.922098159790039,27300
2017-09-11,8.922098159790039,8.922098159790039,8.922098159790039,8.922098159790039,0
2017-09-12,8.872279167175293,8.922098264469675,8.867750079799887,8.8768082545507,23700
2017-09-13,8.876808166503906,8.92209817597366,8.876808166503906,8.92209817597366,5500
2017-09-14,8.876808166503906,8.876808166503906,8.876808166503906,8.876808166503906,55600
2017-09-15,8.876808166503906,8.913040001312694,8.786228147564396,8.786228147564396,2600
2017-09-18,8.876808166503906,8.876808166503906,8.876808166503906,8.876808166503906,0
2017-09-19,8.90398120880127,8.90398120880127,8.786227537884907,8.795285711917325,1900
2017-09-20,8.90398120880127,8.90398120880127,8.90398120880127,8.90398120880127,0
2017-09-21,8.886770248413086,8.9130386052815,8.877712075170882,8.903980432039296,400
2017-09-22,8.886770248413086,8.886770248413086,8.886770248413086,8.886770248413086,0
2017-09-25,8.886770248413086,8.886770248413086,8.886770248413086,8.886770248413086,0
2017-09-26,8.851444244384766,8.851444244384766,8.79256698439202,8.79256698439202,900
2017-09-27,8.851444244384766,8.851444244384766,8.851444244384766,8.851444244384766,0
2017-09-28,8.851444244384766,8.851444244384766,8.851444244384766,8.851444244384766,0
2017-09-29,8.851444244384766,8.851444244384766,8.851444244384766,8.851444244384766,44000
2017-10-02,8.851444244384766,8.851444244384766,8.851444244384766,8.851444244384766,0
2017-10-03,8.786226272583008,8.786226272583008,8.786226272583008,8.786226272583008,500
2017-10-04,8.786226272583008,8.786226272583008,8.786226272583008,8.786226272583008,0
2017-10-05,8.90398120880127,8.913039382833686,8.786227537884907,8.786227537884907,571400
2017-10-06,8.931156158447266,9.119562059155642,8.90398249625591,8.922098846940244,213100
2017-10-09,8.931156158447266,8.931156158447266,8.931156158447266,8.931156158447266,0
2017-10-10,8.931156158447266,8.931156158447266,8.931156158447266,8.931156158447266,0
2017-10-11,8.930251121520996,8.931156420780717,8.831519080595683,8.931156420780717,22000
2017-10-12,8.930251121520996,8.930251121520996,8.930251121520996,8.930251121520996,0
2017-10-13,8.930251121520996,8.930251121520996,8.930251121520996,8.930251121520996,0
2017-10-16,8.967387199401855,8.967387199401855,8.967387199401855,8.967387199401855,12900
2017-10-17,8.876808166503906,8.876808166503906,8.876808166503906,8.876808166503906,100000
2017-10-18,8.967387199401855,9.094199051421977,8.967387199401855,9.094199051421977,400
2017-10-19,8.90398120880127,9.112314892371764,8.804343885949741,9.112314892371764,2500
2017-10-20,8.90398120880127,8.90398120880127,8.90398120880127,8.90398120880127,0
2017-10-23,8.931156158447266,8.994562522007291,8.931156158447266,8.994562522007291,1400
2017-10-24,8.876808166503906,9.107786437348086,8.876808166503906,9.107786437348086,113500
2017-10-25,8.876808166503906,8.876808166503906,8.876808166503906,8.876808166503906,0
2017-10-26,8.84963607788086,8.881338830988962,8.84963607788086,8.84963607788086,112200
2017-10-27,8.84963607788086,8.84963607788086,8.84963607788086,8.84963607788086,0
2017-10-30,8.84963607788086,8.84963607788086,8.84963607788086,8.84963607788086,0
2017-10-31,8.840575218200684,8.849633391720749,8.831517044680618,8.849633391720749,128700
2017-11-01,8.838765144348145,8.838765144348145,8.82246025668443,8.82246025668443,1100
2017-11-02,8.838765144348145,8.838765144348145,8.838765144348145,8.838765144348145,0
2017-11-03,8.838765144348145,8.838765144348145,8.838765144348145,8.838765144348145,0
2017-11-06,8.813400268554688,8.813400268554688,8.813400268554688,8.813400268554688,300000
2017-11-07,8.813400268554688,8.813400268554688,8.813400268554688,8.813400268554688,0
2017-11-08,8.813400268554688,8.813400268554688,8.813400268554688,8.813400268554688,0
2017-11-09,8.813400268554688,8.813400268554688,8.813400268554688,8.813400268554688,0
2017-11-10,8.804343223571777,8.804343223571777,8.804343223571777,8.804343223571777,30400
2017-11-13,8.804343223571777,8.804343223571777,8.804343223571777,8.804343223571777,0
2017-11-14,8.804343223571777,8.926625108469683,8.804343223571777,8.926625108469683,208000
2017-11-15,8.804343223571777,8.804343223571777,8.804343223571777,8.804343223571777,0
2017-11-16,8.922098159790039,8.922098159790039,8.920285833793068,8.920285833793068,400
2017-11-17,8.786226272583008,8.786226272583008,8.786226272583008,8.786226272583008,400100
2017-11-20,8.786226272583008,8.786226272583008,8.786226272583008,8.786226272583008,50000
2017-11-21,8.804343223571777,8.804343223571777,8.804343223571777,8.804343223571777,2500
2017-11-22,8.804343223571777,8.804343223571777,8.804343223571777,8.804343223571777,0
2017-11-24,8.804343223571777,8.804343223571777,8.804343223571777,8.804343223571777,0
2017-11-27,8.804343223571777,8.804343223571777,8.804343223571777,8.804343223571777,0
2017-11-28,8.777170181274414,8.777170181274414,8.777170181274414,8.777170181274414,700
2017-11-29,8.777170181274414,8.777170181274414,8.777170181274414,8.777170181274414,0
2017-11-30,8.768112182617188,8.768112182617188,8.768112182617188,8.768112182617188,4300
2017-12-01,8.804343223571777,8.804343223571777,8.754524133976547,8.768111394002961,3949500
2017-12-04,8.821553230285645,8.831516702470662,8.819741768418817,8.822458529301588,2800
2017-12-05,8.821553230285645,8.821553230285645,8.821553230285645,8.821553230285645,0
2017-12-06,8.82245922088623,8.82245922088623,8.82245922088623,8.82245922088623,100
2017-12-07,8.804343223571777,8.83151687978965,8.788944501642165,8.83151687978965,27800
2017-12-08,8.804343223571777,8.804343223571777,8.804343223571777,8.804343223571777,0
2017-12-11,8.804343223571777,8.804343223571777,8.77082815494028,8.77082815494028,25900
2017-12-12,8.82245922088623,8.82245922088623,8.813401047007096,8.813401047007096,45100
2017-12-13,8.82245922088623,8.82245922088623,8.813401047007096,8.82245922088623,35200
2017-12-14,8.831518173217773,8.831518173217773,8.831518173217773,8.831518173217773,77200
2017-12-15,8.831518173217773,8.831518173217773,8.831518173217773,8.831518173217773,1000
2017-12-18,8.831518173217773,8.831518173217773,8.822459998540207,8.822459998540207,14700
2017-12-19,8.82245922088623,8.82245922088623,8.77716921532556,8.82245922088623,7600
2017-12-20,8.813400268554688,8.84963296087094,8.813400268554688,8.840574787791876,19000
2017-12-21,8.813400268554688,8.813400268554688,8.813400268554688,8.813400268554688,0
2017-12-22,8.813400268554688,8.813400268554688,8.813400268554688,8.813400268554688,0
2017-12-26,8.813400268554688,8.813400268554688,8.813400268554688,8.813400268554688,0
2017-12-27,8.813400268554688,8.813400268554688,8.813400268554688,8.813400268554688,0
2017-12-28,8.813400268554688,8.813400268554688,8.813400268554688,8.813400268554688,0
2017-12-29,8.82245922088623,8.831517394765367,8.82245922088623,8.831517394765367,500
2018-01-02,8.82245922088623,8.82245922088623,8.82245922088623,8.82245922088623,0
2018-01-03,8.813400268554688,8.822458441633751,8.75905295775017,8.822458441633751,169700
2018-01-04,8.876808166503906,8.876808166503906,8.836047244364634,8.849634506356086,4100
2018-01-05,8.840575218200684,8.858690701405843,8.840575218200684,8.858690701405843,400
2018-01-08,8.840575218200684,8.840575218200684,8.840575218200684,8.840575218200684,225000
2018-01-09,8.84963607788086,8.85869339031515,8.81340337280276,8.81340337280276,294900
2018-01-10,8.84963607788086,8.84963607788086,8.84963607788086,8.84963607788086,0
2018-01-11,8.84963607788086,8.84963607788086,8.84963607788086,8.84963607788086,0
2018-01-12,8.831518173217773,8.849634522572906,8.831518173217773,8.849634522572906,6000
2018-01-16,8.858692169189453,8.858692169189453,8.840576682982766,8.840576682982766,88000
2018-01-17,8.82245922088623,8.849633742523636,8.813401047007096,8.849633742523636,8000
2018-01-18,8.82245922088623,8.82245922088623,8.82245922088623,8.82245922088623,0
2018-01-19,8.840575218200684,8.849633391720749,8.840575218200684,8.849633391720749,500
2018-01-22,8.813400268554688,8.8768066162732,8.813400268554688,8.8768066162732,8200
2018-01-23,8.813400268554688,8.813400268554688,8.813400268554688,8.813400268554688,0
2018-01-24,8.813400268554688,8.822458441633751,8.813400268554688,8.813400268554688,25200
2018-01-25,8.813400268554688,8.813400268554688,8.813400268554688,8.813400268554688,0
2018-01-26,8.813400268554688,8.831516614712815,8.813400268554688,8.831516614712815,600
2018-01-29,8.813400268554688,8.813400268554688,8.813400268554688,8.813400268554688,0
2018-01-30,8.813400268554688,8.813400268554688,8.813400268554688,8.813400268554688,0
2018-01-31,8.813400268554688,8.813400268554688,8.813400268554688,8.813400268554688,0
2018-02-01,8.813400268554688,8.813400268554688,8.813400268554688,8.813400268554688,0
2018-02-02,8.831518173217773,8.831518173217773,8.813401823862641,8.831518173217773,7400
2018-02-05,8.831518173217773,8.831518173217773,8.831518173217773,8.831518173217773,100
2018-02-06,8.813400268554688,8.836045701252345,8.804342959310555,8.813400268554688,701700
2018-02-07,8.813400268554688,8.813400268554688,8.813400268554688,8.813400268554688,0
2018-02-08,8.786226272583008,8.786226272583008,8.786226272583008,8.786226272583008,8400
2018-02-09,8.786226272583008,8.831516272387873,8.786226272583008,8.786226272583008,9800
2018-02-12,8.79528522491455,8.813400708141295,8.79528522491455,8.79528522491455,5500
2018-02-13,8.786226272583008,8.804342618038913,8.786226272583008,8.786226272583008,7800
2018-02-14,8.786226272583008,8.831516272387873,8.786226272583008,8.786226272583008,2000
2018-02-15,8.777170181274414,8.795286531026433,8.777170181274414,8.795286531026433,3800
2018-02-16,8.777170181274414,8.777170181274414,8.777170181274414,8.777170181274414,0
2018-02-20,8.777170181274414,8.777170181274414,8.777170181274414,8.777170181274414,0
2018-02-21,8.804343223571777,8.813400533087764,8.786226876869891,8.795285050220834,11100
2018-02-22,8.804343223571777,8.804343223571777,8.804343223571777,8.804343223571777,0
2018-02-23,8.804343223571777,8.804343223571777,8.804343223571777,8.804343223571777,0
2018-02-26,8.804343223571777,8.858690536007522,8.786226876869891,8.840575053140594,25100
2018-02-27,8.804343223571777,8.804343223571777,8.804343223571777,8.804343223571777,11100
2018-02-28,8.82245922088623,8.831517394765367,8.82245922088623,8.831517394765367,200
2018-03-01,8.831518173217773,8.831518173217773,8.831518173217773,8.831518173217773,200
2018-03-02,8.831518173217773,8.831518173217773,8.831518173217773,8.831518173217773,0
2018-03-05,8.831518173217773,8.831518173217773,8.831518173217773,8.831518173217773,0
2018-03-06,8.831518173217773,8.831518173217773,8.831518173217773,8.831518173217773,0
2018-03-07,8.831518173217773,8.831518173217773,8.831518173217773,8.831518173217773,0
2018-03-08,8.831518173217773,8.831518173217773,8.831518173217773,8.831518173217773,0
2018-03-09,8.831518173217773,8.831518173217773,8.831518173217773,8.831518173217773,0
2018-03-12,8.831518173217773,8.831518173217773,8.831518173217773,8.831518173217773,0
2018-03-13,8.831518173217773,8.831518173217773,8.831518173217773,8.831518173217773,0
2018-03-14,8.831518173217773,8.831518173217773,8.831518173217773,8.831518173217773,0
2018-03-15,8.831518173217773,8.831518173217773,8.831518173217773,8.831518173217773,0
2018-03-16,8.831518173217773,8.831518173217773,8.831518173217773,8.831518173217773,0
2018-03-19,8.813400268554688,8.858690270115073,8.813400268554688,8.840574787791876,400
2018-03-20,9.202895164489746,9.329707024917091,9.193836989351695,9.239127001206827,9395400
2018-03-21,9.2210111618042,9.27535848288195,9.202894812221553,9.27535848288195,813500
2018-03-22,9.193836212158203,9.239126220184781,9.18477890162093,9.239126220184781,459000
2018-03-23,9.175719261169434,9.22100926195966,9.157602915319377,9.193834743184574,457300
2018-03-26,9.193836212158203,9.193836212158203,9.175720727248603,9.175720727248603,209900
2018-03-27,9.16666316986084,9.221011355917781,9.157604994878831,9.221011355917781,121800
2018-03-28,9.139490127563477,9.193837453465038,9.10325828901738,9.175721966109574,436400
2018-03-29,9.15760326385498,9.16666143712476,9.103255951906197,9.112314125175978,394100
2018-04-02,9.148545265197754,9.157602573950236,9.103255266095807,9.103255266095807,7700
2018-04-03,9.121371269226074,9.148545788542698,9.121371269226074,9.134958528884386,2700
2018-04-04,9.139490127563477,9.148548303158794,9.130431951968161,9.130431951968161,55200
2018-04-05,9.130431175231934,9.130431175231934,9.121373000407207,9.121373000407207,800
2018-04-06,9.11231517791748,9.11231517791748,9.11231517791748,9.11231517791748,300
2018-04-09,9.148545265197754,9.148545265197754,9.121370747435655,9.148545265197754,112800
2018-04-10,9.121371269226074,9.139487615437156,9.112313959955467,9.121371269226074,592500
2018-04-11,9.148545265197754,9.148545265197754,9.121370747435655,9.130428920023022,530600
2018-04-12,9.11231517791748,9.148547011347498,9.11231517791748,9.148547011347498,1068100
2018-04-13,9.139490127563477,9.139490127563477,9.121373776372844,9.121373776372844,49500
2018-04-16,9.139490127563477,9.148548303158794,9.121373776372844,9.148548303158794,756300
2018-04-17,9.11231517791748,9.148547011347498,9.11231517791748,9.131336825680611,11400
2018-04-18,9.18477725982666,9.193834568744924,9.130429087142582,9.130429087142582,1918800
2018-04-19,9.18477725982666,9.18477725982666,9.166660914320333,9.166660914320333,1453000
2018-04-20,9.16666316986084,9.193836830971755,9.163945544599214,9.16666316986084,47400
2018-04-23,9.180251121520996,9.193837521178867,9.166663858027949,9.166663858027949,219100
2018-04-24,9.175719261169434,9.184777434094462,9.166661088244405,9.171190174706918,367500
2018-04-25,9.193836212158203,9.193836212158203,9.175720727248603,9.193836212158203,1625400
2018-04-26,9.2210111618042,9.284416657673274,9.193836637430229,9.193836637430229,660100
2018-04-27,9.302533149719238,9.347822296699245,9.221011303019052,9.221011303019052,3291100
2018-04-30,9.347821235656738,9.402169415233002,9.293473919915483,9.32970575168799,645500
2018-05-01,9.356880187988281,9.365938362643739,9.302532867725693,9.338764702512446,1719600
2018-05-02,9.356880187988281,9.374996537299197,9.329706527856986,9.356880187988281,1608000
2018-05-03,9.329704284667969,9.365936110743316,9.284414286115068,9.329704284667969,885100
2018-05-04,9.338764190673828,9.356879675156792,9.32970601651483,9.32970601651483,138900
2018-05-07,9.365939140319824,9.374997315727404,9.329707302524657,9.365939140319824,638800
2018-05-08,9.293474197387695,9.356879688923906,9.28441602321537,9.356879688923906,194300
2018-05-09,9.329704284667969,9.365936110743316,9.302530631070177,9.365936110743316,2142500
2018-05-10,9.402172088623047,9.420287577742709,9.347823893593555,9.356882070071013,775500
2018-05-11,9.402172088623047,9.420287577742709,9.36594024654847,9.420287577742709,1494500
2018-05-14,9.510866165161133,9.60144618845862,9.379525217763288,9.456517978415615,2536900
2018-05-15,9.619560241699219,9.646733899106097,9.492748400742132,9.510864748236713,2150100
2018-05-16,9.664851188659668,9.728256683401018,9.592387519288103,9.610503004713454,1145300
2018-05-17,9.75090217590332,9.846010418560844,9.682966729622137,9.692024904304306,2130100
2018-05-18,9.732784271240234,9.78260336019599,9.655791526415404,9.755429704326916,1065000
2018-05-21,9.74637222290039,9.826987897207301,9.692024043469605,9.782604054575913,258100
2018-05-22,9.673909187316895,9.78260468939702,9.673909187316895,9.78260468939702,1122300
2018-05-23,9.510866165161133,9.692025347920987,9.501807990064359,9.646735336272243,652300
2018-05-24,9.374996185302734,9.556155352434637,9.374996185302734,9.556155352434637,238300
2018-05-25,9.311589241027832,9.42934290818776,9.311589241027832,9.411227424535845,96100
2018-05-29,9.347821235656738,9.392205942241942,9.266299398209847,9.266299398209847,1630800
2018-05-30,9.438400268554688,9.538037579641225,9.347820266596075,9.420283922628997,1539700
2018-05-31,9.510866165161133,9.510866165161133,9.36593881895325,9.36593881895325,271300
2018-06-01,9.510866165161133,9.610503499720272,9.497278902515973,9.556156176809877,610400
2018-06-04,9.519923210144043,9.601445048667268,9.46557502985022,9.528981384165517,2155400
2018-06-05,9.501809120178223,9.583330978074878,9.465577279316957,9.492750944004099,1192700
2018-06-06,9.547096252441406,9.601444429228952,9.484596065094472,9.528980769402201,1433700
2018-06-07,9.646735191345215,9.692025202313548,9.583329694290613,9.583329694290613,1526700
2018-06-08,9.692023277282715,9.692023277282715,9.637675965983274,9.637675965983274,820500
2018-06-11,9.728256225585938,9.75543074819774,9.655792559624537,9.664850733828471,923500
2018-06-12,9.755431175231934,9.805249407864242,9.728256651430593,9.728256651430593,707400
2018-06-13,9.800719261169434,9.827893782033383,9.719197426247547,9.773545604140464,3582600
2018-06-14,9.800719261169434,9.827893782033383,9.696552856029236,9.827893782033383,116200
2018-06-15,9.701083183288574,9.827895038697118,9.665756647182333,9.7644886790753,663500
2018-06-18,9.619560241699219,9.782603913810476,9.592386584292342,9.728255735161726,347200
2018-06-19,9.528980255126953,9.601443911042868,9.515392995704625,9.601443911042868,466800
2018-06-20,9.565213203430176,9.637676867833546,9.501806849200962,9.501806849200962,762400
2018-06-21,9.538037300109863,9.701080953323075,9.510863645852627,9.565211818201995,180800
2018-06-22,9.682966232299805,9.69202440651674,9.556155248602852,9.601445255852495,997500
2018-06-25,9.592386245727539,9.692023561926039,9.556154415852179,9.655791732050679,737700
2018-06-26,9.664851188659668,9.692024848715235,9.574271170027671,9.601445693918317,693400
2018-06-27,9.737313270568848,9.827893274433697,9.610501437925048,9.692023268636424,2150300
2018-06-28,9.782604217529297,9.86412605611592,9.737314211221726,9.755430559278762,701400
2018-06-29,9.84600830078125,9.936588300449905,9.710139165113166,9.800718300946922,2206200
2018-07-02,9.873184204101562,9.927532389049382,9.846010543545198,9.90035872849302,790100
2018-07-03,9.864128112792969,10.034417673626495,9.782606257208988,9.94564910454175,1828000
2018-07-05,9.864128112792969,9.936591792459797,9.818838097042402,9.827896272959554,827800
2018-07-06,9.936590194702148,9.936590194702148,9.773546509750854,9.873183837312721,1112400
2018-07-09,9.963764190673828,9.963764190673828,9.864126859747723,9.936590530209452,765800
2018-07-10,10.009052276611328,10.02716775882684,9.927530447054211,10.02716775882684,1470000
2018-07-11,10.235504150390625,10.425721515501639,10.064308435407199,10.217387799506168,3831300
2018-07-12,10.389487266540527,10.555247692257506,10.31702360748923,10.380429093200377,2312900
2018-07-13,10.498183250427246,10.552530565362376,10.425719587957074,10.425719587957074,1138600
2018-07-16,10.407601356506348,10.597818652017411,10.389485876085448,10.597818652017411,860100
2018-07-17,10.670283317565918,10.778978801947558,10.371370519557678,10.452892348802639,1781800
2018-07-18,10.706518173217773,10.715576348769725,10.610503758338535,10.68840268594904,587200
2018-07-19,10.806153297424316,10.860500607579514,10.643109639288888,10.715573295385763,1698500
2018-07-20,11.367748260498047,11.666661089315648,10.809777358760188,10.824269918737857,3269900
2018-07-23,11.494561195373535,11.548909384328432,11.204706491174504,11.413040207693927,954600
2018-07-24,11.576080322265625,11.639486671761794,11.168472024464327,11.449269350943194,1967700
2018-07-25,11.557964324951172,11.775355292257077,11.485500669182537,11.766297119327268,1386900
2018-07-26,11.222819328308105,11.65760124847908,11.19111572410678,11.512673941755422,907800
2018-07-27,11.032602310180664,11.449268759801926,10.797094998691492,11.28622510356559,738100
2018-07-30,11.10506820678711,11.594198410383136,11.096010032093552,11.132241867032699,405700
2018-07-31,11.1412992477417,11.32245840952713,10.96014008595627,11.032603750670441,367000
2018-08-01,11.349631309509277,11.50361680269709,11.105066673398317,11.32245765301583,1148400
2018-08-02,11.684775352478027,11.956514494966221,11.612311696325833,11.775355354585733,3807600
2018-08-03,11.856878280639648,11.902168285883448,11.487313254539647,11.639487292071413,372500
2018-08-06,11.639487266540527,11.95651557488173,11.59419726139607,11.893110085980489,599000
2018-08-07,11.730067253112793,11.87952367610921,11.53984990895053,11.702893593613915,570800
2018-08-08,11.621370315551758,11.856877639007083,11.557964829942614,11.73912397727942,584300
2018-08-09,11.66666030883789,11.829703973225634,11.567022993842578,11.567022993842578,621400
2018-08-10,11.594196319580078,11.820645463072522,11.548906318114604,11.666659976390866,905900
2018-08-13,11.322458267211914,11.657602928261186,11.123182759835181,11.512675600654475,572200
2018-08-14,11.70289134979248,12.137673273753057,11.594195868802338,11.594195868802338,1934300
2018-08-15,11.467384338378906,11.8297034815327,11.077891540234926,11.8297034815327,1790000
2018-08-16,11.811589241027832,11.98369023842203,11.503618216794465,11.503618216794465,807800
2018-08-17,11.865937232971191,12.00180639378187,11.784415390950763,12.00180639378187,372200
2018-08-20,12.137675285339355,12.210138951342245,11.884052454329245,12.001806127542698,749800
2018-08-21,12.409412384033203,12.590571518664767,12.2508978172925,12.409412384033203,1927500
2018-08-22,12.599631309509277,12.762674983534618,12.4547039831912,12.61774765721654,3175300
2018-08-23,12.590572357177734,12.699268709030578,12.52988449654776,12.635862359810595,1254400
2018-08-24,12.617748260498047,12.681153752835009,12.582421726313852,12.617748260498047,403000
2018-08-27,12.599631309509277,12.77173315738825,12.53622582020387,12.681153146521948,896400
2018-08-28,12.318836212158203,12.681154568583697,12.237314366003691,12.590574547559774,578500
2018-08-29,12.39129638671875,12.554339169183306,12.318832735882314,12.364121869778943,401700
2018-08-30,12.635863304138184,12.708326968232273,12.418472311855918,12.427530485826432,1337600
2018-08-31,12.554342269897461,12.663037772998102,12.355067612797155,12.527168610081068,435400
2018-09-04,12.563400268554688,12.826081279995686,12.409414758692545,12.744559437852779,1200400
2018-09-05,12.463761329650879,12.504522245451342,12.291659493196711,12.436586809893939,487600
2018-09-06,12.318836212158203,12.590574547559774,12.255429851907415,12.518110876274674,916100
2018-09-07,12.128617286682129,12.309776441408806,11.965573615510625,12.309776441408806,790400
2018-09-10,12.454703330993652,12.463761504372947,12.137674173398011,12.137674173398011,2516500
2018-09-11,12.518109321594238,12.631333901894722,12.341479252752682,12.608689331368623,1516300
2018-09-12,12.672096252441406,12.762676272455513,12.527168911486909,12.617748931501016,1400200
2018-09-13,12.880428314208984,12.912131058029967,12.56430531122478,12.75361647509007,2214000
2018-09-14,13.161226272583008,13.251806291306695,12.871371594803339,12.871371594803339,3050800
2018-09-17,12.762675285339355,13.238218194045304,12.744558937203688,13.197457274575077,1447900
2018-09-18,13.00723934173584,13.04347117251034,12.785319270262644,12.807964704393573,1510700
2018-09-19,13.088762283325195,13.179342299835636,12.862313105884153,13.043472275069975,3309400
2018-09-20,13.206514358520508,13.315209846857245,13.079702523543503,13.170282529074928,3086500
2018-09-21,13.034414291381836,13.351442605126723,12.889486099682301,13.24274710922833,5131600
2018-09-24,13.161226272583008,13.188400796501162,12.998183448249485,13.052530768415632,2274800
2018-09-25,13.088762283325195,13.152168640416527,12.952893122394594,13.143110465998472,2250700
2018-09-26,13.288037300109863,13.360500965050793,12.97100811811702,13.025356298740231,1710400
2018-09-27,13.532602310180664,13.56430592028399,13.278979476199385,13.360501317366417,2156000
2018-09-28,13.59600830078125,13.731877456514338,13.469196455284685,13.514486461807389,1353100
2018-10-01,13.686589241027832,13.795284752605275,13.423908205423563,13.5960100799642,998700
2018-10-02,13.451079368591309,13.768107648813594,13.451079368591309,13.768107648813594,982300
2018-10-03,13.768109321594238,13.768109321594238,13.27897915042691,13.514486493835074,1561500
2018-10-04,13.432964324951172,13.759050809780474,13.351442487785095,13.704703494226425,1087400
2018-10-05,13.532602310180664,13.5416604844959,13.233689468458254,13.43296498421821,428800
2018-10-08,13.206514358520508,13.505427167405276,13.179340702395061,13.451079855154383,1148900
2018-10-09,13.215574264526367,13.369559775817763,13.061588753234972,13.179342430330456,1133300
2018-10-10,12.753618240356445,13.224632967562698,12.672096394198816,13.224632967562698,2011000
2018-10-11,12.382240295410156,12.70651531697729,12.255428453216501,12.68115312130556,989900
2018-10-12,12.817022323608398,12.85325415525752,12.318834854391715,12.50905218650836,2097000
2018-10-15,12.889485359191895,12.97100719239108,12.75361621308323,12.871369876167055,602200
2018-10-16,13.143109321594238,13.251804813641336,12.862311985929665,12.898543816612031,1054500
2018-10-17,12.708328247070312,13.306153967923207,12.59963273999116,13.13405296433999,1407100
2018-10-18,12.735504150390625,12.826083317511294,12.545286776451466,12.717387798665374,915200
2018-10-19,12.653979301452637,12.84419663038768,12.554341118207859,12.84419663038768,752400
2018-10-22,12.382240295410156,12.771733131991743,12.119559301022228,12.617747632126232,631100
2018-10-23,12.228256225585938,12.463763589843573,11.98369068643337,12.228256225585938,1326700
2018-10-24,11.66666030883789,12.355065931991746,11.66666030883789,12.164848611484363,711900
2018-10-25,11.902169227600098,12.038038390246658,11.61593747752102,11.757241026586014,1122700
2018-10-26,11.884052276611328,12.092385961130423,11.57608126878703,11.684776766165895,1023400
2018-10-29,11.35869026184082,11.99274776112134,11.240936590514648,11.920284096279852,817800
2018-10-30,11.249993324279785,11.458326118068156,11.03260235758716,11.358688807626098,1393800
2018-10-31,11.277168273925781,11.58513927735027,11.186589125988293,11.394921943696028,964500
2018-11-01,11.268111228942871,11.59419861292683,11.18659024678198,11.394923085362754,976000
2018-11-02,11.132242202758789,11.367749568883216,11.032604869630044,11.349633218949748,840900
2018-11-05,11.413040161132812,11.485503836886945,11.177532783014307,11.177532783014307,840500
2018-11-06,11.403980255126953,11.467385745831114,11.240936577504797,11.440212087505763,816900
2018-11-07,11.403980255126953,11.594197591074462,11.295284757990524,11.512675752263384,1042000
2018-11-08,11.096009254455566,11.374994277551474,11.059777422055642,11.367748429372503,878500
2018-11-09,10.932964324951172,11.005427981454176,10.742747010672053,10.951080670994385,980200
2018-11-12,10.597821235656738,10.996372268097225,10.534415742973728,10.824270411050408,1326700
2018-11-13,10.81521224975586,11.231878767536054,10.579705763577094,10.960140447804013,2306200
2018-11-14,10.969198226928711,11.240937422104713,10.67934354611969,10.923909080928617,1550700
2018-11-15,11.66666030883789,11.675718482156087,10.833327367932688,10.951081029564396,1702000
2018-11-16,11.730067253112793,11.865937278277302,11.594198091783344,11.711951768058562,1156100
2018-11-19,11.512674331665039,11.793471645828296,11.503616158729308,11.748181644984555,1055700
2018-11-20,11.014487266540527,11.648544756876149,10.878618112838256,11.485501945200424,1099000
2018-11-21,11.376806259155273,11.539849068103544,11.076987272030154,11.077892571107617,756100
2018-11-23,11.123183250427246,11.204705091760324,10.887676764596748,11.005429575594473,413600
2018-11-26,11.476444244384766,11.512676077788043,11.231878721036363,11.26811055443964,812100
2018-11-27,11.259052276611328,11.512675088643533,11.059776778097108,11.313399590129313,1250200
2018-11-28,11.132242202758789,11.548908749042349,11.105068541693695,11.249995885821003,1435100
2018-11-29,11.340577125549316,11.503619973282234,11.10506973413652,11.150359749998243,1722500
2018-11-30,11.032602310180664,11.259051448804504,10.751804998199741,11.204703275447422,1895900
2018-12-03,11.403980255126953,11.576081242967545,11.23187840345134,11.249994751558255,1924600
2018-12-04,11.050721168518066,11.413040419320321,10.815213785071876,11.413040419320321,1204400
2018-12-06,10.588763236999512,10.833328765123104,10.235503070378854,10.833328765123104,869200
2018-12-07,10.82426929473877,11.050718446778639,10.688400149048832,10.724631978821812,854100
2018-12-10,10.42572021484375,10.778980374668215,10.335140199392065,10.679343048739401,636700
2018-12-11,10.244560241699219,10.670284034853644,10.027168394487301,10.49818305563898,641500
2018-12-12,10.072458267211914,10.48006657168345,10.072458267211914,10.371371081413372,488800
2018-12-13,10.326081275939941,10.335139449594964,10.009052972529014,10.090574807754248,804000
2018-12-14,9.963764190673828,10.262677047287236,9.95470601590734,10.135865192061663,1183600
2018-12-17,9.719198226928711,10.045285593479793,9.574270892388254,9.927531918206908,836900
2018-12-18,9.664851188659668,9.95470586614593,9.646734839399237,9.836952187458367,1287500
2018-12-19,9.773547172546387,9.945648179794333,9.510866142219445,9.764488997471462,772400
2018-12-20,9.601444244384766,9.773545217201319,9.510864239427667,9.601444244384766,1185200
2018-12-21,9.655792236328125,9.846009569066682,9.492748561456503,9.782604079432165,3742700
2018-12-24,9.139490127563477,9.538040351570544,9.067026450471284,9.483693025668984,971600
2018-12-26,9.836952209472656,9.836952209472656,8.94927182576688,9.193836494484461,1084900
2018-12-27,9.764488220214844,9.864126410437528,9.35687987647537,9.746372735342117,986200
2018-12-28,9.74637222290039,9.918473207400368,9.574270374565408,9.873183201847214,511400
2018-12-31,10.153982162475586,10.190213999921902,9.746373775245738,9.846011112264323,503700
2019-01-02,10.226444244384766,10.425719751215732,9.855067752450923,9.954705073948901,1070300
2019-01-03,10.217387199401855,10.38043089244519,9.92753251295602,10.226445374312064,642900
2019-01-04,10.7608642578125,10.7608642578125,10.317024108606415,10.416661428682781,804900
2019-01-07,10.806153297424316,11.132239749860256,10.688399640308164,10.923906954540469,1105300
2019-01-08,11.023547172546387,11.249996373520906,11.005430821827554,11.105069023110836,1158400
2019-01-09,11.15035629272461,11.485500924050264,11.059776289086352,11.249993605658743,1867200
2019-01-10,11.231881141662598,11.322461176609568,10.896736394495182,11.086953776815632,1442100
2019-01-11,11.014487266540527,11.19564642608856,10.905791770811708,11.123182762269348,1361900
2019-01-14,11.1412992477417,11.331516583575157,10.85144372504999,10.93296556381219,890700
2019-01-15,11.177529335021973,11.259051161056686,11.073362941237567,11.177529335021973,623400
2019-01-16,11.05977725982666,11.26811007711156,10.978255422163869,11.150357271415318,882700
2019-01-17,11.240935325622559,11.30434080926537,10.951080698872655,11.032602528604798,770800
2019-01-18,11.449270248413086,11.512675739044445,11.27716839693508,11.331516577358403,1432800
2019-01-22,10.969198226928711,11.313401092306968,10.913039444014771,11.268111082471787,1233300
2019-01-23,10.833328247070312,11.068835589445435,10.624994563020007,11.068835589445435,793700
2019-01-24,11.222819328308105,11.24999298236007,10.697457409517401,10.842384716241058,3076300
2019-01-25,11.1412992477417,11.548907577717673,11.077892893240533,11.385863900193273,3200700
2019-01-28,10.860502243041992,10.942024084385928,10.724633083358801,10.860502243041992,906100
2019-01-29,10.688400268554688,10.996371256985894,10.661226611879867,10.860501245941848,1116200
2019-01-30,11.050721168518066,11.118655758094997,10.697460957183955,10.697460957183955,845800
2019-01-31,10.905791282653809,11.168472268199254,10.85144310530459,11.132240437911433,592500
2019-02-01,10.81521224975586,11.059777774116759,10.788038590549666,10.878618606350381,661700
2019-02-04,10.81521224975586,10.833328598450024,10.670284915542757,10.824270424102941,537200
2019-02-05,10.389487266540527,10.815211047508162,10.371370919860224,10.797095564662815,968800
2019-02-06,10.46195125579834,10.552530400553898,10.262675755200139,10.362313073581749,893900
2019-02-07,10.126806259155273,10.47100907063628,10.126806259155273,10.398544547945846,956300
2019-02-08,10.009052276611328,10.144921416649906,9.918472274028993,10.036225931852059,1287200
2019-02-11,10.208330154418945,10.217387465730138,9.809779086332112,9.963764608479053,1028000
2019-02-12,10.896733283996582,10.93296511486586,10.317023990088126,10.317023990088126,1223300
2019-02-13,11.07789421081543,11.186590584649764,10.85144501569163,10.869561365942394,1062900
2019-02-14,11.222819328308105,11.394920289083728,10.987312022964717,10.987312022964717,1157200
2019-02-15,11.530792236328125,11.539850411166984,11.249995727004265,11.295285737363466,1065100
2019-02-19,11.449270248413086,11.539849397338594,11.304342055229231,11.413038416075878,1052100
2019-02-20,11.476444244384766,11.567024259810482,11.295285077368382,11.349632395555773,636600
2019-02-21,11.086950302124023,11.467384947535287,11.077892128701146,11.385863114399307,1067700
2019-02-22,11.376806259155273,11.376806259155273,11.09600891867687,11.240936243890886,862000
2019-02-25,11.340577125549316,11.458329957420512,11.123185222180089,11.340577125549316,729700
2019-02-26,11.10506820678711,11.449271070626548,10.869560847765111,11.10506820678711,1810000
2019-02-27,11.29528522491455,11.467386219869445,11.032604213350726,11.086951532248037,1351200
2019-02-28,11.1412992477417,11.358690241884215,11.014487402574387,11.331516583575157,1071900
2019-03-01,11.240935325622559,11.403978985086843,11.08694983920294,11.231877152577892,1116100
2019-03-04,11.585140228271484,11.594198402959242,11.127712772560722,11.231879189964685,1577100
2019-03-05,11.467384338378906,11.684775305970232,11.449268856330422,11.57607982217457,1324000
2019-03-06,11.086950302124023,11.485501294381043,11.050718472267473,11.458326774112408,856100
2019-03-07,11.086950302124023,11.195645791693675,10.91484932626415,11.10506664896978,770100
2019-03-08,11.068836212158203,11.082422610167445,10.869560690950294,11.032604377741771,1536700
2019-03-11,11.231881141662598,11.249997494186085,11.041663759342148,11.123185618027374,1184500
2019-03-12,11.15035629272461,11.349630918592878,11.086949944643855,11.231877259397118,1278400
2019-03-13,11.3858642578125,11.413038780810107,11.173002344008207,11.24999509816466,1479400
2019-03-14,11.413040161132812,11.494561148479846,11.308872871380487,11.403981985704757,920700
2019-03-15,11.367748260498047,11.503617414020589,11.231878243140494,11.331516428636368,2159500
2019-03-18,11.567023277282715,11.594196934068222,11.213762283731228,11.403979608899725,1325900
2019-03-19,11.168473243713379,11.56702427552596,11.10506775113026,11.539849752560295,1424600
2019-03-20,11.268111228942871,11.326988501644463,11.077893876230595,11.096010225934192,1682500
2019-03-21,11.313401222229004,11.385864893263426,11.096010209125739,11.277169386711792,1407300
2019-03-22,10.797097206115723,11.259053750673942,10.797097206115723,11.204705566205586,1050600
2019-03-25,10.85144329071045,10.942023299895123,10.615936821733277,10.751805971675298,989800
2019-03-26,10.969198226928711,11.068836421333128,10.851444546891274,10.960140916029745,1109000
2019-03-27,10.996373176574707,11.073365937122798,10.742749457219157,10.942024989902768,687400
2019-03-28,10.978257179260254,11.096010867638267,10.824271653214788,10.93296716621715,773600
2019-03-29,10.869561195373535,11.204705895237339,10.842387534258933,11.12318404805842,534900
2019-04-01,11.268111228942871,11.286227578646468,10.914851048073714,11.059778390362096,1238900
2019-04-02,11.29528522491455,11.413038900972134,11.200176121091669,11.313400709935301,647800
2019-04-03,11.322458267211914,11.440211936851119,11.240936429474386,11.440211936851119,1058900
2019-04-04,11.576080322265625,11.576080322265625,11.204703853961442,11.304341169119773,701400
2019-04-05,11.594196319580078,11.775355461607047,11.52173266276929,11.594196319580078,905100
2019-04-08,11.74818229675293,11.874993269548751,11.630428633560406,11.666660463478493,929400
2019-04-09,12.028980255126953,12.17390759278082,11.775357414232685,11.920284751886552,1253500
2019-04-10,12.083327293395996,12.155790955354759,12.00180545773364,12.047095462416614,723000
2019-04-11,12.028980255126953,12.101443923953887,11.902169266597355,12.038038429689088,469000
2019-04-12,12.37318229675293,12.454704134757673,12.273544974655474,12.427530476701097,774700
2019-04-15,12.128617286682129,12.490935596135483,12.07426910834663,12.273544610463471,939300
2019-04-16,12.07426929473877,12.219196620757373,11.965573800224815,12.146732957748071,773400
2019-04-17,12.327893257141113,12.327893257141113,12.092386762464619,12.210139577885325,1248900
2019-04-18,12.27354621887207,12.409415386763547,12.210139858532292,12.373183551070145,540500
2019-04-22,12.472821235656738,12.527168555050782,12.373183043709213,12.436588537613954,581300
2019-04-23,12.608688354492188,12.653978355870471,12.300717381721773,12.527166524778263,1180100
2019-04-24,12.536226272583008,12.798907276972317,12.463762606809063,12.672095429950396,628800
2019-04-25,12.400357246398926,12.640393698432806,12.359597186986106,12.463763606915201,603600
2019-04-26,12.219197273254395,12.418472789088657,12.038038106057359,12.273545455331028,769700
2019-04-29,12.128617286682129,12.210138258432892,12.028979103706215,12.2010809485728,526200
2019-04-30,11.938401222229004,12.146734056263007,11.902169387447652,12.146734056263007,596600
2019-05-01,11.73912525177002,12.065211752378753,11.730067077461015,11.965574426484846,785500
2019-05-02,11.43115520477295,11.72100989654687,11.349633356752754,11.576082550659908,1146400
2019-05-03,11.75723934173584,11.76629751497023,11.422094706577901,11.548906540354531,821100
2019-05-06,11.893111228942871,12.028980393598664,11.526263793304167,11.576082026299249,1271400
2019-05-07,11.376806259155273,11.802530061012698,11.123182576195747,11.74818274597494,2658800
2019-05-08,11.684775352478027,11.902167184769535,11.277167070663198,11.331515244694804,1265300
2019-05-09,11.630431175231934,11.671192100776894,11.449271986051638,11.57608298656027,1271800
2019-05-10,11.458327293395996,11.766298293051193,11.431153635730833,11.585139135558432,986500
2019-05-13,11.231881141662598,11.440214876506536,11.096011953077376,11.30434482408608,1225600
2019-05-14,11.231881141662598,11.403983035294793,11.159417459239116,11.331519352871311,1262500
2019-05-15,11.222819328308105,11.295282981669935,11.10506567563641,11.18658750162719,1121800
2019-05-16,11.3858642578125,11.503617932630316,11.213763264669568,11.213763264669568,762400
2019-05-17,11.195645332336426,11.403978993339884,11.17752985006891,11.277167162127565,488700
2019-05-20,11.277168273925781,11.530791097519767,11.186589125988293,11.268110099981529,754700
2019-05-21,11.440211296081543,11.467384952527045,11.186588486975287,11.322457633037756,760700
2019-05-22,11.123183250427246,11.354161512925952,11.01448774992816,11.3224587665931,803800
2019-05-23,10.652169227600098,11.055248476174967,10.615937394737582,11.005429382050869,1225000
2019-05-24,10.480067253112793,10.842386441406548,10.326081749259076,10.751806428374353,674300
2019-05-28,10.39854621887207,10.552531734642397,10.289850713122739,10.480068064142841,2096900
2019-05-29,10.344199180603027,10.344199180603027,10.126808163163464,10.226445496864486,810200
2019-05-30,10.226444244384766,10.371371571594556,10.13586423296114,10.326081565882744,812100
2019-05-31,9.990936279296875,10.10868994123016,9.963762623107641,10.045284455510297,848400
2019-06-03,10.009052276611328,10.081515933143226,9.891298618788262,10.072457760118008,892600
2019-06-04,9.990936279296875,10.144921770760789,9.882240790704985,10.009052625979667,1336600
2019-06-05,9.710140228271484,10.009053050537002,9.682965707094624,9.954704872018274,974400
2019-06-06,9.84600830078125,9.873181955147889,9.701080992379321,9.719196474012113,1190800
2019-06-07,10.570648193359375,10.797097381968042,10.117749816142041,10.172097137660465,4588100
2019-06-10,10.144922256469727,10.647639671131424,10.144922256469727,10.597820579203509,1458500
2019-06-11,10.126806259155273,10.280791750181907,10.099631739208254,10.244559920754167,968500
2019-06-12,9.719198226928711,10.117749260750022,9.664850908393566,10.099632912014938,1337700
2019-06-13,9.836952209472656,10.099633227491209,9.746373054473029,9.88224221889001,1028900
2019-06-14,9.601444244384766,9.936588880590119,9.601444244384766,9.818835219679867,1038000
2019-06-17,9.818836212158203,10.009053550727137,9.510865200776594,9.556155207833013,1149800
2019-06-18,10.117749214172363,10.289850207188115,9.846010031242447,9.891300039036608,936900
2019-06-19,10.045284271240234,10.289848900126968,9.909414265116547,10.045284271240234,843400
2019-06-20,10.489126205444336,10.552531700970354,10.253618845154719,10.253618845154719,1249200
2019-06-21,10.39854621887207,10.57064808418483,10.298908887893955,10.507242588456494,2392500
2019-06-24,10.307966232299805,10.48006721991376,10.271734399968707,10.371371722920468,756500
2019-06-25,10.126806259155273,10.380429065149453,10.126806259155273,10.326080889090367,667400
2019-06-26,10.443835258483887,10.50361782428296,10.181154261371741,10.29890793095098,965000
2019-06-27,10.42572021484375,10.656698476794004,10.398545691907215,10.461952048257414,1117600
2019-06-28,10.489126205444336,10.525358040578501,10.09057601896852,10.407604360433693,14588900
2019-07-01,10.597821235656738,10.88767676756847,10.407603893772654,10.652169417838643,1705500
2019-07-02,10.298908233642578,10.534415579722769,10.199270908994052,10.534415579722769,1170300
2019-07-03,10.244560241699219,10.362313043152158,10.13586388617577,10.317023902824864,760100
2019-07-05,10.271735191345215,10.335140686850897,10.135865161759352,10.20832969583953,657600
2019-07-08,10.371371269226074,10.448364017540994,10.199270289140657,10.208328462785937,1515700
2019-07-09,10.208330154418945,10.425721174919875,10.153981967376149,10.326082975980603,1618000
2019-07-10,10.226444244384766,10.41666157730637,10.099632401158694,10.31702425580839,1346900
2019-07-11,9.84600830078125,10.190211090153282,9.737312819479802,10.190211090153282,2255700
2019-07-12,9.84600830078125,9.87771104151481,9.628617338178355,9.84600830078125,1651200
2019-07-15,9.918476104736328,9.954707946995716,9.637679543184891,9.909417928212667,1919600
2019-07-16,9.836952209472656,9.972822237724715,9.610503026220968,9.891300393540496,1350300
2019-07-17,9.664851188659668,9.846010362088583,9.651263926714345,9.82789487666323,1319000
2019-07-18,9.664851188659668,9.70108302334545,9.415757433174296,9.601445693918317,3665000
2019-07-19,9.782604217529297,9.86412605611592,9.528981391575932,9.655792372635105,2431000
2019-07-22,9.818836212158203,9.98640811528141,9.728256198045365,9.818836212158203,1307000
2019-07-23,10.054342269897461,10.063399579080544,9.76448678016572,9.827893127456841,1131400
2019-07-24,10.045284271240234,10.09510335986908,9.882240609425786,10.036226098065,1435800
2019-07-25,9.900358200073242,10.199271041744407,9.836951843712507,10.108691026277668,1680100
2019-07-26,9.773547172546387,9.972822705019103,9.773547172546387,9.918474518404683,1173000
2019-07-29,9.601444244384766,9.855067048895718,9.402168751780115,9.764487043938619,985200
2019-07-30,10.126806259155273,10.135863568635994,9.474632465621001,9.538037951160808,978200
2019-07-31,10.126806259155273,10.40760272126152,10.054342600299794,10.126806259155273,1226400
2019-08-01,9.384054183959961,9.936590764026185,9.356880522856164,9.936590764026185,1794600
2019-08-02,9.42028522491455,9.481880118509006,9.184778742167966,9.402169740319447,1379600
2019-08-05,9.030794143676758,9.239126988555926,8.749996761627527,9.166663315220987,1624500
2019-08-06,9.003619194030762,9.311590223109587,8.77717000957105,9.076083727786148,1372500
2019-08-07,8.90398120880127,9.094198544306929,8.392206469659985,8.831517544211973,3036500
2019-08-08,9.003619194030762,9.184779232666601,8.8134018445312,9.003619194030762,1945600
2019-08-09,9.139490127563477,9.370468422233035,9.039851923685333,9.067026450471284,1592600
2019-08-12,9.048909187316895,9.130431031788502,8.90398184773852,9.103257371576326,983500
2019-08-13,9.175719261169434,9.347820227570399,8.885864638247844,9.04890743172378,1259300
2019-08-14,8.876808166503906,8.985503670930271,8.668474468477063,8.931155486799547,1282300
2019-08-15,8.913037300109863,8.940210952022383,8.731878180968366,8.867747304365784,1218500
2019-08-16,9.16666316986084,9.198365918462759,8.85869213115343,8.949272153303296,1369500
2019-08-19,9.483692169189453,9.519924004463427,9.320648478539033,9.356880313813004,1607300
2019-08-20,9.284415245056152,9.429342564326362,9.180248842310059,9.39311073450881,839100
2019-08-21,9.411229133605957,9.479163721348733,9.26630091889684,9.438402795936037,1521200
2019-08-22,9.275358200073242,9.483691894746046,9.221010880652559,9.447460060520568,1037800
2019-08-23,8.976444244384766,9.307059798885605,8.908509671572052,9.112314253845152,1947100
2019-08-26,9.021736145019531,9.202895331900416,8.940214294964347,9.067026157698539,1195800
2019-08-27,8.931156158447266,9.166663534332738,8.863221571051303,9.121373521457047,1338600
2019-08-28,9.15760326385498,9.193835093099151,8.958328634929513,9.003617773608516,1245300
2019-08-29,9.275358200073242,9.411228226295089,9.193836357107148,9.284416374588378,1635100
2019-08-30,9.248184204101562,9.556155215737927,9.09419869828338,9.384053361548178,871000
2019-09-03,9.293474197387695,9.374996037268557,8.931155005009977,9.021735019063165,1292400
2019-09-04,9.311589241027832,9.492748396721955,9.17572009021599,9.483691086813494,1972400
2019-09-05,9.365939140319824,9.610503829478414,9.230069100711583,9.402170978114992,1807000
2019-09-06,9.356880187988281,9.411228372085949,9.182966862710822,9.311590178546071,785300
2019-09-09,9.692023277282715,9.719196932932435,9.384052300469415,9.384052300469415,1452300
2019-09-10,9.782604217529297,9.882241540337935,9.655792372635105,9.710140552971193,2230100
2019-09-11,9.909415245056152,10.217386252789758,9.764487915260345,9.882241586678195,1846300
2019-09-12,9.764488220214844,9.900358244018037,9.506336297974347,9.610502711538924,1060900
2019-09-13,9.737313270568848,9.999994245174982,9.624088697655257,9.855066930059175,1638100
2019-09-16,11.023547172546387,11.050720834789487,10.362315056506514,10.498185095392314,2772100
2019-09-17,10.634053230285645,10.99637243470614,10.54347407705682,10.869560583583707,2220200
2019-09-18,10.670283317565918,10.769921492791946,10.380428692548211,10.480066003939317,1516100
2019-09-19,10.507242202758789,10.778980525239657,10.412133098822437,10.778980525239657,990400
2019-09-20,10.552531242370605,10.670284917397987,10.434778431178273,10.507242098297425,1472100
2019-09-23,10.643108367919922,10.733688359138274,10.434775597486457,10.434775597486457,1314400
2019-09-24,10.19021224975586,10.624994224437978,10.11774858730884,10.615936914508348,1227800
2019-09-25,10.199271202087402,10.221915774392558,9.990937508772708,10.063401176751281,1053900
2019-09-26,9.981880187988281,10.090575689845469,9.850539250013933,10.090575689845469,950200
2019-09-27,10.108691215515137,10.190213058194301,9.710141040437632,9.782604708633542,1037200
2019-09-30,10.054342269897461,10.108689580335652,9.873182264877027,9.97282044040525,1076800
2019-10-01,9.655792236328125,10.217386060643147,9.628618578461191,10.135864223207335,1389500
2019-10-02,9.320646286010742,9.778073638639334,9.180248065329852,9.58332724591445,1367800
2019-10-03,9.465575218200684,9.52898157377767,9.184778728627732,9.26629970493808,1713700
2019-10-04,9.538037300109863,9.556153645504617,9.311588165684801,9.456515473503257,876900
2019-10-07,9.284415245056152,9.5833280570097,9.257241588651729,9.5833280570097,1110400
2019-10-08,9.039850234985352,9.175720252028233,8.976444745333012,9.14854659415366,1806600
2019-10-09,9.057966232299805,9.148546240156792,9.01267622837131,9.148546240156792,1510300
2019-10-10,9.293474197387695,9.347821514751582,9.048908677745109,9.112315033116353,714800
2019-10-11,9.55615520477295,9.682966187888274,9.456517016513725,9.510865197731032,863200
2019-10-14,9.266298294067383,9.41122646772324,9.207421898390711,9.402168294900704,2014300
2019-10-15,9.248184204101562,9.583328874460243,9.139488705377262,9.157604189913796,840100
2019-10-16,9.139490127563477,9.356881158840059,9.116844688575185,9.211953804655671,551600
2019-10-17,9.230067253112793,9.411227269660662,9.09419810453687,9.166661765622026,721100
2019-10-18,9.103257179260254,9.411228201275627,9.085140830278142,9.230068166794773,1459800
2019-10-21,9.320646286010742,9.402168112159288,9.085138980211585,9.103255325504547,1101800
2019-10-22,9.47463321685791,9.628618720093943,9.275357707287451,9.302532229389119,1061200
2019-10-23,9.483692169189453,9.646734996004783,9.329706653316299,9.42934398436095,875800
2019-10-24,9.402172088623047,9.601447651950851,9.221012878250159,9.601447651950851,813100
2019-10-25,9.501809120178223,9.583330978074878,9.32064991587189,9.356881756733156,519600
2019-10-28,9.510866165161133,9.719199009376185,9.474634328609161,9.592388013361848,1153800
2019-10-29,9.565213203430176,9.701082358227742,9.3342349492063,9.474633191008452,645600
2019-10-30,9.248184204101562,9.619560707368343,9.221010545379245,9.592387048646026,1139400
2019-10-31,8.894922256469727,9.248183238308737,8.632241279359162,9.202893235944515,3329500
2019-11-01,9.193836212158203,9.275358053839033,8.958329725323091,8.994561558977344,1208400
2019-11-04,9.528980255126953,9.646733048114127,9.347820251502247,9.347820251502247,1511600
2019-11-05,10.1358642578125,10.217386095526638,9.664850443225834,9.737314107008398,1381900
2019-11-06,10.009052276611328,10.24455959225746,9.873182272737825,10.072457760118008,1393400
2019-11-07,10.534414291381836,10.742747089395927,10.199269661640738,10.199269661640738,2129400
2019-11-08,10.688400268554688,10.733690272236037,10.371371106620217,10.42571928380483,1051400
2019-11-11,10.407601356506348,10.661224993077656,10.36231135970184,10.525355002664133,627100
2019-11-12,10.534414291381836,10.697457951625859,10.335138802620802,10.416660632742813,892000
2019-11-13,10.552531242370605,10.64311125818707,10.416662082480961,10.47101026473785,574700
2019-11-14,10.525358200073242,10.733691903127967,10.480068189510467,10.570648210636017,946900
2019-11-15,10.606879234313965,10.706516558856295,10.480067387213243,10.579705575590609,895800
2019-11-18,10.389487266540527,10.588761897014118,10.289849087468776,10.57064641416877,826700
2019-11-19,10.18115520477295,10.307967060032325,10.036227863810858,10.289850710494518,1494000
2019-11-20,10.416662216186523,10.461952224676086,10.073365524015452,10.199271212038699,1196300
2019-11-21,10.507242202758789,10.561589521720938,10.335140343763507,10.434778534919216,658900
2019-11-22,10.416662216186523,10.597821386309711,10.353256722602174,10.579705901214924,782400
2019-11-25,10.498183250427246,10.597820570364982,10.380429582954468,10.434777761724595,818200
2019-11-26,10.307966232299805,10.543473574369445,10.271734399968707,10.507241742038348,806600
2019-11-27,10.226444244384766,10.353256087610838,10.208328760401045,10.289849734080297,535000
2019-11-29,9.836952209472656,10.090575916675803,9.805249462031032,10.07245956737483,563900
2019-12-02,10.1358642578125,10.172096089703782,9.855067776613819,9.918473266464808,1076900
2019-12-03,9.999996185302734,10.108691692727914,9.85506884206916,9.99093801039186,1218100
2019-12-04,10.235504150390625,10.371373326683425,10.117750461147127,10.126808636589354,894400
2019-12-05,10.099630355834961,10.335137646774685,10.081514875519893,10.253615825769794,901400
2019-12-06,10.42572021484375,10.4891257073589,10.099632850285722,10.17209651711305,1112200
2019-12-09,10.570648193359375,10.634053689742569,10.307967169126725,10.407604501133902,1173900
2019-12-10,10.688400268554688,10.720103011981141,10.543472947842348,10.624993917866812,1275500
2019-12-11,10.652169227600098,10.769922900362033,10.624994705076935,10.697459234637002,1519700
2019-12-12,10.896733283996582,10.973726032573172,10.671190288006446,10.679342298780911,1463300
2019-12-13,10.751805305480957,11.109595369372842,10.634051646371029,10.914848966376999,2001500
2019-12-16,11.050721168518066,11.259054888900518,10.851445623768585,10.878620150667496,2279800
2019-12-17,11.367748260498047,11.385863744511381,11.068835431680446,11.096009089617953,1334700
2019-12-18,11.213764190673828,11.458328871002479,11.168474179106264,11.349633361541398,1063800
2019-12-19,11.43115520477295,11.52173522786986,11.17753234947077,11.222822361019226,1308200
2019-12-20,11.240935325622559,11.50361629707339,11.209232583801153,11.458326295684987,2131200
2019-12-23,11.440211296081543,11.458326779100222,11.213762143420789,11.240935799866289,1243700
2019-12-24,11.376806259155273,11.612312730710553,11.34057442785177,11.530790894318919,475700
2019-12-26,11.467384338378906,11.521732512194196,11.349630681641543,11.431152510447019,587600
2019-12-27,11.403980255126953,11.63948759750673,11.367748422748143,11.576081242967545,827500
2019-12-30,11.340577125549316,11.55343907711365,11.340577125549316,11.440214469376945,1021700
2019-12-31,11.39492130279541,11.53079044897727,11.195645806405047,11.231877636309207,627200
2020-01-02,11.440211296081543,11.54890678569851,11.340573979891397,11.494558608972545,718500
2020-01-03,11.70289134979248,11.802528658074722,11.512674042101006,11.648543177379961,1761000
2020-01-06,11.865937232971191,12.033509140382023,11.657603540715087,11.702893548930332,1097400
2020-01-07,11.684775352478027,11.856877183715682,11.616840782814709,11.81158718266183,706300
2020-01-08,11.249993324279785,11.684775257665036,11.132239668029218,11.684775257665036,1321200
2020-01-09,11.322458267211914,11.376806446981936,11.005429090195976,11.231878255540215,1043700
2020-01-10,11.322458267211914,11.413038278883615,11.19111733667145,11.331516441146087,772900
2020-01-13,11.159414291381836,11.32245796246858,10.987313310439708,11.28622613154208,1140400
2020-01-14,11.240935325622559,11.358688983698439,11.082420752680608,11.286225327010962,949800
2020-01-15,11.240935325622559,11.295283500055628,11.123181667546678,11.150356186680677,536000
2020-01-16,11.286226272583008,11.422095424296554,11.249994441203729,11.331516277765855,485500
2020-01-17,11.195645332336426,11.358688991918704,11.186588023120132,11.322457163548744,1033400
2020-01-21,10.996373176574707,11.245466944552879,10.996373176574707,11.150358697670889,675200
2020-01-22,10.769922256469727,10.923907752887976,10.67934224781135,10.923907752887976,956000
2020-01-23,10.407601356506348,10.507239522243234,10.342384417622334,10.507239522243234,1656300
2020-01-24,10.199271202087402,10.421191293251166,10.054343866130255,10.407604031567034,1286500
2020-01-27,9.945645332336426,10.090573500536623,9.891298025116868,9.909413506245096,1872000
2020-01-28,9.900358200073242,10.16303920832472,9.89130002575956,10.009053700332297,1574700
2020-01-29,9.701083183288574,10.00905421511283,9.592387677439147,9.95470603027057,1559300
2020-01-30,9.818836212158203,9.83695169667975,9.519923374954885,9.619560699410979,1292000
2020-01-31,9.528980255126953,9.719196704030042,9.420283907418161,9.637675739000825,1799800
2020-02-03,9.329704284667969,9.682964372943882,9.302530631070177,9.538037068642495,1621500
2020-02-04,9.356880187988281,9.58332937136425,9.329706527856986,9.556155711232957,957100
2020-02-05,9.547096252441406,9.68296539865782,9.465574419177571,9.510864422528032,1462500
2020-02-06,9.320646286010742,9.637675417958445,9.30253080455267,9.556153591809899,899300
2020-02-07,9.193836212158203,9.275358053839033,9.085140711195447,9.18477890162093,874900
2020-02-10,8.894922256469727,9.139487750935569,8.858690427345337,9.094197748571345,787100
2020-02-11,8.704706192016602,9.089669971836042,8.695648881306491,9.021735390417334,926000
2020-02-12,8.668475151062012,8.931156190068887,8.564308725763714,8.831518852457709,1421000
2020-02-13,8.605069160461426,8.704706492391397,8.514489139554108,8.632242821199581,1035100
2020-02-14,8.749996185302734,8.786228019583769,8.505431519864526,8.596010673649575,2203700
2020-02-18,8.315215110778809,8.704707157223964,8.288040584130066,8.65035983159681,1443700
2020-02-19,8.396737098693848,8.523548103095795,8.25180887906491,8.360504395910228,2432700
2020-02-20,8.025357246398926,8.442023700409948,7.789850796263502,8.33332821638554,3189800
2020-02-21,7.76267671585083,7.880430379487239,7.599633912522314,7.880430379487239,2414900
2020-02-24,7.373186111450195,7.481881621556116,7.155794659320791,7.436591609719867,1844200
2020-02-25,6.721011638641357,7.400359169254688,6.621373879881161,7.391300994859431,2186300
2020-02-26,6.675721645355225,7.028982673040868,6.6123161521174385,6.938402656556839,2292900
2020-02-27,6.403981685638428,6.721010387876134,6.231880291413971,6.394923512928876,2104800
2020-02-28,6.802532196044922,6.802532196044922,6.2318802744224895,6.2318802744224895,3977900
2020-03-02,6.884054660797119,6.947460583695666,6.567025910139408,6.856881002353108,1923200
2020-03-03,6.911229133605957,7.155794232723141,6.766301363520469,7.001808719960926,2439800
2020-03-04,6.920286655426025,7.019924413195382,6.603257897342642,6.974634405504532,1884500
2020-03-05,6.440214157104492,6.793474721695775,6.358692322230546,6.7300688021363175,1727700
2020-03-06,5.670288562774658,6.2952880173937835,5.507244851206537,6.141302913682649,2755600
2020-03-09,4.664852142333984,4.873185358225947,3.2427514571655944,3.7228238005400947,6640400
2020-03-10,4.836954593658447,5.480070295508822,4.356882144928261,5.072461514832054,4707400
2020-03-11,4.356882572174072,4.601447691795733,4.1666652089219385,4.501809922492812,4460700
2020-03-12,4.030794620513916,4.474635170663279,3.781700905788959,4.076084622418891,4901700
2020-03-13,4.510868072509766,4.628621759941127,3.7771727177658216,4.275360697647043,4040000
2020-03-16,3.6413023471832275,4.574273043543766,3.5507227727592627,3.8677514992018796,3448000
2020-03-17,3.2970995903015137,3.913041314723303,3.2246357182785954,3.695649914613279,2997100
2020-03-18,3.0615930557250977,3.3514479492982887,2.9257234596345683,3.0525348810908777,2546800
2020-03-19,3.795288324356079,4.067027082331522,2.9347813935987705,3.079708947144441,2763700
2020-03-20,3.6050713062286377,4.338766667476686,3.6050713062286377,3.9039841831907047,3466500
2020-03-23,3.4873170852661133,3.6639475910087995,3.2699258763171377,3.5416650494724227,2386800
2020-03-24,3.6865930557250977,3.858694496018254,3.5326075337829286,3.6956507989418097,2306400
2020-03-25,3.6594183444976807,3.9039834169100383,3.4057953144388926,3.7228242639814364,3020000
2020-03-26,4.09420108795166,4.193838846405187,3.6865927436052277,3.6865927436052277,1904200
2020-03-27,3.722824811935425,4.01267949928423,3.623187047200496,3.894926248507555,2144000
2020-03-30,3.5326075553894043,3.7228249151969726,3.333332236350941,3.6231871476983497,2439000
2020-03-31,3.6231870651245117,3.804346245613715,3.5054333818477517,3.586955229026671,3464000
2020-04-01,3.269925355911255,3.623186095216722,3.124998050316167,3.58695426881795,2309500
2020-04-02,3.596013069152832,4.030795303910091,3.269926123136424,3.2789840818613922,2241000
2020-04-03,3.5416646003723145,3.8677512644670426,3.514490729694314,3.6322443852577084,3729500
2020-04-06,3.5416646003723145,3.7228239541843755,3.4420268585942537,3.650360299043042,1799200
2020-04-07,3.596013069152832,3.940215716660406,3.487317348494439,3.6865928723612877,2380100
2020-04-08,3.9492745399475098,3.9492745399475098,3.6231875403766773,3.7409412390991466,2069000
2020-04-09,4.048910140991211,4.6829679463887395,3.8405769299476185,4.148547876338345,2307800
2020-04-13,4.021737098693848,4.402171753314785,3.6730051879854915,4.202896252362155,2282200
2020-04-14,4.130433082580566,4.202896752673946,3.9311579898237703,4.048911237766742,1919800
2020-04-15,3.8224620819091797,3.9311580197955074,3.659418822956008,3.8405779995706433,1418800
2020-04-16,3.414853572845459,3.7499982512396817,3.4057956144012573,3.7499982512396817,1081700
2020-04-17,3.63224458694458,3.7364109890149093,3.378621347949575,3.4601429645102084,1825200
2020-04-20,3.514491319656372,3.6775345710937195,3.254527502876284,3.469201311631679,1878800
2020-04-21,3.6050713062286377,3.6503613193091344,3.3514482263882797,3.4057959829343307,1661200
2020-04-22,4.030794620513916,4.116845537749875,3.759055904836471,3.7862295604454816,1932500
2020-04-23,4.673910617828369,5.045287541372817,4.347824131875812,4.438403711307077,5552800
2020-04-24,4.664852142333984,4.819743349977195,4.370468015574996,4.692025795931777,1980600
2020-04-27,4.682969570159912,4.809781002442997,4.465578111471332,4.547099962469247,2186500
2020-04-28,4.999998092651367,5.009056267562242,4.633150215194443,4.710142974266668,2562400
2020-04-29,5.597822666168213,5.769924066884249,5.167569380336853,5.253620296653604,2565200
2020-04-30,5.860504627227783,5.937497383491863,5.298910760763057,5.597823611238877,2079100
2020-05-01,5.2717366218566895,5.71104768307329,5.199272527549546,5.597823102610095,1380100
2020-05-04,5.389489650726318,5.407605565629429,5.063403182470335,5.217388675105512,1149700
2020-05-05,4.954707622528076,5.842388381362427,4.841483038145723,5.6793451353421425,3968500
2020-05-06,4.637679100036621,4.981881957096204,4.5742736061008005,4.954707865468327,2517400
2020-05-07,4.465578079223633,5.018114249486215,4.30253481032278,4.963766493185932,3816400
2020-05-08,4.5380401611328125,4.6467356252286285,4.456518347102261,4.5833297218807125,5717000
2020-05-11,4.565215587615967,4.664853351100228,4.397643240616443,4.465577824131706,8433300
2020-05-12,4.927534580230713,5.099636021839519,4.610505790706099,4.610505790706099,5662200
2020-05-13,4.601447582244873,4.832425865254435,4.447462060238499,4.710143092396115,4201900
2020-05-14,4.547100067138672,4.82336794466561,4.31431030958324,4.538042323440169,7279900
2020-05-15,4.972822666168213,5.153982228542303,4.538040753072246,4.619562145819021,4319900
2020-05-18,5.534418106079102,5.597823600349089,5.26267891603833,5.362316676642284,2439000
2020-05-19,5.389489650726318,5.679344721093563,5.371373735823209,5.507243313555276,1709600
2020-05-20,5.688403129577637,5.742750876532893,5.489127625490865,5.534417630578995,996600
2020-05-21,5.670288562774658,5.851447762386346,5.634056290934719,5.697462226757611,1620400
2020-05-22,5.371374130249023,5.733692886834167,5.271736806924181,5.661229221900641,1694600
2020-05-26,5.661229133605957,5.697460965507635,5.375903133442116,5.643113217655118,1617600
2020-05-27,5.597822666168213,5.833329982490409,5.550721202903773,5.806155895254208,1875600
2020-05-28,5.353259086608887,5.5661214609863,5.271737666229252,5.561592373210324,1819000
2020-05-29,5.0271711349487305,5.380431676219207,4.9909393067116286,5.262678018489894,2141600
2020-06-01,5.0271711349487305,5.167569361388136,4.873185648982315,5.009055220830179,1911900
2020-06-02,5.335141658782959,5.416663488027919,5.090576602965539,5.090576602965539,1656800
2020-06-03,5.724635124206543,5.797098788880959,5.443838207634424,5.480070039971632,2274800
2020-06-04,5.652170181274414,5.697460180873082,5.443837392489393,5.6068806135931935,1807900
2020-06-05,6.53985071182251,6.730068016374783,6.132242448877604,6.1413006214360175,2579000
2020-06-08,6.838765621185303,7.024453885446143,6.3586931546300995,6.902171117127513,3484800
2020-06-09,6.376809120178223,6.630432401603316,6.04166442451305,6.458330966335851,1846400
2020-06-10,5.969200611114502,6.304345298800777,5.833331014725663,6.186591619802613,1652800
2020-06-11,5.289851665496826,5.815213563140771,5.262677580621224,5.471010791609419,1999500
2020-06-12,5.652170181274414,5.711047007985703,5.348728738866149,5.679344267417104,1569500
2020-06-15,5.652170181274414,5.706518353559794,5.217388258330948,5.271735998698881,1638900
2020-06-16,5.7880401611328125,6.2409384617642445,5.688402845974481,6.17753297610303,2061900
2020-06-17,5.471011161804199,5.742750301277685,5.45289524796713,5.715576214563353,1415600
2020-06-18,5.443837642669678,5.597822698163395,5.353257639309594,5.4981853855352485,1227700
2020-06-19,5.307969093322754,5.688403798675646,5.262679082907391,5.670287880893011,2711300
2020-06-22,5.371374130249023,5.516301892033588,5.0996353867483,5.208330884148589,3115400
2020-06-23,5.434780597686768,5.507244269882449,5.298910996361087,5.452896515735688,2080000
2020-06-24,5.063403129577637,5.48912734131232,4.963765382692614,5.48912734131232,3057400
2020-06-25,5.244563102722168,5.312497685619341,4.972823907298385,5.0090561743500945,2067300
2020-06-26,4.972822666168213,5.25361996625218,4.927533099512768,5.24456179377063,5954900
2020-06-29,5.643113136291504,5.670287225784713,5.099635233684814,5.099635233684814,3714100
2020-06-30,5.489128589630127,5.579708183798761,5.326085320126586,5.552534521506958,2337100
2020-07-01,5.724635124206543,5.88767836972398,5.507243698265782,5.507243698265782,2950700
2020-07-02,6.023548603057861,6.154889117347742,5.8152153288134745,5.960142673707811,2698300
2020-07-06,5.905794620513916,6.2137656447472835,5.869562786123819,6.123186058772039,2312000
2020-07-07,5.778982162475586,5.869561732186379,5.7155762477193015,5.797098076417744,1478500
2020-07-08,5.715577602386475,5.788041275329954,5.59782391789454,5.733693520622345,2012600
2020-07-09,5.489128589630127,5.724635966386151,5.443839008504598,5.67028820988497,2093900
2020-07-10,5.751809120178223,5.960142384306766,5.434780352656753,5.434780352656753,1872900
2020-07-13,5.480069637298584,5.8786197637225905,5.4619537224611285,5.860503848885135,1910800
2020-07-14,5.87861967086792,5.896736017336701,5.434779548402132,5.525359121158673,1772100
2020-07-15,6.177533149719238,6.3043445565231115,6.014489480482483,6.041663569327772,1782600
2020-07-16,6.059780597686768,6.259055702125618,5.919381904712128,6.096012434857467,1699300
2020-07-17,5.942026138305664,6.39039538893162,5.928439309112684,6.114127558447625,1341700
2020-07-20,6.005432605743408,6.050722184466808,5.833331169992366,5.887678923610976,1009100
2020-07-21,6.476446628570557,6.476446628570557,6.159417863238613,6.159417863238613,1681200
2020-07-22,6.349634647369385,6.4039823938849265,6.173004147255756,6.340576473658047,1299900
2020-07-23,6.204706192016602,6.394923499338467,6.150358451627133,6.2862280185595285,1388300
2020-07-24,6.050721168518066,6.28622849323998,6.041663427061251,6.159417089422208,1149300
2020-07-27,5.824272632598877,6.068837724619855,5.797098973439615,5.914852648243148,1098600
2020-07-28,5.40760612487793,5.842388559434763,5.380432465671736,5.7608671498986554,2122100
2020-07-29,5.489128589630127,5.5226432338354305,5.353258982418389,5.4076067389195694,1358100
2020-07-30,5.362316131591797,5.489127539159612,5.173910266242764,5.489127539159612,1699900
2020-07-31,5.416664123535156,5.4257218656709245,5.230975874618048,5.262678619969503,1689000
2020-08-03,5.353259086608887,5.452896858092422,5.244563571490985,5.443839114458055,1023600
2020-08-04,5.543475151062012,5.670286987477421,5.3170259984998305,5.326084171922709,1402000
2020-08-05,5.760867595672607,5.851447186564814,5.588766157018635,5.7155775842677246,1150400
2020-08-06,5.534418106079102,5.824272781410554,5.326084842225853,5.443838520038023,1584700
2020-08-07,5.697460651397705,5.742750654736646,5.407605580246942,5.534417416828984,1797600
2020-08-10,5.987316608428955,6.10959894446896,5.706519669166393,5.733693329656374,1408400
2020-08-11,6.105069160461426,6.431156072555811,6.100540505508203,6.168475080899014,1746000
2020-08-12,6.268113136291504,6.46285956199712,6.159417637630586,6.249997219848018,1161600
2020-08-13,6.2318806648254395,6.440213898536442,6.114127004050205,6.367750240187828,1005200
2020-08-14,6.286228656768799,6.358692317978297,6.141301334349803,6.1594172496521775,703500
2020-08-17,6.186591148376465,6.268112986381208,6.096011568325365,6.231881154360768,693000
2020-08-18,5.905794620513916,6.114127884215747,5.869562786123819,6.096011967020698,1050400
2020-08-19,5.833330154418945,5.987315645488491,5.815214239700027,5.932967901331735,836900
2020-08-20,5.615940570831299,5.815216129413493,5.570650985275431,5.724636526384139,1066200
2020-08-21,5.416664123535156,5.575178714127451,5.403077294372749,5.51630187853367,898700
2020-08-24,5.643113136291504,5.683874054572568,5.389489884719048,5.461953979395107,1386800
2020-08-25,5.706520080566406,5.778983756320539,5.65217189183323,5.715577824076885,796700
2020-08-26,5.461954593658447,5.724635616658654,5.461954593658447,5.7065196989316584,1174400
2020-08-27,5.797098159790039,6.086952787033189,5.665757673841121,5.8242718151353525,2266300
2020-08-28,6.005432605743408,6.0869540202125485,5.73822249318041,5.797099334246625,1541300
2020-08-31,5.833330154418945,6.01448930160813,5.77898241026219,5.987315645488491,1324200
2020-09-01,5.87861967086792,5.914851931888009,5.68840278403792,5.824271927213995,745900
2020-09-02,5.643113136291504,5.85144638268111,5.634054962487934,5.85144638268111,970700
2020-09-03,5.480069637298584,5.742750618400419,5.4619537224611285,5.652170612295665,1626000
2020-09-04,5.525360584259033,5.679346114678836,5.398549148820555,5.615940181000804,740800
2020-09-08,5.153983116149902,5.443838206716189,5.1132221967980405,5.443838206716189,1890700
2020-09-09,5.262679100036621,5.335142771403021,5.144925418107446,5.226447264353421,998100
2020-09-10,5.307969093322754,5.36231684667066,5.217389504409577,5.235505422192213,2221700
2020-09-11,5.38043212890625,5.48912762276274,5.235504803764263,5.33514212384063,2476400
2020-09-14,5.344200134277344,5.416663794633513,5.108692806202307,5.380431964455429,1566300
2020-09-15,5.335141658782959,5.480069403209273,5.303438917151013,5.389489400973779,1525500
2020-09-16,5.4981865882873535,5.706519864137913,5.326085148939711,5.371374728609578,2783000
2020-09-17,5.67934513092041,5.797098802246581,5.353258207216208,5.389490039636952,2173300
2020-09-18,5.525360584259033,5.778983887053577,5.471012826213971,5.715577953375544,3066700
2020-09-21,5.0271711349487305,5.380431676219207,4.9999970478121725,5.380431676219207,2353100
2020-09-22,4.981882095336914,5.14945444125905,4.954708002954993,5.054345765798644,2154400
2020-09-23,4.664852142333984,5.0543444886026805,4.664852142333984,4.9909390089295425,1411300
2020-09-24,4.873186111450195,5.022642525091098,4.646736947519433,4.782606532261392,2652400
2020-09-25,4.972822666168213,5.054344490832426,4.755431709620229,4.773547622665895,2030300
2020-09-28,5.072461128234863,5.1539829645405435,4.932062890061189,5.063403386377287,1293100
2020-09-29,4.936592102050781,5.054345782908481,4.759962012681778,5.027172122352118,1318200
2020-09-30,4.682969570159912,4.999998366826413,4.655795475854749,4.98188244792883,1766300
2020-10-01,4.6105055809021,4.682969251562498,4.528983735450377,4.601447406110776,2486100
2020-10-02,4.791664123535156,4.891301873468223,4.4112294709884345,4.48369313206067,2604100
2020-10-05,4.891302108764648,5.045287611909375,4.868657105610863,4.909418024904174,1575900
2020-10-06,4.628620624542236,5.144924396462426,4.6195624514613725,5.027171169833458,1796900
2020-10-07,4.764490127563477,4.782606041542455,4.619562383814187,4.646736470741384,1501500
2020-10-08,4.846011638641357,4.882243467452632,4.692026150234708,4.818837982991637,1793300
2020-10-09,4.673910617828369,4.972823445910299,4.6286210440714886,4.900359782365286,1310600
2020-10-12,4.637679100036621,4.6739109342621,4.488222675877138,4.610505440326279,2121700
2020-10-13,4.58333158493042,4.692027093209191,4.547099748837496,4.556157923819505,892400
2020-10-14,4.655794620513916,4.836954208125536,4.547099127097443,4.547099127097443,1356900
2020-10-15,4.755433082580566,4.755433082580566,4.4882229640716105,4.556157981544727,859700
2020-10-16,4.547100067138672,4.764491530831372,4.542570979330627,4.719201516586097,819000
2020-10-19,4.465578079223633,4.592389942508536,4.420288498265516,4.547099929632846,1482700
2020-10-20,4.519925117492676,4.6014469549514025,4.438403711951453,4.492751459618103,846700
2020-10-21,4.519925117492676,4.655794702618053,4.456519627840336,4.483693285714909,1244700
2020-10-22,4.710142612457275,4.746374445482522,4.501809356603347,4.57427345457136,1352100
2020-10-23,4.547100067138672,4.7826074501459654,4.510868228509486,4.7282592602846005,1352300
2020-10-26,4.275359153747559,4.474634619272597,4.193837765048602,4.438402794980301,1714800
2020-10-27,4.257243633270264,4.329707720439006,4.162134977773585,4.239127719457442,1002200
2020-10-28,3.940215826034546,4.1666650164034,3.940215826034546,4.130433180497787,1621700
2020-10-29,4.030794620513916,4.067026449270909,3.772642732640976,3.894925478633928,1551100
2020-10-30,3.9311580657958984,4.0217376551631325,3.8541653068543624,4.003621737289685,1233300
2020-11-02,4.103259086608887,4.139490918691823,3.8505415611252705,3.9855054163805894,1386000
2020-11-03,4.021737098693848,4.2853238184523565,4.017208011872767,4.221012167728985,1231900
2020-11-04,3.7499985694885254,4.067027357899434,3.74094082623439,3.9855059409419553,1679400
2020-11-05,3.740941047668457,3.949274337856031,3.704709208672148,3.786230630455049,1692300
2020-11-06,3.7771718502044678,4.057968741333671,3.7182950200119373,3.9673891686980363,3365400
2020-11-09,4.519925117492676,4.781700382833417,4.257244121145115,4.257244121145115,3973800
2020-11-10,4.664852142333984,4.737315794484678,4.438403013404349,4.637678056818756,2883000
2020-11-11,4.710142612457275,4.8097803692354635,4.587860283976447,4.73731670318497,2176200
2020-11-12,4.664852142333984,4.8505403589494955,4.556156664107944,4.574272577145617,2069400
2020-11-13,4.927534580230713,4.954708242006144,4.673911289460482,4.719201301642955,1325200
2020-11-16,5.298910617828369,5.307968792164528,5.076990529602779,5.181156942963455,1856100
2020-11-17,5.452895641326904,5.5887652208649765,5.1268087368190285,5.190214655781459,1832000
2020-11-18,5.226446151733398,5.697460347261769,5.226446151733398,5.534417121396454,1941400
2020-11-19,5.40760612487793,5.40760612487793,5.163041032434557,5.208331040334914,1253800
2020-11-20,5.434780597686768,5.525360187931369,5.307969171344325,5.344201007442166,1681700
2020-11-23,6.005432605743408,6.110504756639035,5.5434760521088915,5.552534227004102,3363800
2020-11-24,6.313403129577637,6.462859990031811,6.145830783397706,6.376809057287967,2301900
2020-11-25,6.249996662139893,6.381337152614596,6.168474829459911,6.195648917659065,1685500
2020-11-27,6.340576648712158,6.349634822673579,6.159417488658813,6.159417488658813,1244700
2020-11-30,5.661229133605957,6.1050692903602615,5.661229133605957,6.096011548343595,2143300
2020-12-01,5.643113136291504,5.874091385272534,5.615939046798294,5.85144638268111,1944400
2020-12-02,5.85144567489624,6.105068463873243,5.498185145719549,5.534416972716263,1852900
2020-12-03,6.123186111450195,6.159417946151998,5.887678753970939,5.942026506023643,3524300
2020-12-04,6.711953163146973,6.739127253196185,6.286228919771045,6.286228919771045,1904100
2020-12-07,6.63948917388916,6.77535875364911,6.476445937327713,6.675721004236149,1963500
2020-12-08,6.793474197387695,6.847821939136702,6.61231505822434,6.621372799223779,1221000
2020-12-09,6.8568806648254395,6.988221159286335,6.711952909893854,6.902170237308598,1542100
2020-12-10,7.29166316986084,7.29166316986084,6.793474842012895,6.793474842012895,1418800
2020-12-11,6.992750644683838,7.2826057570540526,6.811591469400919,7.246373921997469,1588400
2020-12-14,6.793474197387695,7.173908821548199,6.793474197387695,7.164850648631303,1205600
2020-12-15,6.9474616050720215,6.992751186442761,6.766301983836334,6.902171591783706,1223000
2020-12-16,6.838765621185303,7.101446643591012,6.838765621185303,7.101446643591012,1531600
2020-12-17,6.911229133605957,7.010866462637654,6.702895869030759,6.902170959011691,1478300
2020-12-18,6.766301155090332,7.038040337702082,6.734598408822054,6.929344837424392,3134100
2020-12-21,6.6576056480407715,6.7844170649024225,6.349635064233905,6.376808723316925,1430600
2020-12-22,6.3677520751953125,6.6394908723101125,6.3677520751953125,6.5851431128871525,1113800
2020-12-23,6.820648193359375,6.8840536752631625,6.403981746916839,6.494561315291858,1049700
2020-12-24,6.66666316986084,6.802532747730558,6.603257251676976,6.802532747730558,383500
2020-12-28,6.621373653411865,6.7663009834388514,6.576084078737188,6.657605485918611,1447800
2020-12-29,6.476446628570557,6.748185385176137,6.471917541314413,6.684779891260268,900000
2020-12-30,6.711953163146973,6.816120004431859,6.494562170423309,6.494562170423309,904000
2020-12-31,6.394923686981201,6.69383648385284,6.394923686981201,6.630431000830043,1233500
2021-01-04,6.576084613800049,6.621374192159711,6.376809086881385,6.53079460352284,1271800
2021-01-05,7.201082706451416,7.259959968456744,6.666663012892547,6.693836668676191,4071200
2021-01-06,7.572459697723389,7.581517871561378,7.187496379876378,7.3369532247806895,1873000
2021-01-07,7.6992716789245605,7.798909001435919,7.51811251806981,7.644923498750626,1386000
2021-01-08,7.663039207458496,7.789851041394953,7.5543437200136525,7.780792868149146,1330000
2021-01-11,7.8985490798950195,7.8985490798950195,7.409418796497577,7.409418796497577,1208200
2021-01-12,8.115938186645508,8.315213695646575,7.989126342038461,8.097821838629493,7562100
2021-01-13,7.871372699737549,8.143111874109557,7.73097445744877,8.143111874109557,2699400
2021-01-14,8.115938186645508,8.233691857244546,7.88043084544743,7.916662677644441,3793400
2021-01-15,7.916662216186523,8.161227717137018,7.826083072891315,7.907604042706512,3787100
2021-01-19,8.17028522491455,8.23369070643851,7.989125225414841,8.15216887943062,2900900
2021-01-20,8.306154251098633,8.523545211027773,8.143110599234333,8.251806079198904,1498100
2021-01-21,8.079706192016602,8.39673536524325,7.957423436871894,8.315213528480113,1907100
2021-01-22,8.251808166503906,8.251808166503906,7.644924268646862,7.798909786839551,1082100
2021-01-25,8.550718307495117,8.621370494440317,7.9347772945261,8.124994588019357,2701500
2021-01-26,8.26992416381836,9.05796720718308,8.26086598929076,8.713764349649914,2126000
2021-01-27,8.206518173217773,8.642206321144966,7.989126316885138,8.070648155030499,3003600
2021-01-28,8.034416198730469,8.469199040838708,7.9438370518410455,8.342387198591513,3224000
2021-01-29,7.6720991134643555,8.22463484872576,7.60869275025819,7.9347801500752055,2188300
2021-02-01,8.007243156433105,8.08876499958334,7.708330307438957,7.826083984896511,1351100
2021-02-02,8.061589241027832,8.333328388622746,8.007241929809812,8.197459246742758,1807500
2021-02-03,8.577896118164062,8.623186131882996,8.15217137134234,8.15217137134234,1580200
2021-02-04,8.749996185302734,8.872278949939373,8.442025161996416,8.668474342211642,2667600
2021-02-05,8.614127159118652,8.922098187301918,8.523547140064133,8.922098187301918,1810700
2021-02-08,8.967387199401855,9.048909042569429,8.722822533734204,8.731880708271728,1760800
2021-02-09,8.86774730682373,9.017203688136245,8.641298191875388,8.84963182682197,1895000
2021-02-10,8.958328247070312,9.057965557219156,8.740936417182521,8.958328247070312,1590100
2021-02-11,8.768112182617188,9.05796684523758,8.64130033580325,9.02173501241003,1509900
2021-02-12,8.994561195373535,9.057966685746555,8.668473841832247,8.668473841832247,2295100
2021-02-16,9.23912525177002,9.447458921321408,9.057966102487267,9.057966102487267,1967500
2021-02-17,9.338764190673828,9.374996023474788,8.9990904342267,9.275357835395875,1965300
2021-02-18,8.931156158447266,9.393112734876041,8.894924320913743,9.293475397617641,1457200
2021-02-19,9.15760326385498,9.239125095613103,8.994560464173684,8.994560464173684,1218800
2021-02-22,9.320646286010742,9.664849072062996,9.221008978404125,9.239124459862197,1853700
2021-02-23,10.543473243713379,10.58876238483066,8.985502774666008,9.61050207873545,3229000
2021-02-24,11.521735191345215,11.73006803443851,10.60688024354003,10.842387611777326,3092400
2021-02-25,11.04166030883789,11.66666045422275,10.932964819169863,11.58513862101299,3541800
2021-02-26,10.923909187316895,11.231879356758267,10.6249954650276,10.905792837672351,2351800
2021-03-01,10.923909187316895,11.648545896396708,10.76992367067866,11.322459377310793,2063200
2021-03-02,10.733691215515137,11.141299556798044,10.724633041215839,10.942024041388716,1592600
2021-03-03,10.579703330993652,10.95107975548318,9.73731231477653,9.800717792957224,17943400
2021-03-04,10.842386245727539,11.431153728305894,10.552530727556727,10.61593708106894,6154300
2021-03-05,11.630431175231934,11.675721188485795,10.756337115622463,11.249996446035738,4662200
2021-03-08,11.594196319580078,11.992746432039409,11.277167173156686,11.911224602168542,1976100
2021-03-09,11.576080322265625,11.86593582207751,11.322457515785809,11.603254842264677,2852400
2021-03-10,11.458327293395996,11.757240119217805,11.123182636075637,11.512675472561327,2314300
2021-03-11,11.884052276611328,12.042566867560309,11.666661281853598,11.73912494677284,1929200
2021-03-12,11.521735191345215,12.092387261842454,11.399452419702566,12.001807239032688,1371500
2021-03-15,11.440211296081543,11.539848612271689,11.169378302998313,11.385863119355578,1252800
2021-03-16,10.987314224243164,11.322458904145668,10.706516863332926,11.177531568386213,2161400
2021-03-17,10.742748260498047,11.132241107392018,10.534415439772914,10.896733764440546,2449800
2021-03-18,9.918476104736328,10.724635674801771,9.836954243693892,10.67028747949506,2659700
2021-03-19,10.588763236999512,10.620466847702064,9.80977837170171,9.963763882630996,4149500
2021-03-22,10.389487266540527,10.57064641416877,10.153979942706332,10.51629823796282,1893000
2021-03-23,9.728256225585938,10.10869090380081,9.44745973594427,9.963763571878008,3346200
2021-03-24,9.800719261169434,10.262675749836806,9.728255599868863,10.02716841869246,1860000
2021-03-25,10.262676239013672,10.262676239013672,9.465575062878091,9.51992324336155,2107200
2021-03-26,10.797097206115723,10.810684468191583,10.28985065180639,10.561589846477993,2253000
2021-03-29,10.434778213500977,10.7065165276116,10.226444527003128,10.652169210323489,2110200
2021-03-30,10.525358200073242,10.557060948316654,10.235503514607643,10.317025360853618,1571800
2021-03-31,10.39854621887207,10.729162687340764,10.39854621887207,10.507242588456494,2137300
2021-04-01,11.04166030883789,11.046189395553428,10.407602853856918,10.543472863818174,1560400
2021-04-05,10.579703330993652,11.050717058886393,10.434776030103578,10.978253408441356,1407000
2021-04-06,10.634053230285645,11.105067936881769,10.443835885519528,10.742748732461274,1752600
2021-04-07,10.842386245727539,10.851443555799277,10.54347341748499,10.6702843968394,1406200
2021-04-08,10.615938186645508,10.833329200037133,10.384959910978745,10.715575518491228,1943100
2021-04-09,10.552531242370605,10.769923107563107,10.47101026473785,10.606879424627493,856100
2021-04-12,10.217387199401855,10.8786192826503,10.199271713416543,10.715575589606964,1339100
2021-04-13,9.864128112792969,10.235504687044262,9.859599024834392,10.208331023128002,1619800
2021-04-14,10.606879234313965,10.851443890494243,9.990937211017652,9.990937211017652,1951200
2021-04-15,10.434778213500977,10.634052862004095,10.24456087532252,10.597821029200343,1041300
2021-04-16,10.06340217590332,10.489126915422117,10.061590713599262,10.489126915422117,684100
2021-04-19,10.027169227600098,10.244561092874138,9.85506823408633,10.00905374273104,1270200
2021-04-20,9.655792236328125,9.999995070037656,9.447459419623282,9.954705064369428,1346500
2021-04-21,9.791662216186523,9.882241363344347,9.320647541159824,9.34782119892367,1082500
2021-04-22,9.737313270568848,9.909414241310134,9.628617784231993,9.909414241310134,1343500
2021-04-23,9.74637222290039,9.981879560708785,9.677531483566398,9.74637222290039,1032800
2021-04-26,9.954706192016602,10.018112552668658,9.664851505041847,9.719198826932061,1069400
2021-04-27,9.972821235656738,10.081516729035627,9.728255727677993,9.963763061916415,907100
2021-04-28,10.525358200073242,10.620467308638581,9.990937975869716,10.027169811552916,1479000
2021-04-29,10.597821235656738,10.824270411050408,10.489125735127983,10.733691259193971,1247800
2021-04-30,10.199271202087402,10.688401392860303,10.172096678719141,10.344198538044548,959500
2021-05-03,10.344199180603027,10.457423776832188,10.19927183564332,10.434779203120403,2062100
2021-05-04,10.335139274597168,10.47100928561696,9.877711878783646,10.36231293126714,1202700
2021-05-05,10.923909187316895,11.295285716679073,10.35325713104022,10.461952637402192,2183200
2021-05-06,10.869561195373535,10.987314878650295,10.634053828820015,10.987314878650295,1140000
2021-05-07,11.159414291381836,11.186588812452952,10.543473165631337,10.670284141956593,1463800
2021-05-10,11.05977725982666,11.612312911779446,11.05977725982666,11.286226424963296,1339100
2021-05-11,10.842386245727539,11.177530905762065,10.452893406087545,10.6702843968394,1403200
2021-05-12,10.85144329071045,11.286226125427898,10.778979628896705,10.978255130801994,1195000
2021-05-13,10.534414291381836,11.177529895435008,10.307965147191775,10.679341605449887,1670700
2021-05-14,11.240935325622559,11.354159897176105,10.733689728810228,10.733689728810228,1077800
2021-05-17,11.630431175231934,11.639489350649738,11.168474594945817,11.168474594945817,1105200
2021-05-18,11.050721168518066,11.675721465830248,11.041662992885096,11.594199612803862,1481800
2021-05-19,10.7608642578125,10.982784332415543,10.561588753824768,10.661226937736133,1637500
2021-05-20,10.81521224975586,10.869560432003299,10.534415755676736,10.778980416202584,1048400
2021-05-21,10.69745922088623,10.996372057576515,10.69745922088623,10.914850217781886,1020600
2021-05-24,11.005428314208984,11.06883466344243,10.543472705993596,10.887675516707478,1339100
2021-05-25,10.615938186645508,11.023546552713578,10.58876366209523,10.896734696317582,1131300
2021-05-26,11.032602310180664,11.086949619702835,10.498182204814816,10.579704032932984,1334100
2021-05-27,11.367748260498047,11.413038266283898,11.186589101189654,11.358690086573874,1396300
2021-05-28,11.70289134979248,11.77082591743196,11.263580339477953,11.367746734114146,2867800
2021-06-01,12.463761329650879,12.50089845784945,11.920283028201327,11.956514857375634,3223900
2021-06-02,13.034414291381836,13.134051613329941,12.3188349621745,12.681153281835805,3346600
2021-06-03,12.898544311523438,13.070646161744385,12.789848815305742,12.907602485500334,1389500
2021-06-04,12.835140228271484,13.106879430519763,12.6358646981114,13.079704905610358,1290400
2021-06-07,13.088762283325195,13.2155741336728,12.96195129681265,12.989124956231759,1981500
2021-06-08,13.432964324951172,13.546188906829611,12.690211344255816,12.99818234517877,1765600
2021-06-09,13.215574264526367,13.541660772289582,13.152168770642287,13.532602597781837,1142300
2021-06-10,13.369560241699219,13.442023912616145,13.007241023279494,13.442023912616145,978300
2021-06-11,13.713761329650879,13.713761329650879,13.48731217148261,13.577891316448929,1341800
2021-06-14,13.749993324279785,14.0479999846081,13.605065999538416,13.876804301510985,1765100
2021-06-15,14.474630355834961,14.501804877865904,13.749993711710196,13.836043773303125,2293600
2021-06-16,14.338762283325195,14.628616962853638,14.157603108619918,14.420284127901342,1623700
2021-06-17,13.505428314208984,14.519921352500058,13.269920970897305,14.311587667621257,3593900
2021-06-18,12.817022323608398,12.998182345689017,12.255428501129497,12.300718506649652,5643400
2021-06-21,13.315211296081543,13.36503039092962,12.844197462023981,12.961951136497134,2920400
2021-06-22,13.55072021484375,13.614125714661178,13.07064815086506,13.24274916344171,1934900
2021-06-23,13.931153297424316,14.166660645861676,13.600537710484394,13.713762297559851,2265300
2021-06-24,14.184776306152344,14.202892654949448,13.808870706962969,13.949268954800312,1792800
2021-06-25,14.682964324951172,14.682964324951172,14.175718634339141,14.338762323953409,4834000
2021-06-28,13.894923210144043,14.68296546771904,13.59601033181037,14.646734493690571,2266600
2021-06-29,13.849629402160645,14.26629585534638,13.759049400402256,14.094194888607342,1440000
2021-06-30,14.157600402832031,14.32970136995149,13.931151261770422,14.03078857285696,1998100
2021-07-01,14.56520938873291,14.836947680087324,14.483687555792601,14.701078534410117,2733900
2021-07-02,14.456513404846191,14.818832553981556,14.429339749407392,14.556150717345078,1169900
2021-07-06,13.759052276611328,14.392204530776883,13.591480361314265,14.384052518958203,1644900
2021-07-07,13.632240295410156,14.103254122878692,13.396732949758372,13.804341285641824,1741300
2021-07-08,13.58694839477539,13.777165706855643,13.22463011644868,13.333325599946694,1491100
2021-07-09,14.039847373962402,14.14854286287482,13.514485412301575,13.749992736862623,1308000
2021-07-12,14.28441333770752,14.320645168526516,13.64129769279411,13.7952823258986,961400
2021-07-13,14.039847373962402,14.266296525155346,14.00361554432493,14.211948348781657,826500
2021-07-14,13.360501289367676,14.384051661298082,13.233689440725264,14.221007979305703,2984100
2021-07-15,13.034414291381836,13.451080790909842,12.85325426771617,13.079703433463239,2219000
2021-07-16,12.481879234313965,13.183872248554477,12.445647398109204,13.170284986039524,1931100
2021-07-19,11.838762283325195,12.237313304662027,11.585139455824047,11.902168638076752,3395000
2021-07-20,12.382240295410156,12.427530300753249,11.68477645909755,11.829704648962444,1621700
2021-07-21,12.717384338378906,12.971007146677557,12.63133341876804,12.70379707828194,1251300
2021-07-22,12.590572357177734,12.817021506507082,12.32789137850909,12.789847850461348,1500900
2021-07-23,12.409412384033203,12.681151517897996,12.318833248634867,12.681151517897996,948300
2021-07-26,12.961950302124023,13.020826703653146,12.509051981996958,12.509051981996958,1243000
2021-07-27,12.590572357177734,12.830608766447426,12.318834069050478,12.780789677167785,1245900
2021-07-28,12.90760326385498,12.989125106892939,12.490936737977137,12.717385918044767,1363000
2021-07-29,12.807963371276855,13.20651346831329,12.717383371851128,13.20651346831329,703500
2021-07-30,12.681153297424316,12.726443303396406,12.418472299388213,12.726443303396406,1208900
2021-08-02,12.581515312194824,13.170282767293612,12.382239814722247,12.762674462699453,2387400
2021-08-03,12.762675285339355,12.971008105889384,12.155791444154891,12.871370782648286,1856600
2021-08-04,12.083327293395996,12.726442941156256,11.974631800457852,12.499993781576375,2820100
2021-08-05,12.889485359191895,13.197456345128828,12.25542790429319,12.29165973417783,1532000
2021-08-06,13.115937232971191,13.650357482517073,13.061589908786777,13.3695609586156,1216800
2021-08-09,12.581515312194824,12.789848119316405,12.427529818307146,12.699268975981575,1037500
2021-08-10,13.061588287353516,13.197457444783232,12.590573595771763,12.753617275755452,1693900
2021-08-11,13.489688873291016,13.498796713107765,12.706357317870088,12.997829908362311,1242300
2021-08-12,13.662747383117676,13.726506592936252,13.334841758638323,13.42592621999999,941200
2021-08-13,13.125348091125488,13.635424462844918,13.107131543200277,13.626315754555195,1084800
2021-08-16,12.715466499328613,12.952287716458322,12.633489857348769,12.81565969027382,822300
2021-08-17,12.660812377929688,12.970501461276433,12.478642584388687,12.597053167353861,715900
2021-08-18,12.17806339263916,12.943177468600435,12.17806339263916,12.66081360965123,1415000
2021-08-19,11.913917541503906,12.232715378556472,11.66343414714419,11.8865922856193,1957000
2021-08-20,12.02322006225586,12.086980154192206,11.649771693910653,11.768182300473276,1160700
2021-08-23,12.715466499328613,12.756454820318535,12.442211315613893,12.515079248783914,766800
2021-08-24,13.052478790283203,13.088912750958603,12.797441065555411,12.888525532916837,1045200
2021-08-25,13.216432571411133,13.425927636433341,12.897634751376964,13.016045345428108,864000
2021-08-26,13.152671813964844,13.261974563390226,12.897634092165262,13.161780521192648,1342100
2021-08-27,13.744726181030273,13.881353329016354,13.380385671977022,13.407711796497615,1009600
2021-08-30,14.054414749145508,14.336777742029339,13.813039204099367,14.227475854269064,1297200
2021-08-31,14.282126426696777,14.40964485422891,13.7993753638407,13.899569406792105,1991700
2021-09-01,14.163714408874512,14.382318150007473,13.990652462320377,14.327666780397207,1234700
2021-09-02,14.901503562927246,15.083672483952974,14.373209869874701,14.373209869874701,1620200
2021-09-03,14.482512474060059,15.174758578408525,14.427861968727038,14.783092859354028,1916500
2021-09-07,14.30945110321045,14.550826624910208,14.22292012469105,14.354993769202455,1566400
2021-09-08,14.500732421875,14.56904599980424,14.072632668248547,14.409647072199833,1074500
2021-09-09,14.655574798583984,14.992588283370136,14.34588569848908,14.455187580524786,1484600
2021-09-10,14.591814994812012,15.192975756038734,14.573597580881938,15.156540928178586,1018500
2021-09-13,14.87417984008789,15.12921845539538,14.61003425397338,14.892397256318805,1138400
2021-09-14,14.473405838012695,15.101891913479806,14.409645751621689,15.101891913479806,982400
2021-09-15,15.42068862915039,15.466230427880898,14.673792011197179,14.855960943427474,1627700
2021-09-16,15.657509803771973,15.703051602499993,15.034488476723375,15.338712000751043,1313400
2021-09-17,15.220300674438477,15.703051736699116,15.183867582606354,15.657509937581892,4233800
2021-09-20,14.710225105285645,14.937937573594425,14.309451543270006,14.646465892128507,1694300
2021-09-21,14.600924491882324,15.029023318555645,14.52805570087296,15.029023318555645,1268300
2021-09-22,14.837745666503906,15.120108648326747,14.773984714329954,14.919720558968086,1351900
2021-09-23,15.739487648010254,15.848788668329908,14.737552362768646,14.846853383088302,1763900
2021-09-24,15.138328552246094,15.247629585041588,14.591818176342848,15.060905394816409,5707300
2021-09-27,16.249563217163086,16.495493120165765,15.402472487248343,15.557317047956504,3922100
2021-09-28,16.295103073120117,16.72320360957297,16.094716733856103,16.577467774234016,2569300
2021-09-29,15.967201232910156,16.395300110360733,15.739488731377369,16.395300110360733,1831800
2021-09-30,16.204021453857422,16.39529910956093,15.639293720112402,16.103827403360302,2586800
2021-10-01,16.79607391357422,16.887159257929223,16.20402178122934,16.20402178122934,2415300
2021-10-04,17.470104217529297,17.479212926496192,16.941811258609505,17.123980226021636,2382400
2021-10-05,17.26971435546875,17.86176821752513,16.623011719732407,17.697814947251576,2712900
2021-10-06,17.07843589782715,17.287930961219825,16.745975887493113,16.914482635238674,3040600
2021-10-07,17.251501083374023,17.542972832385463,17.060221662267352,17.333477729947074,2916700
2021-10-08,18.02571678161621,18.27164488551083,17.456435706966502,17.561183216225093,2955200
2021-10-11,18.21699333190918,18.781720889613826,18.11679931264516,18.544899767822063,2238900
2021-10-12,18.089481353759766,18.654207374555284,17.90731066087241,18.11680574157693,1939800
2021-10-13,18.462928771972656,18.608664623950144,17.697814680436643,17.852659240326275,2978200
2021-10-14,18.626882553100586,18.863702016109062,18.380952644620503,18.836377628928016,2189700
2021-10-15,18.453819274902344,19.4830789026417,18.453819274902344,19.218933333719058,2608700
2021-10-18,18.86370086669922,19.328234530864762,18.59500181014636,18.78172597284256,2010300
2021-10-19,18.663314819335938,19.100522367894385,18.60866431009322,18.982112641650442,2037200
2021-10-20,18.973005294799805,19.01399361399897,18.08948142655043,18.399170563320002,1922800
2021-10-21,18.772615432739258,19.09141148136338,18.581336066256615,18.96389306191373,1358700
2021-10-22,19.082304000854492,19.127845795921534,18.664222538998676,18.90924205244512,1861200
2021-10-25,19.83831214904785,20.050540002573598,19.34645235174437,19.34645235174437,1772500
2021-10-26,19.993154525756836,20.120672946415787,19.67435673680127,19.89296048820584,2231400
2021-10-27,19.437536239624023,20.056914425205093,19.332788713725495,19.674357412776093,2291400
2021-10-28,19.473974227905273,19.747230298246343,19.187057699413867,19.410214999351627,1899500
2021-10-29,19.01854705810547,19.492189470639538,18.69975095092724,19.382888444552282,2114600
2021-11-01,19.719898223876953,19.783657433205278,19.173387985292774,19.264473314608164,2345200
2021-11-02,18.818161010742188,20.10245938197604,18.635990314369344,19.62881696125346,2409300
2021-11-03,18.43560218811035,18.805407381033238,18.308083755139823,18.42649348042555,2103200
2021-11-04,18.581336975097656,19.246256962333298,18.490251640760714,19.064088030967667,1922500
2021-11-05,18.845483779907227,18.98120055969831,18.417383240870638,18.918351698016487,1228000
2021-11-08,19.182493209838867,19.45574914818205,18.854588516058026,19.036757404312308,1659400
2021-11-09,19.10052490234375,19.38471036780783,18.554016262783623,19.109633611310898,914500
2021-11-10,18.262537002563477,18.991217853326823,17.83443824057199,18.9001325298179,1856400
2021-11-11,18.34451675415039,18.75439991131504,18.33540804651247,18.563120525535425,1009600
2021-11-12,18.462928771972656,18.581338500213718,17.998395092303763,18.13502223636911,1807200
2021-11-15,18.672420501708984,18.681529207991666,18.043933666668615,18.535793382084925,1375800
2021-11-16,18.499364852905273,18.71705831641789,18.153242582906827,18.645100728410792,986700
2021-11-17,17.89820098876953,18.64509766223579,17.72513901357591,18.198781399732987,1710300
2021-11-18,18.135019302368164,18.317189956521474,17.615835196531783,18.153236715245118,1493900
2021-11-19,17.433670043945312,17.542972818391746,16.81429170913574,17.4063456533152,2345600
2021-11-22,17.488317489624023,18.162346157609466,17.33347294851195,17.33347294851195,1395000
2021-11-23,18.03482437133789,18.344513425601765,17.624943025853135,17.81622063961775,1556500
2021-11-24,18.380950927734375,18.481144970862033,17.80711452821379,17.80711452821379,880100
2021-11-26,17.142196655273438,17.36990915438665,16.7414221703878,17.12397923839034,1684500
2021-11-29,17.624948501586914,18.09859093611953,17.2970419334784,17.798010494456246,1202900
2021-11-30,17.278820037841797,17.688703141751482,16.932697879113267,17.10575982713159,2460000
2021-12-01,16.522817611694336,17.907309958902058,16.504601932966445,17.85265944810156,1792900
2021-12-02,16.9235897064209,17.114869073380984,16.021848586687216,16.42262299678269,1863100
2021-12-03,16.714094161987305,17.470099425795052,16.468164299261044,17.306146183977543,1461000
2021-12-06,17.834440231323242,18.098587525253492,16.714095317837835,17.142194127615415,2295900
2021-12-07,18.8272647857666,19.492184699866378,17.297036896605206,17.315254308930477,4140400
2021-12-08,19.14606475830078,19.36466851946809,18.78172515635526,19.164282172725123,1945900
2021-12-09,18.508472442626953,19.072288142030256,18.49025502496365,18.827270302500512,1935600
2021-12-10,18.617773056030273,18.918353463444134,18.098588873888904,18.818159415203393,2304100
2021-12-13,17.89820098876953,18.52668793435072,17.679597211460507,18.444711300696284,1607400
2021-12-14,17.47921371459961,17.92553005024946,17.351693520622028,17.552081652311653,2056600
2021-12-15,17.397235870361328,17.58851354220238,16.244099054677164,17.397235870361328,2806700
2021-12-16,17.114871978759766,17.971069710130806,17.060219729031726,17.570296969309307,2245600
2021-12-17,16.859832763671875,17.03289474042007,16.322431154802548,16.81428922383898,4343600
2021-12-20,16.27688980102539,16.449950045236378,15.693944636251603,16.194913164374523,2176600
2021-12-21,16.996461868286133,17.005570577302965,16.48638632450362,16.568362968346527,1642700
2021-12-22,17.178627014160156,17.424555128785887,16.58657328084373,16.85982925098394,976000
2021-12-23,17.060216903686523,17.292484583293643,17.01467510709714,17.205952737542365,628000
2021-12-27,17.90730857849121,17.916417285807206,16.66855218044843,16.96913257264313,873500
2021-12-28,17.61583709716797,18.18056305881894,17.460992545623352,17.9255262002572,610700
2021-12-29,17.67048454284668,17.793449465766507,17.324362407348943,17.497422606443813,743300
2021-12-30,17.251501083374023,17.943747355930523,17.192295341447117,17.8344445813969,655100
2021-12-31,17.187734603881836,17.297035594992362,16.987346557999324,16.987346557999324,595900
2022-01-03,18.043935775756836,18.062153190451564,17.142194596067192,17.342582683092637,1021800
2022-01-04,19.182493209838867,19.291795932637708,18.062148553362995,18.062148553362995,1149000
2022-01-05,18.16234588623047,19.218931537804977,18.12591105954465,18.699747418689174,1419700
2022-01-06,18.399168014526367,19.373777094575626,18.289865266033885,18.954785252214077,1932500
2022-01-07,18.11680030822754,18.58588909367164,18.07125851731823,18.52668337564317,1100400
2022-01-10,17.952850341796875,18.11680359853976,17.54296893724794,17.898199835318675,1160900
2022-01-11,19.12784767150879,19.346451436420466,17.879982558999473,18.235215197125704,1675700
2022-01-12,19.237152099609375,19.58327432323218,19.00033089931653,19.364670539263813,1026100
2022-01-13,19.182493209838867,19.565050133673047,18.918347713812416,19.08230092935676,1447800
2022-01-14,20.248193740844727,20.26641115659118,19.26447587554522,19.26447587554522,1939000
2022-01-18,19.446643829345703,20.80380984044752,19.35555850070429,20.503229472046556,2368500
2022-01-19,19.537731170654297,19.856527247777606,18.91926330641843,19.69257572410347,1430600
2022-01-20,18.654205322265625,19.738117177348244,18.599554815335328,19.146065096563184,1211100
2022-01-21,18.08036994934082,18.699748128029423,17.907307990634717,18.453818250495733,1507600
2022-01-24,18.736181259155273,18.863699683051227,17.3061472632653,17.54296843429223,1726900
2022-01-25,19.77454948425293,19.95672014986402,18.07126123121459,18.599554076716885,1403000
2022-01-26,19.74722671508789,20.703618444471484,19.410211477345,20.266410896028034,1755400
2022-01-27,19.85652732849121,20.639858806454487,19.337343158141906,20.293736605324394,978300
2022-01-28,19.783658981323242,20.056914990652334,19.03220886461189,19.87474431776627,1370100
2022-01-31,19.701679229736328,20.18443022025739,19.13695336044786,19.820090669537727,1435300
2022-02-01,20.585208892822266,20.667185526014126,19.31912630091933,19.483079567303047,1417900
2022-02-02,20.475906372070312,21.09528461340872,19.92939605693005,20.721836274479692,1036300
2022-02-03,20.785593032836914,20.967763695427205,19.95671981893666,20.17532357166009,1467100
2022-02-04,19.94761848449707,21.259243222907962,19.838317436392984,20.52145506762445,4180400
2022-02-07,19.98404884338379,20.293737972403047,19.382888001713102,19.738118934343476,1880000
2022-02-08,18.790834426879883,19.82009588286347,18.626882888912498,19.410212694673817,2656600
2022-02-09,19.592378616333008,19.633366925172307,18.690637559176434,18.73617935241652,2632200
2022-02-10,19.11874008178711,20.22997638604271,18.95478681419187,19.437537909076916,1674200
2022-02-11,19.799253463745117,19.973978537967156,19.265878399547745,19.431407140281056,1070600
2022-02-14,19.16472053527832,19.74407551441216,18.944013793035843,19.74407551441216,1625200
2022-02-15,18.4934024810791,18.78767811362983,18.245106758356503,18.438224484459994,1572400
2022-02-16,18.668128967285156,19.40841714859158,18.520991139773212,18.83365946174141,1265200
2022-02-17,19.0451717376709,19.82684261926519,18.62215088058542,18.6773271328093,1786800
2022-02-18,18.870445251464844,19.20150449435316,18.53018792086092,18.603756836394027,1264600
2022-02-22,18.548580169677734,19.68889921171878,18.300284427598623,19.504976050025824,1941600
2022-02-23,18.806074142456055,19.449801765280025,18.649739965451968,18.907230312972978,1955000
2022-02-24,19.15552520751953,19.679703967119888,18.55777752997564,19.53256613123282,2833700
2022-02-25,19.27507209777832,19.284268430846602,18.677324480509537,19.265877518731223,1248300
2022-02-28,20.553335189819336,20.59011876961019,19.307260948284867,19.33944723835983,2253100
2022-03-01,20.72806739807129,21.518932986094338,20.38780998806872,20.921185188651496,2290300
2022-03-02,21.049924850463867,21.390182171047012,20.507353456628277,21.169475430947642,1670700
2022-03-03,20.856807708740234,21.077514455168757,20.286647298283913,20.84761137505305,1213900
2022-03-04,21.886768341064453,21.97872990633366,20.85680372130806,20.90278362693218,1914100
2022-03-07,21.932754516601562,23.017897351359892,21.344201430109816,22.15346126627797,2635000
2022-03-08,21.684459686279297,23.18342708257593,21.30741875365188,22.6960336474349,2377600
2022-03-09,21.3258113861084,21.42696755423836,20.248024872849655,20.73725827561668,2904000
2022-03-10,21.15108299255371,21.35339706799135,20.139509107322976,20.18549077493694,10894500
2022-03-11,20.672883987426758,21.086710222121397,20.236067796142695,20.774041901245724,2634100
2022-03-14,19.882020950317383,20.387807071012283,19.265880569350458,20.387807071012283,3331700
2022-03-15,19.826839447021484,20.300440944400854,18.85205096159656,19.13713026549966,3048800
2022-03-16,20.010765075683594,20.121117576144133,19.49578264748455,19.891214487159747,2033100
2022-03-17,21.399377822875977,21.518926645530733,20.599314380730092,20.682079624883848,1848100
2022-03-18,21.344202041625977,21.69365572080821,21.06831903513169,21.61089046805565,4257200
2022-03-21,22.135068893432617,22.66844398409287,21.868382225113166,21.914362140816788,2147800
2022-03-22,22.052303314208984,22.281287290178568,21.353397730968613,22.1074813170589,1647700
2022-03-23,22.447736740112305,22.907542903169123,22.34657882295298,22.530501989784238,1346500
2022-03-24,22.438539505004883,22.571883707899993,22.1718528532359,22.53050108472638,1162600
2022-03-25,23.394939422607422,23.413330337138788,22.227031279826974,22.227031279826974,1600700
2022-03-28,22.640853881835938,22.953520426439614,22.328185583211134,22.843167941055054,1626000
2022-03-29,22.769601821899414,22.87995432080134,21.74883155993921,22.010920937357962,1339600
2022-03-30,22.594873428344727,23.542074707747506,22.48452093704844,23.082268567963457,1855800
2022-03-31,21.748828887939453,22.85236426550953,21.638476402595124,22.19024233735903,1966900
2022-04-01,21.94194793701172,22.30059613836255,21.58329798163979,21.69365221883602,1605200
2022-04-04,22.236225128173828,22.571883398640356,21.9511458135622,22.401755618600326,2003800
2022-04-05,22.098283767700195,22.71442406679526,21.94194960960081,22.558089908695877,1676400
2022-04-06,21.629281997680664,22.52130530881013,21.41777158690068,22.374167479222205,1510200
2022-04-07,22.37416648864746,22.48452073296332,21.666064618842157,22.043105509721094,1262300
2022-04-08,23.514482498168945,23.74438553667904,22.466125203849636,22.466125203849636,1828500
2022-04-11,23.100662231445312,23.43172147364249,22.44773657268346,23.30297631023366,1843200
2022-04-12,23.496091842651367,24.470882072157757,23.385739356984956,23.606446082338913,1689600
2022-04-13,23.937503814697266,24.167406841812614,23.45010876576521,23.9099148199959,1493000
2022-04-14,24.130624771118164,24.378920494866474,23.82715280454394,23.900721712985536,1542200
2022-04-18,24.250179290771484,24.673200144659972,24.03406981966417,24.406513465908844,1739800
2022-04-19,23.882328033447266,24.466281986794954,23.74438655522821,24.149016411489022,1394100
2022-04-20,24.204198837280273,24.411111984495395,23.753588957801508,24.277767761398817,931400
2022-04-21,22.898345947265625,24.55364914170753,22.686835538971447,24.434098560309074,1288700
2022-04-22,22.079893112182617,23.109857979572624,21.82240101832442,22.650051796696737,1625900
2022-04-25,21.537321090698242,21.785616843667853,20.295844079871536,21.335007007179307,2536500
2022-04-26,21.105106353759766,22.01552246552684,21.091310974324365,21.463754646692433,1225100
2022-04-27,21.19706153869629,21.54651517393364,20.93037489982467,21.30741577982944,1225900
2022-04-28,22.098283767700195,22.42014666318019,20.728061678015607,21.436161802092823,1337400
2022-04-29,21.371789932250977,22.410952827639253,21.16947585494643,22.070695500241168,1304500
2022-05-02,21.279829025268555,21.45455586131439,20.52574718573153,20.994749690472656,1470000
2022-05-03,22.392559051513672,22.51210787445039,21.298219962693928,21.35339620758617,1547100
2022-05-04,23.413328170776367,23.50069246130783,22.153460309846494,22.990307357331666,1084300
2022-05-05,22.889150619506836,23.78117571336896,22.236226698947586,23.569663541759805,1212600
2022-05-06,23.606449127197266,23.63403812918298,22.43854102012243,23.275388119454135,1684600
2022-05-09,21.141887664794922,23.155839197541507,20.921180911812215,23.036288610079193,2472500
2022-05-10,20.479766845703125,21.54651699962013,20.056744265207037,21.29822125154773,3454200
2022-05-11,20.6912784576416,21.85918659599362,20.571729620544648,21.12349564286463,2271000
2022-05-12,20.792434692382812,20.87519993981635,19.726603670406174,20.636100531010715,1916100
2022-05-13,21.822399139404297,22.16265645720553,21.197062503891484,21.298220416701273,1679400
2022-05-16,21.97873306274414,22.54889344607833,21.822398905541316,21.822398905541316,1414300
2022-05-17,22.62246322631836,22.861562637924234,22.13506806950393,22.318991233514996,1335000
2022-05-18,21.85918617248535,22.824778446858975,21.335007409024165,22.668444275824815,1967700
2022-05-19,22.116676330566406,22.613267841826158,21.151084064034254,21.28902556582151,1660200
2022-05-20,22.54889488220215,22.769601632188465,21.863782920643953,22.374168047371647,1197700
2022-05-23,23.56966209411621,23.57885842744928,22.35117686883491,22.714424142395586,1531300
2022-05-24,23.459306716918945,23.77197499570352,22.79718658456274,23.43171772031289,876000
2022-05-25,24.36972427368164,24.470882181010104,23.47770103548883,23.588053521646113,1096900
2022-05-26,24.774354934692383,25.28933731247503,24.572039113619017,24.59962811304389,1342300
2022-05-27,25.9422607421875,26.00663507309411,24.572038699556416,24.774354517220566,1700700
2022-05-31,25.39049530029297,26.80669728201105,25.05759435402918,26.494028970328902,2077800
2022-06-01,26.061813354492188,26.23194114299295,25.280142529727275,25.85030294132677,1409700
2022-06-02,25.178983688354492,25.243358021929875,23.937508502047482,24.45249089250186,7006300
2022-06-03,25.7491455078125,25.84110709257324,25.15139783789969,25.316928339664756,2398300
2022-06-06,26.00663185119629,26.190553226080386,25.703159916317627,26.17216056238569,1877900
2022-06-07,27.34007453918457,27.34007453918457,25.62959677376643,25.693969357139515,1987300
2022-06-08,27.03660011291504,27.8734471298037,26.834286047015105,27.61595681938946,2895100
2022-06-09,26.843482971191406,27.192934866171804,26.595187234377814,26.852679304483157,1422600
2022-06-10,26.484834671020508,26.815895674465196,25.98824491987481,26.549209008151347,1769000
2022-06-13,25.02264976501465,25.68477174157577,24.424902122635725,25.43647600036535,2236500
2022-06-14,25.096216201782227,25.873287830469348,24.489270574249947,25.5468259409636,1977800
2022-06-15,24.87550926208496,25.43647326432745,24.213389110765107,25.06862873581642,2359900
2022-06-16,23.321369171142578,24.351333995004143,23.293780169888294,23.90992049906347,4128500
2022-06-17,21.85918617248535,23.597252967966423,21.049926315124516,23.293780959961452,13612800
2022-06-21,22.71442413330078,22.79718937924403,22.300597903584535,22.512108308096735,2858600
2022-06-22,21.30741310119629,22.22702523028716,21.233844201029857,21.279824105876028,4397400
2022-06-23,20.10272789001465,21.620088019192092,19.744077856557087,21.54651909638414,2970000
2022-06-24,19.504976272583008,20.801631244673143,19.36703477674997,20.277450754073552,7634700
2022-06-27,20.04754638671875,20.51654884559794,19.734878080799295,19.88201765478007,3407500
2022-06-28,20.939571380615234,21.077512867489855,20.17629328228642,20.70047198482268,2402100
2022-06-29,20.33262825012207,21.435242836242093,20.148705090903125,21.233847871448177,3533700
2022-06-30,19.302661895751953,20.39700101986595,19.091151488492475,19.872822291431042,3605500
2022-07-01,19.357837677001953,19.744074902460493,18.677324804340948,19.56015349996956,2815100
2022-07-05,17.65655517578125,18.94401192205213,17.399063124918634,18.861246682632757,4100900
2022-07-06,17.628969192504883,17.80369603382625,16.56221898426535,17.30710451239333,3271500
2022-07-07,18.741695404052734,18.953207537915343,18.189929500817488,18.281889315342674,1686300
2022-07-08,18.576168060302734,19.178512958518535,18.37385224372361,18.852051032338245,1238800
2022-07-11,18.346263885498047,18.419832790510696,17.780700845313298,18.272694980485397,1589300
2022-07-12,17.849672317504883,18.042791787872154,17.288708325034523,17.537004035211996,1652200
2022-07-13,18.04279327392578,18.41063782632555,17.394466702189572,17.55539814573285,1316700
2022-07-14,17.803691864013672,17.826681817061136,16.976039522137057,17.362276697005814,1950500
2022-07-15,18.235910415649414,18.392244564609438,17.901171269897972,18.3830482318446,1587700
2022-07-18,18.879640579223633,19.183112558880907,18.69571742317992,18.69571742317992,1159900
2022-07-19,19.99237060546875,20.083413076462342,18.907227842634807,18.999189420743335,1197800
2022-07-20,20.525747299194336,20.53954092310901,19.72568553975907,19.909606956699644,969600
2022-07-21,19.762466430664062,19.9188005784887,19.164718837459663,19.817642672831255,1350500
2022-07-22,19.2106990814209,20.09076866631357,19.127933839718466,19.77166310762158,1062500
2022-07-25,20.682083129882812,20.682083129882812,19.385429757091362,19.587743858186105,1221100
2022-07-26,20.50735092163086,21.141883817242626,20.213075304541643,20.976353344124686,1463500
2022-07-27,21.46375274658203,21.684459503773095,20.553336715410882,20.617709300338937,1358000
2022-07-28,21.472944259643555,21.941946671132843,20.967156519870716,21.730434541544422,1041100
2022-07-29,22.190244674682617,22.337384260675318,21.767223846270205,22.02471592923079,1347700
2022-08-01,21.794811248779297,22.03390889267797,21.114296633303674,21.675260672808776,1286400
2022-08-02,22.089086532592773,22.401754836026598,21.34419935169511,21.794810895012976,2040600
2022-08-03,21.19706153869629,22.613265237462425,20.728060837438576,22.190242692810028,2353700
2022-08-04,20.04754638671875,21.197061701416413,19.99237014273919,21.197061701416413,1849100
2022-08-05,20.38780403137207,20.71886500880843,19.53256434234228,19.69809483106046,1224500
2022-08-08,20.39699935913086,20.63609874726924,20.13031097289228,20.203879880471693,1191800
2022-08-09,20.38780403137207,21.05912056537695,20.14870463144817,20.82002116545305,1258800
2022-08-10,20.856807708740234,20.930376624216407,19.836037471739683,20.378608881134454,1093000
2022-08-11,21.59575653076172,21.928283725421508,21.175479887195365,21.50338943161354,1141600
2022-08-12,21.84514808654785,21.891333389792408,21.20780499608642,21.52185801099268,1048100
2022-08-15,21.170860290527344,21.263229142972712,20.39496474884917,20.958413163155523,1270900
2022-08-16,20.773677825927734,21.7804947325758,20.551993611866166,21.374072792568168,1176000
2022-08-17,21.161623001098633,21.30941245870314,20.616648715511026,20.792149357087368,1446100
2022-08-18,22.42707061767578,22.482491219885762,21.401779786950645,21.47567451049368,1108500
2022-08-19,21.95599365234375,22.427073230483433,21.77125594106919,22.297756127875488,1329400
2022-08-22,21.83591651916504,22.00218012909405,20.89375899921667,21.891338897001123,1078200
2022-08-23,22.537914276123047,23.082888582263074,22.27928359645617,22.32546714302829,1087500
2022-08-24,23.027469635009766,23.11152461196446,22.38088936562544,22.750363050220983,1219100
2022-08-25,22.92585563659668,23.30456625014906,22.630276793023008,23.10135623563938,1274600
2022-08-26,22.824256896972656,23.221441753093345,22.54253443468627,22.925862816944765,668600
2022-08-29,23.40618133544922,23.812603285955614,22.61181155986617,22.68570629979555,1535000
2022-08-30,22.002174377441406,23.01822813556164,21.59575252183548,22.888912811328048,1466900
2022-08-31,22.048362731933594,22.561006450438295,21.12005827794443,21.35559895030143,1539100
2022-09-01,20.801387786865234,21.56804630929551,20.709018929338452,21.494151575631967,1634900
2022-09-02,21.41101837158203,21.762017892947124,21.24475479132882,21.327886581455424,1281900
2022-09-06,20.958410263061523,21.77125217616826,20.94917320291622,21.743542757521432,2224900
2022-09-07,20.367250442504883,20.65359401737116,20.034725091179062,20.422672802550064,2104300
2022-09-08,20.64436149597168,20.806005677167867,20.31183430975159,20.450386716746813,1470200
2022-09-09,21.41101837158203,21.660413741961847,21.110820044814922,21.198571246498176,1274400
2022-09-12,21.817441940307617,22.029889081744773,21.42949414378394,21.808204878272594,991500
2022-09-13,21.180099487304688,21.97446923191727,21.101585338184154,21.438730186079386,1139400
2022-09-14,22.325469970703125,22.58410244491696,21.41102189079685,21.531100184166732,1516300
2022-09-15,21.198572158813477,21.86362474665864,20.995360324518753,21.60499230382416,1793400
2022-09-16,20.9676513671875,21.253993239761627,20.28412287891726,21.253993239761627,3207900
2022-09-19,20.7459659576416,21.013835475293295,20.08091333728312,20.164045135051616,994000
2022-09-20,20.801387786865234,20.847571334733914,20.191755793693662,20.847571334733914,1339200
2022-09-21,19.905410766601562,21.434110054443394,19.905410766601562,21.272465886422196,3243100
2022-09-22,19.48975372314453,20.543677229989314,19.48975372314453,20.237938074883203,1340000
2022-09-23,17.522300720214844,18.53835439307369,17.356038929490172,18.473696736382593,4286700
2022-09-26,16.91267204284668,17.66085816956983,16.783356705195967,17.42993691702822,2031800
2022-09-27,17.282148361206055,17.68857032169157,16.795367652886174,17.143595940660195,1718200
2022-09-28,18.122699737548828,18.29819861191728,17.171303592028835,17.402224832629773,2061700
2022-09-29,18.18735694885254,18.362855818838398,17.522302664984586,17.891778050150876,1341900
2022-09-30,18.298198699951172,18.67690939541557,17.836356216527342,18.067277458239257,1868400
2022-10-03,19.886940002441406,19.979307099132463,19.134136184241118,19.212648568786403,2289600
2022-10-04,20.60741424560547,20.84757258486045,20.09015107894295,20.48733595687274,2071700
2022-10-05,21.0784912109375,21.309412458667822,20.27488625543799,20.468859257872595,2127500
2022-10-06,21.78972816467285,21.891334073193615,20.773674364832907,20.87528027335367,1481900
2022-10-07,21.244754791259766,22.1684397821841,21.18009712378135,21.80820319949619,1466600
2022-10-10,20.838335037231445,21.697362448700883,20.745966176316223,21.30017758001807,943900
2022-10-11,20.108619689941406,20.681303312692297,19.850910474093368,20.265646185558076,1183400
2022-10-12,20.94917869567871,21.004599309292434,19.553490782521777,19.95159884168399,2578900
2022-10-13,21.4387264251709,21.697358840364267,20.348779685359084,20.579700918349495,1445800
2022-10-14,20.302597045898438,21.484914548203218,20.256413497955588,21.050783207456412,1044100
2022-10-17,20.86604118347168,21.235514776090024,20.579699369416094,20.782909404908917,780500
2022-10-18,21.253992080688477,21.40178153987935,20.773675457423472,20.995359646209785,1399700
2022-10-19,22.057598114013672,22.11302048523873,21.0600183352249,21.226281925321263,1369400
2022-10-20,21.882097244262695,22.69493923567932,21.78510898428763,22.40859739074485,1339400
2022-10-21,22.999757766723633,23.018231890853567,21.9559944184346,22.085309763765245,1318300
2022-10-24,23.239913940429688,23.43388870223135,22.621044933768935,22.907386784077858,1631900
2022-10-25,23.27686309814453,23.424652559699343,22.95357299032237,23.22144072871946,1051400
2022-10-26,23.951152801513672,24.154362871254,23.4246526230765,23.45236204607465,1327500
2022-10-27,23.212200164794922,24.44993803990343,23.166016625698415,24.302148600647705,1102500
2022-10-28,23.008991241455078,23.75717553417348,22.417833455780208,23.42465016062595,1443600
2022-10-31,23.720233917236328,24.07585289615924,22.67646875586996,22.83349529511138,2158300
2022-11-01,23.609384536743164,24.20977934360009,23.378463321660572,23.923437530198612,2951300
2022-11-02,23.082889556884766,24.939496748462844,22.981283635988778,24.01581168370496,3701400
2022-11-03,23.452362060546875,23.729468623224893,22.81502066614508,23.193731382861284,2102300
2022-11-04,24.38896942138672,24.42606376107967,23.343861339989953,23.674921069852115,7937700
2022-11-07,25.50177764892578,25.529598406749376,24.47243260327642,24.722814117421777,2474200
2022-11-08,25.251399993896484,25.566694889060393,24.60226479760768,25.566694889060393,1373000
2022-11-09,23.3967227935791,24.685723016274835,23.378175620589346,24.62080791081069,1981100
2022-11-10,24.147869110107422,24.16641451566946,23.45236599198805,24.08295399999466,1659700
2022-11-11,25.112295150756836,25.2050292387085,24.453886486935673,24.500252646533703,1444400
2022-11-14,24.704269409179688,25.548146357672284,24.704269409179688,24.78772992221793,2174800
2022-11-15,25.446136474609375,25.464681876695785,24.564238488011327,25.019560389021766,1660800
2022-11-16,24.426067352294922,25.084476059847375,24.32405967189721,25.056657069743075,1168200
2022-11-17,24.194232940673828,24.23132551697171,23.489456303456805,24.203506526937232,1494600
2022-11-18,24.39824676513672,24.39824676513672,22.55284553123869,23.71201729389492,1669400
2022-11-21,23.730560302734375,23.84183978192059,22.66412282196342,23.684194147866023,1722100
2022-11-22,24.769180297851562,24.778453883800054,23.878937271864388,24.110771614309673,1629200
2022-11-23,24.018037796020508,24.620806739464413,23.88821112878032,24.3797005770914,1483900
2022-11-25,24.008764266967773,24.453887554822924,23.953124519269263,24.286966542971705,555300
2022-11-28,23.174161911010742,23.443090611784047,22.784680123903176,23.07215422882007,1172000
2022-11-29,23.489458084106445,23.860392718983093,23.31326346925659,23.61928476412431,1357500
2022-11-30,24.18495750427246,24.203504675380415,23.55436783664674,23.96239675724378,1787600
2022-12-01,23.767654418945312,24.838729646128968,23.628554176536465,24.574438654925494,2033800
2022-12-02,23.89748191833496,24.02730857038275,23.582187104428492,23.582187104428492,1034400
2022-12-05,22.48792839050293,24.45388414557455,22.270003569995282,24.407516221660455,1369300
2022-12-06,21.857341766357422,22.775405560422595,21.523499743513472,22.376650203971366,1173100
2022-12-07,21.58841323852539,22.21900112430019,21.356578910757207,21.950074223841984,852800
2022-12-08,20.846542358398438,22.469382655109943,20.716715700663297,22.154087827391262,1646200
2022-12-09,20.5405216217041,21.18038487826782,20.521974450498057,20.85581645718445,1181100
2022-12-12,21.096927642822266,21.282395846085688,20.58689273698166,20.72599300505129,1986400
2022-12-13,21.532772064208984,21.968621739255262,21.310211318310188,21.504953076443872,1566400
2022-12-14,21.523500442504883,21.987169147621376,21.300939676299656,21.671876055397444,1563200
2022-12-15,21.671876907348633,21.671876907348633,21.00419281372963,21.310214100386403,1505300
2022-12-16,21.24530029296875,21.440042072225832,20.735265416055604,20.994918763390686,2802000
2022-12-19,20.93000602722168,21.667239372966463,20.846545514967115,21.477135265887913,1129400
2022-12-20,21.059831619262695,21.226752635169284,20.744538528807258,20.837270854305824,891500
2022-12-21,21.699695587158203,21.755335337908914,21.180387119721395,21.579142499072365,1044700
2022-12-22,21.338029861450195,21.690417230381474,20.874361246734864,21.690417230381474,1500800
2022-12-23,22.321008682250977,22.348829438195224,21.588413129941166,21.69969261620708,722400
2022-12-27,22.209732055664062,22.571393085728314,22.107724372823057,22.571393085728314,745600
2022-12-28,21.273122787475586,22.052086430522184,21.20820944534769,22.01499208144572,1125300
2022-12-29,21.64405059814453,21.75533007271425,21.05055535042507,21.10619508770993,823800
2022-12-30,21.746057510375977,21.764602909663846,21.32875507318118,21.44930812795118,740000
2023-01-03,20.568344116210938,21.56059486574089,20.202045413345356,21.551321279354397,1731000
2023-01-04,20.75381088256836,21.064469841033382,19.956301896389938,20.169589080556506,1256400
2023-01-05,20.41996955871582,20.586890570334287,19.613185258811793,20.475609306336747,2486200
2023-01-06,20.614707946777344,21.032010443171842,20.401420790289286,20.809449701346626,1407700
2023-01-09,20.98564338684082,21.51422716044809,20.781629807228704,21.18038514948679,1376000
2023-01-10,20.8279972076416,21.217478987376275,20.392149265292023,21.05983155822758,1633200
2023-01-11,21.254573822021484,21.254573822021484,20.679623841073127,21.02273946609575,1093700
2023-01-12,22.024261474609375,22.191182476154676,21.152563893625906,21.402945395943856,1507600
2023-01-13,22.07062530517578,22.11699322780019,21.560590537595047,21.903706089994092,1324000
2023-01-17,21.922256469726562,22.525027219469923,21.792429794400075,22.302464677830525,1140700
2023-01-18,21.356582641601562,22.50648089596021,21.338035467638715,22.06135933338703,1004300
2023-01-19,21.82952117919922,21.94080066616525,21.08765026815161,21.319484596212323,1369200
2023-01-20,22.089176177978516,22.154089511781493,21.671875416921235,22.052083602414967,993800
2023-01-23,22.302461624145508,22.441563635813033,21.987166796875407,22.22827471000875,878200
2023-01-24,21.606958389282227,22.293189548002566,21.588412987530607,22.014987296661893,1507700
2023-01-25,21.430767059326172,21.644054228657122,21.01346453780418,21.467859634152763,4858700
2023-01-26,22.079904556274414,22.15872916058771,21.05056117241798,21.736790684574217,4977700
2023-01-27,21.857341766357422,22.237549950704945,21.838794594253716,22.0428099498831,1321700
2023-01-30,21.273122787475586,21.718244363857668,21.23602843839912,21.560596917794523,1941200
2023-01-31,21.89443588256836,21.91298128572326,21.061686258842922,21.21747825787807,2038800
2023-02-01,21.338029861450195,21.8480646301349,20.68889309334657,21.736785153106243,1609600
2023-02-02,21.254573822021484,21.681148187922066,20.939278956462026,21.310213572192044,1497200
2023-02-03,21.421491622924805,22.07990024583183,21.2888827167095,21.300936785452347,1120500
2023-02-06,20.707441329956055,21.500314277492528,20.521973167006422,21.347304546501245,1215100
2023-02-07,21.727516174316406,21.773882338114387,20.65180490165016,20.80017874831062,1282400
2023-02-08,21.273122787475586,21.778521796728963,21.07838099233598,21.662604608998887,1241700
2023-02-09,20.69993019104004,21.380298478688058,20.560129121240355,21.287097172932587,1380700
2023-02-10,21.836984634399414,21.96746540609206,20.960895135842772,21.100696216608775,2565500
2023-02-13,21.50145721435547,21.920862167921232,21.436216838837883,21.64125827298842,1658500
2023-02-14,21.57602310180664,21.5946637214985,20.960896873314002,21.240500835689872,1940800
2023-02-15,21.044775009155273,21.380299007100607,20.24324624858235,21.32437715566499,2448600
2023-02-16,20.746536254882812,21.464184154658813,20.7278956341352,21.110019471123994,1773200
2023-02-17,19.786561965942383,20.434308307179556,19.544239273956695,20.411008424379744,2844900
2023-02-21,19.5349178314209,20.06616472782338,19.478997760413744,19.60015998820742,2401800
2023-02-22,19.460357666015625,19.721320967158377,19.087554219859587,19.712000658796093,2281600
2023-02-23,20.243249893188477,20.289851444441663,19.60016448490125,19.963647696339024,1812400
2023-02-24,20.513530731201172,20.541491658100764,19.82384386668243,20.038205639911126,1680100
2023-02-27,20.56945037841797,20.816432339045857,20.420328993397305,20.718571763438632,1494100
2023-02-28,20.364408493041992,20.895653638289392,20.309419916801755,20.671971565430862,1722000
2023-03-01,20.83972930908203,20.914289984809812,20.22926255441495,20.23392181891874,1219700
2023-03-02,21.287099838256836,21.41758061605156,20.5694520050513,20.746534330392194,1321900
2023-03-03,21.659900665283203,21.83605147129998,20.746531777765327,21.0447745346963,1653900
2023-03-06,21.38030242919922,21.641264000332843,21.231181023503613,21.417581891789432,1252800
2023-03-07,20.737213134765625,21.35233931475204,20.704592941710832,21.25913800130954,1868700
2023-03-08,20.205968856811523,20.83507463958039,20.056847459745313,20.62537211943501,2791100
2023-03-09,19.907726287841797,20.597413201490415,19.88908566858087,20.26188916546292,2121700
2023-03-10,19.39512062072754,20.038207786987005,19.339200538603738,19.88908638287863,1678200
2023-03-13,18.873193740844727,19.460358986164117,18.5469900367041,18.854553122855624,2825700
2023-03-14,19.096872329711914,19.767918455539206,18.72872819128575,19.124833251579787,2497900
2023-03-15,18.025062561035156,18.47242666185293,17.531096922007045,18.202144850900616,3276900
2023-03-16,18.61223030090332,18.654170802272343,17.5310993519098,17.568380587645446,2816100
2023-03-17,18.304664611816406,18.593588814649394,17.792060137070116,18.574948199434314,13250700
2023-03-20,19.12483787536621,19.245998344086097,18.33262934091379,18.416510349130355,2079200
2023-03-21,19.87044334411621,19.954324345924746,19.544239645712707,19.544239645712707,3229800
2023-03-22,19.27396011352539,20.15936822669498,19.236678873728426,19.823845956859095,2731800
2023-03-23,19.01299285888672,19.786560648954975,18.924452599073803,19.38579629187136,2154300
2023-03-24,19.25531578063965,19.516279075894975,18.27670653434945,18.640189663942895,2817400
2023-03-27,19.851802825927734,19.991605681420573,19.15279565913215,19.506960285802187,1719100
2023-03-28,19.758602142333984,20.11276497072093,19.656080528318295,19.7306412173296,1946900
2023-03-29,20.0941219329834,20.205963841858456,19.814519827296003,20.066162789014758,1575300
2023-03-30,20.0941219329834,20.30848544352169,19.945000572927874,20.280524521886218,1284400
2023-03-31,20.39236831665039,20.476249318959475,20.131406778504047,20.24324692980472,1564900
2023-04-03,21.566699981689453,21.65058098170528,20.877013141967076,21.49213929030506,2444500
2023-04-04,21.212535858154297,21.697181211653508,20.858371262263724,21.650579671316855,2452900
2023-04-05,21.249818801879883,21.343020120189422,20.821095226390202,21.26845942107525,1018900
2023-04-06,20.81177520751953,21.19389901802611,20.77449574627532,20.96089660783101,914800
2023-04-10,21.11933708190918,21.557380947480212,21.0634170044818,21.203218086883854,1353700
2023-04-11,21.5573787689209,21.715820453675917,21.212536252356287,21.361657628870773,1772400
2023-04-12,21.324377059936523,21.706502599029452,21.165935370247727,21.63194013078335,892700
2023-04-13,21.622621536254883,21.762422608470526,21.277777232300352,21.277777232300352,727600
2023-04-14,21.706506729125977,21.79970627683251,21.417582442699974,21.65058486730115,823300
2023-04-17,21.22185707092285,21.846303516718574,21.20321645399353,21.77174282666836,811500
2023-04-18,20.970211029052734,21.268453745928127,20.797789791671676,21.137973001711845,975900
2023-04-19,20.644012451171875,20.681293688753204,20.15004849689003,20.5787720630718,1348800
2023-04-20,20.1966495513916,20.43431123426054,19.865786546305827,20.30849149358528,1542900
2023-04-21,19.889081954956055,20.345766375574346,19.82384157739158,20.271205690119665,1443600
2023-04-24,20.373727798461914,20.52750843825098,19.704544607950666,19.77724052254179,1436900
2023-04-25,19.357839584350586,20.019565539061386,19.343858231706083,19.935684533863228,1276700
2023-04-26,19.040956497192383,19.469680061820682,18.859214908810074,19.22735735142185,1332500
2023-04-27,19.02231788635254,19.208720537924812,18.710095489286527,19.012997576007184,1151500
2023-04-28,19.684045791625977,19.842487512903457,18.966397890682842,19.022317975349175,1764900
2023-05-01,19.54423713684082,19.9077220239067,19.12483395930361,19.29259594138526,1272600
2023-05-02,18.6029109954834,19.15279680857707,18.33728839837325,19.15279680857707,1495000
2023-05-03,18.50971031188965,18.779992158171435,18.127586536950712,18.276707923382144,2695500
2023-05-04,17.633623123168945,18.87319591988692,17.447220477090763,18.789314906918477,3901000
2023-05-05,18.481748580932617,18.714750959299224,18.025064132654116,18.099624822624747,2231300
2023-05-08,18.556310653686523,19.106196449821592,18.421168837523265,18.99435451769785,2094700
2023-05-09,18.155548095703125,18.4910721485425,18.034387619770786,18.211469956287942,2415900
2023-05-10,18.11335563659668,18.34305477750754,17.724275680969676,18.263362581925623,1584800
2023-05-11,17.92584800720215,18.028976665385773,17.73365149503975,17.81334190310091,1550700
2023-05-12,18.253990173339844,18.263365832619655,17.853658642035104,18.103983201311177,1749800
2023-05-15,18.48837661743164,18.75088971723362,18.26336615541174,18.450875767873754,1531700
2023-05-16,18.178983688354492,18.469623713409543,18.06647937200481,18.40399410927772,1707500
2023-05-17,18.3852481842041,18.73213864717538,18.03835593300861,18.403997715120013,1779300
2023-05-18,18.422746658325195,18.46962495012974,18.057104923369682,18.169609247252616,1765400
2023-05-19,18.657133102416992,18.718073988793286,18.441498320745822,18.69463573656364,1569600
2023-05-22,19.416542053222656,19.589989040340203,18.497749046696786,18.497749046696786,2932900
2023-05-23,19.26653289794922,19.674365918889187,19.25715902943849,19.55717289204467,1740500
2023-05-24,19.219661712646484,19.454047831093394,19.00402691284913,19.454047831093394,2038300
2023-05-25,18.610254287719727,18.924330762701025,18.455558623404425,18.79776207050409,1841400
2023-05-26,18.657133102416992,18.77901487516958,18.43212266220916,18.74151224102293,1343400
2023-05-30,18.263362884521484,18.563376780150147,18.04772812056637,18.37586898949417,1483400
2023-05-31,18.12273406982422,18.230551466528354,17.855534045769595,18.019603608531515,2808300
2023-06-01,18.000852584838867,18.43681085911243,17.94459863522527,18.16960906900776,2199200
2023-06-02,19.088403701782227,19.13059326942267,18.291490639809442,18.50712541298327,3429500
2023-06-05,18.469619750976562,19.529043812398154,18.408678882897355,19.529043812398154,2599800
2023-06-06,18.882143020629883,19.036838699872234,18.141483898949218,18.18836040211261,1731400
2023-06-07,19.70718002319336,19.763432175946537,19.04152269408992,19.04152269408992,1554700
2023-06-08,19.697811126708984,19.927508539081092,19.26653970565785,19.744687638720837,1160100
2023-06-09,19.350914001464844,19.829061814529673,19.285286185828785,19.547799236596884,1645100
2023-06-12,18.89151954650879,19.158719560904153,18.56806736808915,18.87276822909268,1672600
2023-06-13,19.17278289794922,19.650928948427367,19.01340028504852,19.01340028504852,1304900
2023-06-14,18.83526611328125,19.510297400758105,18.469624389425945,19.435293924371788,2735100
2023-06-15,19.313413619995117,19.416542280646482,18.84932838828032,18.910269270636057,1960400
2023-06-16,19.435293197631836,19.65092796065132,19.17278193420772,19.641554091149484,3817800
2023-06-20,18.788389205932617,19.379041346208847,18.46962399110929,19.369665688334763,1930400
2023-06-21,18.82589340209961,19.097782164199835,18.70401340447744,18.70401340447744,2923900
2023-06-22,18.516502380371094,18.675885004034896,18.37587107436752,18.657133686374667,1934500
2023-06-23,18.43212127685547,18.62900651487949,18.038352589031316,18.09460474779937,4815700
2023-06-26,18.788389205932617,19.027462222938166,18.47899786075948,18.47899786075948,2006400
2023-06-27,18.685260772705078,18.835267738420573,18.493064236118094,18.835267738420573,1333000
2023-06-28,18.966522216796875,18.99933612675967,18.554003980629208,18.71338480717764,2010300
2023-06-29,19.444669723510742,19.472796697943636,18.914956661813576,18.947770571206643,1253300
2023-06-30,19.59467887878418,19.716560660129215,19.304040596554263,19.641557174772327,2309800
2023-07-03,19.510295867919922,19.754057594080148,19.45404371210565,19.538422839938953,765800
2023-07-05,19.519672393798828,19.679054999217577,19.341538472866375,19.604051525386627,2131900
2023-07-06,19.17278289794922,19.482172465553642,18.760262878402,19.247786375301082,1564700
2023-07-07,20.072824478149414,20.26970972238614,19.107153149669337,19.107153149669337,1807000
2023-07-10,19.91343879699707,20.23220397131384,19.847810988441914,19.857186645124603,1981800
2023-07-11,20.13845443725586,20.232209240275125,19.997823126839027,20.091577929858293,1259800
2023-07-12,20.213457107543945,20.56503626353154,20.18064319604303,20.307211906785447,3226900
2023-07-13,20.363462448120117,20.550972031659047,20.14782767880709,20.14782767880709,3797700
2023-07-14,19.1915283203125,20.14782379312829,19.13996489359646,20.14782379312829,2579500
2023-07-17,19.350914001464844,19.543110513637817,19.032148792754956,19.116527923779564,1876600
2023-07-18,19.669679641723633,19.965006606789178,19.21965879186826,19.21965879186826,3444500
2023-07-19,19.472797393798828,19.810312157934813,19.341539963312158,19.754059995282816,2345300
2023-07-20,19.754060745239258,19.782187721745093,19.34622942113709,19.538425956700095,2361300
2023-07-21,19.78218650817871,19.9228178056325,19.6696803972813,19.838438669515433,2549000
2023-07-24,20.1478271484375,20.199392371964503,19.805623687477418,19.904065411543222,2546700
2023-07-25,20.34471321105957,20.410341029768805,19.95563144553491,20.110327122398626,1643300
2023-07-26,19.950946807861328,20.297837257617328,19.89469285258402,20.10095377881919,1959000
2023-07-27,19.7165584564209,20.180641911376252,19.63217932129739,20.138452343814496,2685800
2023-07-28,20.710359573364258,20.729110893828555,19.669684534512278,19.87594548317085,2530700
2023-07-31,20.766605377197266,20.95880188244676,20.64472540800989,20.869735819895364,1730500
2023-08-01,20.804105758666992,20.91192312428142,20.297831045461585,20.58846923921454,2807700
2023-08-02,20.682226181030273,21.797904367646904,20.354085327528466,21.69477392528879,4155300
2023-08-03,21.619773864746094,21.788532146776117,20.382215514158023,20.860363383835065,3254300
2023-08-04,21.544769287109375,21.7885310389562,21.376011013659728,21.601023237075243,2648400
2023-08-07,21.629148483276367,21.82134500896134,21.254131090259836,21.63852414162978,1699500
2023-08-08,21.544769287109375,21.718216283834835,20.907238826621366,21.13225105003688,1956600
2023-08-09,21.860429763793945,22.312714071321743,21.73793497391053,21.869850780968285,1907200
2023-08-10,21.41756248474121,21.822734442067787,21.23853443628071,21.709664284852497,2155000
2023-08-11,21.42698860168457,21.737934277804897,21.34218507208648,21.361030700267836,2317800
2023-08-14,21.54006004333496,21.54948285719369,21.130175727961028,21.379875802172474,1990100
2023-08-15,21.370450973510742,21.415679756881303,21.196133426603783,21.2856474539954,1721100
2023-08-16,21.14430809020996,21.615437938404902,21.128289488460688,21.33275895115729,2014300
2023-08-17,21.389297485351562,21.737932593605223,21.29507114896321,21.55890273418914,1498500
2023-08-18,21.568326950073242,21.690821734508933,21.15373391855336,21.15373391855336,1448200
2023-08-21,21.54006004333496,21.869849542300685,21.38929861603121,21.747356556573127,1179000
2023-08-22,21.153732299804688,21.71437620918247,21.13959718131731,21.61543936586013,1260700
2023-08-23,20.946434020996094,21.054793677665433,20.72971470765742,20.927588394475027,1132700
2023-08-24,20.918169021606445,21.059507637181216,20.71087070802664,20.71087070802664,1394200
2023-08-25,21.163150787353516,21.379871871827714,20.861627988176117,21.229110472239014,940000
2023-08-28,21.332761764526367,21.634284619581187,21.20555647307174,21.38929864776263,1021400
2023-08-29,21.58717155456543,21.69082070614036,21.087773220961928,21.332760981000366,1313900
2023-08-30,21.568326950073242,21.794469093779906,21.54006030537116,21.65313047861549,1124700
2023-08-31,21.483522415161133,21.662552277832553,21.38929787427736,21.615440007390667,1130300
2023-09-01,21.9829158782959,22.15723339696887,21.709661535285633,21.803886055292093,1345800
2023-09-05,21.973495483398438,22.378667433968275,21.95464985843758,22.143102513610714,1362500
2023-09-06,22.378664016723633,22.633074523193308,21.99704825701912,22.435199085755524,1742400
2023-09-07,22.284440994262695,22.501160288569025,22.23261642448994,22.284440994262695,1300800
2023-09-08,22.246753692626953,22.538853717420785,22.21848525259482,22.435204567854186,1150900
2023-09-11,21.624862670898438,22.491741740427692,21.417564369069286,22.463473300027925,1688700
2023-09-12,22.15252685546875,22.237330376429597,21.70024260848945,21.860426837280183,2201200
2023-09-13,21.719087600708008,22.114836787313862,21.52121390601405,22.030033261811326,1300300
2023-09-14,21.935808181762695,22.35040118825105,21.860427471745005,22.21848539502456,1699200
2023-09-15,21.70966339111328,22.105410722292497,21.587168629085518,21.7850440918928,5186800
2023-09-18,21.58717155456543,21.96407510954075,21.417564505522055,21.96407510954075,1331600
2023-09-19,21.530637741088867,21.921674640819205,21.356320173605127,21.756779887418105,1754600
2023-09-20,21.172574996948242,21.662550476560536,21.13488554317225,21.351604844733075,1398100
2023-09-21,21.012392044067383,21.34218332131518,20.913455200058408,21.191421902667823,1840100
2023-09-22,20.965280532836914,21.370452534060092,20.90874544810422,21.172577041668752,1581600
2023-09-25,21.36102867126465,21.398718126829365,20.91816723437659,20.91816723437659,1315800
2023-09-26,21.370450973510742,21.554191333388054,21.078350960301115,21.116040414964708,1458900
2023-09-27,22.2750186920166,22.487027483571122,21.530634464935744,21.709664310828202,2540900
2023-09-28,21.860429763793945,22.378671974850622,21.756780602695375,22.171375449871565,2237600
2023-09-29,21.58717155456543,22.04887863406244,21.573038232884453,21.9358084661788,2081300
2023-10-02,20.833362579345703,21.587169621805902,20.64962222507214,21.54948016829177,1619100
2023-10-03,20.974700927734375,21.012390380803918,20.64490967659164,20.70144475480482,2379400
2023-10-04,20.013593673706055,20.720288373189536,19.796874397196667,20.720288373189536,2404400
2023-10-05,20.305694580078125,20.324540204263226,19.646113908558334,19.7403402322662,2529600
2023-10-06,20.550683975219727,20.710868199393396,20.07013130269872,20.390499751046057,3076700
2023-10-09,21.21026611328125,21.323336271109135,20.90874329611655,21.163152049838168,2062100
2023-10-10,21.43640899658203,21.55419146359622,21.163152810444565,21.285647582581298,1278300
2023-10-11,21.323335647583008,21.389295334474564,20.90874268471374,21.125461978561454,1297100
2023-10-12,21.43640899658203,21.56832478452822,21.21026687558093,21.56832478452822,1537100
2023-10-13,22.15252685546875,22.322133897390447,21.76620050318837,21.916961918848134,1754000
2023-10-16,22.26559829711914,22.444628162451888,21.959364940258798,22.26559829711914,1639200
2023-10-17,22.18079376220703,22.515295517762528,22.12896919217663,22.19021477746918,1453100
2023-10-18,22.15252685546875,22.43049355256979,22.143104042337786,22.340977726434538,1217200
2023-10-19,22.11483383178711,22.359821561917837,21.888691726408982,21.982918052954293,2181700
2023-10-20,21.80388832092285,22.114833942019914,21.719084806331136,22.07714448954454,1801700
2023-10-23,21.295074462890625,21.719090346796502,21.163156852530832,21.568328904000882,1674400
2023-10-24,21.10661506652832,21.422272972853815,21.002967730740888,21.40813785648739,2182100
2023-10-25,21.285646438598633,21.356316633896153,20.96998850941217,21.040658704709685,1952800
2023-10-26,20.92758560180664,21.087769811424298,20.6213522991848,21.07834879663881,1652000
2023-10-27,20.68260383605957,20.974703878001332,20.44703888028312,20.96528106410412,1647900
2023-10-30,20.729713439941406,20.84278539493508,20.272716909451198,20.64490992300059,1920300
2023-10-31,21.153732299804688,21.247956837891945,20.654333980740052,20.84278665135029,2751000
2023-11-01,21.002971649169922,21.247957613804388,20.88047686963476,21.163154088654792,2415300
2023-11-02,21.7285099029541,21.756778343195617,20.475304474399934,20.823941381840367,3443000
2023-11-03,21.530637741088867,21.992344847829976,21.045372700532152,21.98292203374734,3009800
2023-11-06,20.918169021606445,21.587172640695435,20.88047776560357,21.55890419869328,1733800
2023-11-07,20.33396339416504,20.626063385590832,20.159645860258095,20.54125987239985,2210600
2023-11-08,19.827157974243164,20.22976317678817,19.779791487160573,20.206080836670235,2071800
2023-11-09,19.865047454833984,20.087665405687982,19.727689172564393,19.97872520609997,1713300
2023-11-10,20.130292892456055,20.187130860588343,19.71347691017761,19.96925047704255,2103600
2023-11-13,20.272390365600586,20.41448620091564,20.06398326092828,20.22502568944443,1477700
2023-11-14,20.8786678314209,20.907085913193587,20.329227492528926,20.452378536365575,1623700
2023-11-15,20.65131187438965,21.219696986138615,20.64184038524154,20.897612149709083,1477000
2023-11-16,19.865047454833984,20.442905893980164,19.500333670032425,20.348174735732936,1881300
2023-11-17,20.537635803222656,20.594473771975743,20.06398184763854,20.073455143571795,1942200
2023-11-20,20.60394859313965,20.869195478366674,20.547110620179065,20.77446431886798,1374900
2023-11-21,20.3765926361084,20.499741865015437,20.10187248469414,20.4050125228622,2052900
2023-11-22,20.281864166259766,20.4192242601116,19.69453421720174,19.883994733381552,2141300
2023-11-24,20.49974250793457,20.656049179713037,20.09239981925347,20.2344974506326,749200
2023-11-27,20.509218215942383,20.51869151293826,20.08766643728248,20.272391211585436,2520100
2023-11-28,20.509218215942383,20.878669571394948,20.367122374697544,20.480800131801406,2261100
2023-11-29,20.338699340820312,20.717623934714457,20.253441487878767,20.65131086599052,2474500
2023-11-30,20.36711883544922,20.992341873757162,20.125556127994653,20.575525912603087,1775500
2023-12-01,20.746044158935547,21.0255000820537,20.29607251230848,20.33870144318571,1617900
2023-12-04,20.26291847229004,20.63236983791109,20.054511353184687,20.490272185908616,2801800
2023-12-05,19.637693405151367,20.329227776251084,19.59980202664346,20.310282990420394,1848100
2023-12-06,19.268245697021484,19.741899717485442,19.19719687121321,19.372450159714496,2370700
2023-12-07,19.37244987487793,19.505072420466924,19.201934140922557,19.31561009232836,1935100
2023-12-08,19.827157974243164,19.860313611777613,19.505073089468468,19.609277554203437,1480500
2023-12-11,19.808208465576172,19.992933220908004,19.410339066843584,19.467177036134963,2105300
2023-12-12,19.41033935546875,19.561908480397186,19.097727809448035,19.457705836287943,2064900
2023-12-13,19.90294075012207,19.91241404668345,19.320346562946522,19.514544625338374,2491900
2023-12-14,20.52816390991211,20.746044310724713,20.300810212518968,20.376594778316683,2656200
2023-12-15,20.3765926361084,20.537635047353838,20.11608333149423,20.528161751769236,4750100
2023-12-18,20.490270614624023,20.92603322077845,20.438170193978003,20.79341068304937,1983300
2023-12-19,20.746044158935547,20.89761328942201,20.29133676747615,20.43343260145139,2148100
2023-12-20,20.348176956176758,21.011293329421697,20.31975887039413,20.793412906470014,1599900
2023-12-21,20.585002899169922,20.603949493266697,20.286602172955654,20.367122487596966,2066400
2023-12-22,20.60394859313965,20.974346722109374,20.556583916813594,20.77446431886798,1240200
2023-12-26,21.01129150390625,21.134440747573883,20.71762653297067,20.79341109988458,1282300
2023-12-27,20.86919403076172,21.07760112172529,20.821827550874687,21.058654529770475,1264200
2023-12-28,20.36711883544922,20.915610530325022,20.357645540099544,20.755514910554265,1967900
2023-12-29,20.168188095092773,20.44290647427673,20.078192679122328,20.41448658394186,2012700
2024-01-02,20.357646942138672,20.736569747990604,20.196604523795795,20.29133567697039,2019400
2024-01-03,20.5944766998291,20.77446573445656,20.168189163307282,20.348176391088032,2047800
2024-01-04,19.798736572265625,20.727097966132597,19.77505423395356,20.632368612884346,1917600
2024-01-05,19.921886444091797,20.007144302449618,19.656639572884522,19.902939851824172,1683100
2024-01-08,19.798736572265625,19.8366297590422,19.339293427102508,19.50507160213354,1963800
2024-01-09,19.486125946044922,19.798737524602185,19.258772234989337,19.798737524602185,1615000
2024-01-10,19.19245719909668,19.514542011658875,19.02194149752301,19.514542011658875,2076000
2024-01-11,19.097728729248047,19.325082427590694,18.969841935146576,19.287191047956874,1842500
2024-01-12,19.32508087158203,19.55243455161871,19.220878230844242,19.524016470893148,2730600
2024-01-16,18.81353759765625,19.23035181981654,18.73775302936832,19.192460439095893,2549800
2024-01-17,18.567237854003906,18.747226886635293,18.43461350040077,18.56250030199307,2438000
2024-01-18,18.557762145996094,18.63354670670416,18.339881759816215,18.595653522926902,2036900
2024-01-19,18.57670783996582,18.57670783996582,18.15041857730893,18.519868067047327,2397300
2024-01-22,18.737756729125977,18.87985259686675,18.38725190230822,18.519874471286673,1900900
2024-01-23,18.78511619567871,18.99352328999207,18.671438448969116,18.747224818006504,2057600
2024-01-24,19.21140480041504,19.28718935989641,18.87984667511663,18.984051121970925,2401200
2024-01-25,19.789260864257812,19.79873415979764,19.182984404479907,19.38191819027714,3754000
2024-01-26,19.855573654174805,19.950304810016725,19.542962104689018,19.846102164752473,2189000
2024-01-29,19.950307846069336,19.959781143779832,19.5524383764624,19.79873869639496,2532000
2024-01-30,20.253442764282227,20.371856255625158,19.66611285905533,19.66611285905533,2809200
2024-01-31,19.533491134643555,20.253443601753382,19.524017838122827,20.215552222517026,2203500
2024-02-01,19.34402847290039,19.78452681560146,19.258770612581053,19.685059914177742,3269500
2024-02-02,18.92721176147461,19.287189782024583,18.917738465476297,19.220878516882866,2724800
2024-02-05,18.82301139831543,19.027629557484445,18.500926522759997,18.974580538947787,2334400
2024-02-06,19.1829833984375,19.32034346629164,18.785114040862723,18.88931847948949,1934600
2024-02-07,19.154565811157227,19.372448009591675,19.021943278337865,19.211405588233948,2974500
2024-02-08,19.400869369506836,19.434025008314087,19.135624259048846,19.135624259048846,2804300
2024-02-09,19.268245697021484,19.547701641369084,19.211407720482885,19.381921650098683,1777400
2024-02-12,19.618745803833008,19.898201707491715,19.377183083580572,19.391392123934704,2541100
2024-02-13,19.268245697021484,19.476652815560815,19.01720964436653,19.476652815560815,3340200
2024-02-14,19.34402847290039,19.599802053858404,19.201932641317004,19.37244836195568,4657500
2024-02-15,20.373680114746094,20.50715239686788,19.69678107307819,19.877923326260227,5296800
2024-02-16,20.421344757080078,20.592952986551673,20.1734664054459,20.516682864389093,3147700
2024-02-20,20.41181182861328,20.478547961681727,20.08766333791805,20.345075695544836,3260700
2024-02-21,20.917102813720703,21.1220791212493,20.49761620547343,20.57388633257082,2771900
2024-02-22,20.993371963500977,21.055340188716762,20.488081258489334,20.640621505582814,2856900
2024-02-23,20.821762084960938,20.92186627324848,20.554815764437784,20.831296076953517,2116800
2024-02-26,20.96476936340332,20.98860343535036,20.607252828928317,20.66922287072913,1365500
2024-02-27,21.136377334594727,21.24124943199776,20.955235116832153,21.184045477910775,2607200
2024-02-28,21.19358253479004,21.48913088503892,21.012442109258185,21.050576265740492,2651600
2024-02-29,21.622600555419922,21.694102772118914,21.327054059199813,21.39379018882147,2981700
2024-03-01,21.92767906188965,22.108821267646306,21.7179366994082,21.832340963153356,2280900
2024-03-04,22.185094833374023,22.80478984390592,22.032554579040735,22.480641348841864,9059500
2024-03-05,22.394838333129883,22.69038486317592,22.09929180308384,22.09929180308384,6120900
2024-03-06,22.261362075805664,22.604576694368518,22.056385794652762,22.56644254493844,4781500
2024-03-07,22.66178321838379,22.814323470264323,22.2422966165007,22.28043258868245,3514800
2024-03-08,22.499706268310547,22.86198886836365,22.423436151540262,22.652246501851117,3230800
2024-03-11,22.62364387512207,22.676079919847027,22.270895277119035,22.404367523020404,3490800
2024-03-12,22.728519439697266,22.833391545181822,22.46157308865623,22.62364733421271,2925200
2024-03-13,22.96686363220215,23.17565316933684,22.866759433251932,22.97639762521025,2647200
2024-03-14,22.90966033935547,23.20520683403653,22.70468404605742,23.167070863923804,2965500
2024-03-15,22.747589111328125,23.090803795613123,22.642716998073144,22.84292541237078,40683700
2024-03-18,23.128936767578125,23.205206889562938,22.81432228708788,22.81432228708788,3748400
2024-03-19,23.424484252929688,23.534122444264927,23.10986975914323,23.10986975914323,2461700
2024-03-20,23.653291702270508,23.739095809817247,23.090798916541004,23.28147511518331,1925700
2024-03-21,23.767702102661133,23.805836258263053,23.577025869381547,23.66282999251503,2075100
2024-03-22,23.61515998840332,23.834436366554055,23.596092002888515,23.80583438828184,3473800
2024-03-25,24.006044387817383,24.08231451078139,23.624693772997336,23.72003006288497,1671200
2024-03-26,23.872575759887695,24.21102436839022,23.863041765763523,24.18719029229152,2153800
2024-03-27,24.3397274017334,24.387395547742692,23.700964425723548,23.853504675061135,2677200
2024-03-28,24.740148544311523,24.740148544311523,24.29205992487651,24.520870322313723,3785600
2024-04-01,24.96895408630371,24.978488078312548,24.482731404391377,24.911750134250703,4978900
2024-04-02,25.007089614868164,25.231133893372533,24.649573077726203,25.02615759993729,2953100
2024-04-03,25.378908157348633,25.388440331500366,24.968955568744494,25.007089720620872,2115600
2024-04-04,25.436111450195312,25.617253680502884,25.245435226879636,25.47424560380451,1891800
2024-04-05,25.722122192382812,25.936632474209798,25.378907559882744,25.56004795927166,2033700
2024-04-08,25.378908157348633,25.85559687555379,25.359840172198872,25.741190783078366,1497000
2024-04-09,25.40751075744629,25.60581345783839,25.321706634452656,25.51238286742147,1885700
2024-04-10,25.588647842407227,25.622015903691686,25.21683126328156,25.28356738585048,2146900
2024-04-11,25.550514221191406,25.68875438401375,25.145329543592812,25.65538631966672,2413400
2024-04-12,25.436111450195312,26.055806448336416,25.32170535252126,25.769793931786133,2978900
2024-04-15,24.96895408630371,25.731655262780095,24.854548000620735,25.50284490983718,2586500
2024-04-16,24.787813186645508,24.873617300842362,24.55900282159494,24.80688117167217,3421000
2024-04-17,24.6162052154541,25.073825950336683,24.473198963106192,24.71154332316043,1918900
2024-04-18,24.48273277282715,24.91175152666601,24.42553063599993,24.83548140475534,2019800
2024-04-19,24.42552947998047,24.68293999273172,24.15858315671566,24.15858315671566,2642200
2024-04-22,24.52086639404297,24.864082844426818,24.120447808069514,24.358792161186496,3290500
2024-04-23,24.77828025817871,24.997556640132267,24.26345736931283,24.425531612153115,2139400
2024-04-24,24.892683029174805,24.96704561824492,24.473196488733226,24.73060880798758,1761600
2024-04-25,25.05476188659668,25.111964028652682,24.559005139649155,24.835483674939262,1488500
2024-04-26,25.111961364746094,25.207299470341393,24.892684994773088,25.035691243954478,1466200
2024-04-29,25.207300186157227,25.25020224397225,24.97848981728481,25.0452259475697,1315100
2024-04-30,23.901174545288086,25.08336247214838,23.863040389414316,25.08336247214838,2205000
2024-05-01,23.44355010986328,23.90117081955427,23.271941889123394,23.824900701272437,2998400
2024-05-02,23.748634338378906,23.92977657985105,23.610394158875863,23.662830214440696,2172700
2024-05-03,23.939311981201172,24.129986409058336,23.615163453578194,23.843973858060863,2220200
2024-05-06,24.473201751708984,24.754448201356585,24.2729915208704,24.311127495667602,2287000
2024-05-07,24.597139358520508,24.911753868277515,24.42553293190849,24.42553293190849,3678900
2024-05-08,24.67340660095215,24.730610554886933,22.2546893017015,23.843969271551902,4258200
2024-05-09,25.264503479003906,25.331239612340347,24.59713850879299,24.759212754791456,2479300
2024-05-10,24.7950439453125,25.50402287623167,24.704027244161676,25.475279894474056,2354200
2024-05-13,24.737558364868164,25.01540169013981,24.555523145807005,24.96749672334075,1939000
2024-05-14,24.996240615844727,25.139951866712455,24.823786383848372,24.91001349984655,2184200
2024-05-15,24.59385108947754,24.77588633792499,23.990263029472107,24.77588633792499,6222400
2024-05-16,24.181875228881836,24.59384883515898,24.172294234853556,24.4213945974255,2981200
2024-05-17,24.41181182861328,24.51240951751492,24.16750289451107,24.35432769601058,2474000
2024-05-20,24.64175033569336,24.70881728942171,24.335165856771457,24.4213929698917,3067600
2024-05-21,24.4788761138916,24.86689810725652,24.46450553808135,24.507619092899674,1679700
2024-05-22,23.846546173095703,24.306424719153085,23.741158900517828,24.306424719153085,2447600
2024-05-23,23.664514541625977,24.24894056315246,23.573496011287528,24.028583180816444,2258800
2024-05-24,23.86570930480957,23.947146838886397,23.73157904560977,23.808225169065047,1707300
2024-05-28,24.34474754333496,24.502831197685765,24.00558804270842,24.143552158584143,2047300
2024-05-29,24.124391555786133,24.40223307839544,23.971099303162834,24.32558695208379,2501400
2024-05-30,24.392650604248047,24.55073425808031,24.143552079389174,24.143552079389174,1394000
2024-05-31,24.862112045288086,24.914804773183597,24.536365546616395,24.58426869102607,2316000
2024-06-03,23.72199821472168,24.986660174115666,23.659722667927777,24.910014050133842,2841900
2024-06-04,23.233375549316406,23.578283977286755,23.080083320749033,23.41541075601048,2789000
2024-06-05,23.070507049560547,23.386672564109404,23.032184898269595,23.310026434139616,2354100
2024-06-06,23.33876609802246,23.414452838586715,23.080084760903464,23.080084760903464,1381200
2024-06-07,23.233375549316406,23.434570914040773,23.051340342622332,23.195051578480808,1072100
2024-06-10,23.65493392944336,23.918404875828415,23.223798324531224,23.2525413073213,1220700
2024-06-11,23.674095153808594,23.798646257438165,23.300445497695648,23.46331875271194,1425400
2024-06-12,23.817808151245117,24.268103935712354,23.702838042770566,24.114811676004873,2036000
2024-06-13,23.185476303100586,23.70283720446878,23.0896681873249,23.68367521583608,1447800
2024-06-14,22.840566635131836,23.147151127836256,22.73038794727792,23.147151127836256,2404400
2024-06-17,23.1567325592041,23.204635701823904,22.677693823455062,22.830986072703734,2755900
2024-06-18,23.63576889038086,23.688463438334445,23.175892189420153,23.252538306246937,2133400
2024-06-20,23.923192977905273,24.05732506189883,23.635770477353365,23.65493246469354,2289100
2024-06-21,23.83696174621582,24.06211049011614,23.664509372095498,23.942350831001058,5473700
2024-06-24,24.440553665161133,24.656121436570505,23.923191013778645,23.923191013778645,1819400
2024-06-25,24.27768325805664,24.402232525219233,24.06690687232466,24.37349137062127,1209200
2024-06-26,23.999839782714844,24.239359149118734,23.654933137716906,24.239359149118734,1972600
2024-06-27,24.220197677612305,24.248938830496893,24.009419477057882,24.181873703915993,1532800
2024-06-28,24.27768325805664,24.613010738338968,24.12918059221208,24.430975507204945,2150500
2024-07-01,24.392650604248047,24.512410283555756,24.129179675248626,24.478877719540613,1743200
2024-07-02,24.383073806762695,24.929177705076523,24.3687014012259,24.651334344944722,1923100
2024-07-03,24.900432586669922,24.92917556789151,24.450136845191306,24.450136845191306,964000
2024-07-05,24.34474754333496,24.842948249462257,24.172293312184152,24.795043281149425,1207800
2024-07-08,24.392650604248047,24.50762070043403,24.133971085758038,24.32558547621776,1345700
2024-07-09,24.258522033691406,24.52678439183935,24.038164647027635,24.124391768311337,1434700
2024-07-10,24.59385108947754,24.603432084384032,24.15313446071865,24.27768556711509,1069900
2024-07-11,25.101627349853516,25.149530486491823,24.565102717089335,24.766299911222784,1386600
2024-07-12,25.17827606201172,25.456117572470415,25.020192405501646,25.408214430890965,1919800
2024-07-15,25.973480224609375,26.20820817625426,25.254922137929775,25.465698518829548,1966500
2024-07-16,25.87767219543457,25.973480306103333,25.66689581387347,25.87767219543457,1874900
2024-07-17,25.983060836791992,26.4141945860354,25.920785291859126,25.97347984315711,2602500
2024-07-18,26.107608795166016,26.462098232398628,25.901622010774616,26.030962677303233,2355400
2024-07-19,25.67647361755371,26.20820686752612,25.628570478455572,26.05012504659216,1539100
2024-07-22,25.41779327392578,25.676472774909122,25.230966651843982,25.657312616331232,3064200
2024-07-23,24.8142032623291,25.283660949514612,24.771089708026985,25.264500791126206,2825600
2024-07-24,24.526782989501953,25.18785693908367,24.49804000825485,24.86211046116733,2808100
2024-07-25,24.977079391479492,25.154323212051594,24.45971850707267,24.65133290495426,2158700
2024-07-26,25.484859466552734,25.513600619319092,24.852528522265942,25.053723901180994,2789400
2024-07-29,25.25492286682129,25.647734486018866,24.82378727141528,25.58066935504188,2039900
2024-07-30,25.484859466552734,25.628570712547436,25.10162886810432,25.216597133945026,1784300
2024-07-31,26.098031997680664,26.289648236836754,25.705220352059783,25.91599675322117,2481200
2024-08-01,24.46929931640625,26.471679535681478,23.904033466254248,26.404614405559673,4402200
2024-08-02,23.166311264038086,24.038161530758867,22.974695057717827,24.038161530758867,3922900
2024-08-05,22.533981323242188,22.668111577077358,21.757937298484727,22.246557001239836,3073900
2024-08-06,22.543561935424805,23.06092278245843,22.380688703927852,22.6872731803015,2857600
2024-08-07,22.98427963256836,23.45373740108544,22.93637648721701,23.080087750658915,3087100
2024-08-08,23.348346710205078,23.760318451344205,23.113616946490694,23.195052647187207,3064800
2024-08-09,23.406139373779297,23.762529969804675,23.14607254661271,23.36761170342382,2226400
2024-08-12,23.878114700317383,23.93109001307051,23.529429299472785,23.589148928963095,1301100
2024-08-13,23.7239990234375,23.801056196663097,23.415770330535107,23.675838979116975,1601000
2024-08-14,23.887746810913086,23.907011564375136,23.66620765766356,23.86848389463905,1648400
2024-08-15,24.215242385864258,24.446413936034272,23.916646029876507,23.955175540165595,1390800
2024-08-16,24.147815704345703,24.28266530550662,23.849219371551662,23.9551736794284,1102800
2024-08-19,24.427148818969727,24.72574514807568,24.215240205833627,24.215240205833627,1685500
2024-08-20,23.801057815551758,24.350092278964517,23.569886280151252,24.340459902007655,1683500
2024-08-21,23.77216148376465,24.080390184171975,23.70955195487317,24.080390184171975,1500700
2024-08-22,23.77216148376465,23.935908210504536,23.550622334995378,23.81068915272158,1689300
2024-08-23,24.37898826599121,24.431965422166602,23.89738042757944,23.926277559271863,1419300
2024-08-26,24.783540725708008,25.091769470752162,24.61497870488331,24.783540725708008,1185900
2024-08-27,24.542734146118164,24.764273303113754,24.32119498912257,24.629423700975227,1597400
2024-08-28,24.552366256713867,24.581263387082146,24.25858519479443,24.369354772090805,1086500
2024-08-29,24.87986183166504,25.05324095422248,24.542735964157586,24.71611508671503,1214400
2024-08-30,24.667951583862305,24.711296358436048,24.248951483920134,24.552364905936347,2015600
2024-09-03,23.415773391723633,24.128552796540397,23.199049489572687,24.05149561324097,3020900
2024-09-04,23.23276138305664,23.709552082443373,23.146071830952145,23.56988537769858,1538900
2024-09-05,23.117176055908203,23.420589506054664,23.088278924450606,23.406140021731822,1351400
2024-09-06,22.702991485595703,23.27128883876217,22.601854288130813,23.117174489142922,1799800
2024-09-09,22.577775955200195,22.80894749692999,22.481454020182426,22.683728430250454,2038900
2024-09-10,22.308074951171875,22.606671296881206,22.07208813893305,22.606671296881206,1783100
2024-09-11,22.491086959838867,22.625936569923077,21.92278954992948,22.317707839908795,1687000
2024-09-12,22.68372917175293,22.736706329603866,22.17322602269081,22.481454755072807,1832000
2024-09-13,22.963062286376953,23.093096625498056,22.751155495135976,22.876372726962884,1318100
2024-09-16,23.31945037841797,23.341605029505775,23.035303520814146,23.126808347643102,1723800
2024-09-17,23.916645050048828,23.945542181581775,23.348347656884233,23.396509542772474,1711200
2024-09-18,24.28266716003418,24.677587291229944,23.84922119297588,23.84922119297588,2179100
2024-09-19,24.95691680908203,25.16882358614794,24.62942334813326,25.033973985941273,1850800
2024-09-20,25.04360580444336,25.279594436732552,24.407883650228683,24.947283876219444,4451100
2024-09-23,25.31330680847168,25.756385105756106,25.005076271053156,25.120662952233598,1653500
2024-09-24,24.639055252075195,25.111030680929517,24.590895206407847,24.87022677821682,6312100
2024-09-25,23.704736709594727,24.69684761040334,23.695104333048587,24.542733260041068,2576700
2024-09-26,22.828210830688477,23.454300613557994,22.780048947582827,23.040117604789362,5048200
2024-09-27,23.377243041992188,23.39650779490829,22.963060040235817,23.117174389188705,1882600
2024-09-30,23.521724700927734,23.752896221275403,23.184598878141905,23.24239129893184,2237700
2024-10-01,23.935911178588867,24.13337032909675,22.95343069632067,22.95343069632067,3399500
2024-10-02,24.273035049438477,24.45604469966971,24.041861677336204,24.388619898301567,1659800
2024-10-03,25.28441047668457,25.322939984023108,24.17189575432276,24.359724346816076,1697400
2024-10-04,25.862340927124023,25.953845753750105,25.40962838957123,25.737121862069305,1956000
2024-10-07,26.006820678710938,26.185015046726527,25.679327234300285,25.76601678353769,2655800
2024-10-08,25.130298614501953,25.64080361424882,24.822069873971092,25.62153885866859,2230800
2024-10-09,25.42889404296875,25.438526420404965,24.725747024818276,24.937653816850595,1547900
2024-10-10,25.515583038330078,25.77565171179105,25.265146742092266,25.477055366625546,1917800
2024-10-11,26.045352935791016,26.401741709478912,25.38073360047527,25.38073360047527,1479500
2024-10-14,25.756389617919922,25.953848778421484,25.631172375460416,25.74675723970176,2207200
2024-10-15,24.61979103088379,25.043606423227985,24.504206183909567,24.93765211584493,1980900
2024-10-16,25.361467361450195,25.385547384664832,24.725745195206134,24.725745195206134,2381000
2024-10-17,25.515583038330078,25.66006502230125,25.298859143779268,25.428893480509753,1440400
2024-10-18,25.15919303894043,25.57337421619057,25.139928285434465,25.525214169613673,1631400
2024-10-21,24.937650680541992,25.467420349778,24.899123012830742,25.467420349778,2180800
2024-10-22,25.062870025634766,25.318121568401345,24.836513774690555,25.024340520287694,941100
2024-10-23,24.658321380615234,25.09176732736215,24.446412758607867,25.033974901900176,2280300
2024-10-24,24.899126052856445,24.91839080765813,24.59089732478202,24.73537931141839,1673100
2024-10-25,25.04360580444336,25.380731634633076,24.91838858378385,25.082135310608116,1376800
2024-10-28,24.629425048828125,24.72574698585034,24.19597908801038,24.25377151534845,1532600
2024-10-29,24.369356155395508,24.7353791454186,24.239323654327123,24.619792454572327,1333600
2024-10-30,24.61979103088379,24.822067268870708,24.330827076260213,24.41751663008489,1397300
2024-10-31,24.350093841552734,25.4674239196169,24.32119670882777,25.0436084922583,2898700
2024-11-01,24.080392837524414,24.831701755442918,24.061128082329233,24.716115061460005,1773200
2024-11-04,24.77390480041504,25.038790562622484,24.263401703479907,24.263401703479907,1762600
2024-11-05,24.590896606445312,24.971365398129794,24.523469966609046,24.8413328999872,1363300
2024-11-06,26.25725746154785,26.531773760416886,25.342201907192443,25.51558100904403,2143700
2024-11-07,26.05498504638672,26.43064043448034,25.95384783455653,26.29578898151853,1404700
2024-11-08,26.529237747192383,26.563112948880825,25.754944785656466,26.006590459670647,1746800
2024-11-11,26.645383834838867,26.83895616105864,26.258235490279077,26.558275641918925,1129800
2024-11-12,26.277591705322266,27.06156354866019,26.23887798081744,26.780883046305135,1033800
2024-11-13,26.209842681884766,26.534079141214477,25.987233677604728,26.42277279301435,1408500
2024-11-14,26.364702224731445,26.66958090868305,25.9727153453651,26.480847100637828,1387900
2024-11-15,25.987234115600586,26.596989625875086,25.900125921838494,26.422773238350903,1727900
2024-11-18,26.56795310974121,26.80507951969888,26.26307445087847,26.34534226974459,1395300
2024-11-19,26.413095474243164,26.63570447623348,26.229200198396338,26.277592817590726,740400
2024-11-20,26.819597244262695,26.95509989757169,26.432450762079952,26.432450762079952,973000
2024-11-21,27.32288932800293,27.409997519591215,26.988975824287902,27.100280325526242,1498400
2024-11-22,27.864896774291992,28.087505780847916,27.206746801813495,27.264818315249794,2462800
2024-11-25,27.2841739654541,27.99071650279867,27.2841739654541,27.777786406164136,2002400
2024-11-26,27.051889419555664,27.439035936656776,26.84863634428995,27.439035936656776,1842800
2024-11-27,26.790563583374023,27.419676875188113,26.771205796903406,27.119638569134032,1471000
2024-11-29,26.848634719848633,27.00349331731956,26.790563207312058,26.93574291168354,921800
2024-12-02,26.49052619934082,26.964780908016973,26.132414521410563,26.916386440156028,2208300
2024-12-03,26.56795310974121,26.80024099637853,26.33566337704387,26.80024099637853,1659100
2024-12-04,25.687192916870117,26.58730774103313,25.42586836498734,26.58730774103313,1608200
2024-12-05,25.793659210205078,26.054983784082864,25.74526659106923,25.8614096154193,992700
2024-12-06,24.84514808654785,25.658156583693987,24.651573931585457,25.658156583693987,1357200
2024-12-09,24.941938400268555,25.367798642745655,24.83547241661918,25.26133450515648,1595800
2024-12-10,24.77739906311035,25.174224441382513,24.651575301574265,25.174224441382513,1279100
2024-12-11,25.30972671508789,25.36779822974202,24.796758284532785,25.0096884023047,1566000
2024-12-12,24.883861541748047,25.359085367096185,24.796755203619604,25.290365785940498,1450100
2024-12-13,24.525753021240234,24.98064990403712,24.196678052047584,24.98064990403712,4122100
2024-12-16,23.819210052490234,24.48703702599295,23.790173374749248,24.48703702599295,2651400
2024-12-17,23.46109962463379,23.601440805216814,23.112666857961475,23.42238589837025,2098200
2024-12-18,22.59002113342285,23.71274696446366,22.57066334590761,23.451422371188585,1834800
2024-12-19,22.396448135375977,23.035240388695303,22.338376615817946,23.035240388695303,1816100
2024-12-20,22.15447998046875,22.575503548534485,21.931870963873667,22.096408464413557,8308000
2024-12-23,22.241586685180664,22.28514078081465,21.864119087059503,22.028656576558998,1296300
2024-12-24,22.49323272705078,22.51259051343445,22.086728443294316,22.260944828627103,600300
2024-12-26,22.377090454101562,22.531949058263358,22.212552956422133,22.531949058263358,1272500
2024-12-27,22.241586685180664,22.574532852182216,22.222228899107762,22.28030225732647,1778200
2024-12-30,22.502912521362305,22.841666412401302,22.164158630323307,22.35773280979136,1379300
2024-12-31,22.628732681274414,22.88037835653646,22.444839255785265,22.512589659498115,1605100
2025-01-02,22.841663360595703,23.26365235712871,22.715839606934342,22.996521945055882,1597600
2025-01-03,23.19977569580078,23.23849126920274,22.841665872133408,23.083632667715204,1520100
2025-01-06,23.08363151550293,23.635315486522664,22.93361144514877,23.306240513272286,1781700
2025-01-07,23.19977569580078,23.349795773643148,22.87070070612473,23.16106196845897,2028900
2025-01-08,23.499814987182617,23.596600225007542,23.083631818719166,23.10298960470818,2163700
2025-01-10,24.080533981323242,24.283787043631957,23.64499486962186,23.99342763583104,2581800
2025-01-13,24.632219314575195,24.80643384811686,24.138606854390343,24.138606854390343,2199600
2025-01-14,24.970970153808594,24.98064904622425,24.448322885782815,24.506394394216798,1720900
2025-01-15,25.667835235595703,25.822693819690947,25.058077945418237,25.222615421776926,2118500
2025-01-16,25.725908279418945,25.79365868324905,25.367796628525486,25.58072857891729,1596400
2025-01-17,25.67751693725586,25.977555246010322,25.41619235573094,25.90980483881352,2028800
2025-01-21,25.425870895385742,25.61944322096118,25.145188531120205,25.61944322096118,2276300
2025-01-22,25.106473922729492,25.512978192040272,25.043562042248286,25.377475538229977,1584900
2025-01-23,25.067758560180664,25.396833535510005,24.82095325171369,25.290367559356376,2268400
2025-01-24,24.54511070251465,25.135508389156886,24.375732849233497,25.038723154207684,1330400
2025-01-27,24.177322387695312,24.699971565581823,23.998267471297982,24.428968083041386,1631800
2025-01-28,24.070858001708984,24.36121742238555,23.86276640666872,24.264430333473303,1510600
2025-01-29,24.003103256225586,24.366053417435005,23.81920983704267,23.896639130924946,1553000
2025-01-30,23.712743759155273,24.16764062791258,23.548206279637103,24.16764062791258,1347100
2025-01-31,22.938451766967773,23.61595765173599,22.817468375467016,23.61595765173599,1814100
2025-02-03,22.90941619873047,23.209454507296886,22.66261088037393,23.209454507296886,2035200
2025-02-04,23.383668899536133,23.470777085890216,22.541625559526654,22.541625559526654,1604900
2025-02-05,22.967487335205078,23.432063130396102,22.880379142849247,23.335277890943054,2065200
2025-02-06,22.22222900390625,23.161061326208518,22.0576933596909,23.132024646962233,1659300
2025-02-07,22.057693481445312,22.391606987350336,22.028656802038746,22.34805289127054,1671900
2025-02-10,22.957807540893555,23.040077206471477,22.294819077151644,22.357730957174756,1265500
2025-02-11,23.05459213256836,23.354630392021765,22.938449123903744,23.073949916032408,1800500
2025-02-12,22.241586685180664,22.841665131020022,22.135122553899876,22.7642358327885,1504900
2025-02-13,22.435161590576172,22.444840483930484,22.009299513287143,22.27062409567315,1531600
2025-02-14,22.893020629882812,23.11707953478834,22.59979455188001,22.629993989471682,2771000
2025-02-18,23.26320457458496,23.540845041842918,22.605639838769275,23.165788953044768,3350900
2025-02-19,23.613908767700195,24.62217577273927,23.49700926866948,23.711326255615145,3822800
2025-02-20,23.964611053466797,24.763431112235015,23.458041601243618,23.701584392725835,2878900
2025-02-21,23.41907501220703,24.091251758539034,23.175532228093815,24.02306007628077,2633700
2025-02-24,23.389846801757812,23.604163760808216,23.20475378461931,23.33139705985021,2599700
2025-02-25,22.688446044921875,23.62364941868864,22.649478308639626,23.62364941868864,2715700
2025-02-26,22.8248291015625,23.151175527199516,22.561802459414395,22.834571035503235,2511900
2025-02-27,22.893020629882812,23.175531138046743,22.49361063136987,22.922246431512015,2719800
2025-02-28,22.80534553527832,22.995308604425105,22.48386914331824,22.698186118596983,1713900
2025-03-03,21.68505096435547,23.009924380518484,21.460992036058514,22.893023019881237,2741900
2025-03-04,22.02600860595703,22.318259185298057,21.07131954006969,21.344088110049483,3489000
2025-03-05,21.987041473388672,22.016267275356945,21.095675881321412,21.616857272210144,2988100
2025-03-06,22.016265869140625,22.308516437821137,21.49021261581514,21.782465042579453,2213600
2025-03-07,22.649477005004883,23.097594797954848,22.225713116787617,22.279292822049857,3227900
2025-03-10,23.04888916015625,23.477524984556428,22.55693354910182,22.873538056625087,3536700
2025-03-11,22.289033889770508,23.521361591413076,22.24032607813666,23.14630549596394,3928100
2025-03-12,22.483867645263672,22.854051824823046,21.811689103920695,22.230582950582495,2847000
2025-03-13,21.95781707763672,22.620251852530124,21.69966047743935,22.357227072564104,2437800
2025-03-14,22.668962478637695,22.7566380283563,21.952946108630428,22.113685235809186,2540000
2025-03-17,23.107336044311523,23.20475351842921,22.561800790569745,22.629992465026994,4733100
2025-03-18,23.41907501220703,23.458040891461472,22.970955323235042,23.43855702279226,2602800
2025-03-19,24.354278564453125,24.675754967180545,23.409333225062582,23.409333225062582,3696700
2025-03-20,24.67575454711914,24.76343009710537,23.964610071083257,24.071767631445564,4451000
2025-03-21,24.47117805480957,24.79752447083058,24.22276339185031,24.607561409793412,24733800
2025-03-24,24.49066162109375,24.763430206487296,24.003576055944972,24.393245994531174,2650800
2025-03-25,24.695236206054688,24.851103423621396,24.42246764627104,24.510143188412794,2182600
2025-03-26,24.938779830932617,25.557378685022428,24.880330086838327,25.026455376115983,2041900
2025-03-27,24.685495376586914,24.9874878918665,24.5296281520501,24.860846468711795,2370600
2025-03-28,24.539371490478516,24.821880154340835,24.208153154857875,24.549113424830182,1948700
2025-03-31,24.607563018798828,24.836493829419737,24.266602750961127,24.461437720606664,2647600
2025-04-01,24.851104736328125,24.870588604074108,24.38350305892793,24.490660615363037,2194200
2025-04-02,25.055681228637695,25.133614846064095,24.451696158104095,24.451696158104095,1762300
2025-04-03,22.90276336669922,24.130219206900207,22.89302143248128,23.477524478969933,3137200
2025-04-04,20.555011749267578,21.845787415241205,20.22379340780563,21.685050140813978,5165000
2025-04-07,20.02895736694336,21.490214022138414,19.376262653299545,19.873090139035934,4533800
2025-04-08,19.093753814697266,20.769327427526775,18.850211041188587,20.769327427526775,3939000
2025-04-09,21.538925170898438,21.840917713441623,18.596927790518606,18.616411659865662,4891400
2025-04-10,19.12297821044922,20.905711280356694,19.07914043585789,20.701136237653124,4870100
2025-04-11,19.853607177734375,20.053312188741472,18.879436029780923,19.24962210653028,3654600
2025-04-14,19.765933990478516,20.360177142464103,19.502907327849258,20.33095319645022,2152500
2025-04-15,19.765933990478516,20.11663434923347,19.53213127386314,19.551615143261763,2121600
2025-04-16,20.184823989868164,20.477076426998092,19.921799211960252,19.921799211960252,1932600
2025-04-17,20.545269012451172,20.915453219467288,20.399143716473336,20.428367660818534,2209000
2025-04-21,19.668514251708984,20.228661497214357,19.454195429007935,20.0874081054423,2241100
2025-04-22,20.29198455810547,20.535527340539804,19.887704505468136,20.13611732599421,2899400
2025-04-23,20.165342330932617,20.744973461282363,19.951023501696422,20.593976273237214,2524200
2025-04-24,20.80829620361328,20.954421503408184,20.272500960253307,20.574495352324636,2546800
2025-04-25,20.671911239624023,20.783940699475874,20.447852319920322,20.447852319920322,2055900
2025-04-28,21.110286712646484,21.207704189193212,20.681650930691177,20.681650930691177,3489200
2025-04-29,20.759584426879883,20.983645179138215,20.61345914190014,20.61345914190014,2091400
2025-04-30,19.99973487854004,20.45759466157941,19.726966280808718,20.45759466157941,3282900
2025-05-01,20.545269012451172,20.822907632234248,19.868220383222834,20.379659848187238,4918800
2025-05-02,20.74010467529297,20.93493779044174,20.373814999938695,20.593977516326376,2129500
2025-05-05,19.980249404907227,20.447851085116763,19.970507470975708,20.291983858380252,2762900
2025-05-06,20.262758255004883,20.632944315692008,20.058183214691415,20.428367417294613,3344100
2025-05-07,20.145858764648438,20.41862548509075,19.92179985626113,20.41862548509075,1918100
2025-05-08,21.12002944946289,21.19796306204791,20.27249978677741,20.49656054878274,2917900
2025-05-09,21.422019958496094,21.556456031484412,21.178477209729994,21.412278025575404,1927800
2025-05-12,22.5598201751709,23.079677574450887,22.344031264390967,22.70694906301382,2673500
2025-05-13,22.87369728088379,23.01101733663995,22.520586427973157,22.952166151436657,3475300
2025-05-14,22.746187210083008,22.873698429567806,22.461736370765745,22.55982293159396,2392600
2025-05-15,22.334224700927734,22.383267044930168,22.020349209282955,22.294989329049386,2104700
2025-05-16,22.206710815429688,22.530395138416235,22.010539575621575,22.481352796175567,1356000
2025-05-19,21.932069778442383,21.981112118609992,21.657427809305847,21.961494434204806,1867200
2025-05-20,21.91245460510254,22.06939235663765,21.75551685356743,21.951688107563534,2157100
2025-05-21,21.46125602722168,21.93305145071044,21.41221368403703,21.755515698865988,2008600
2025-05-22,21.29450798034668,21.382785688699325,20.82369478302947,21.255274482659583,1518000
2025-05-23,21.255273818969727,21.348455010056696,20.931589522065426,20.96101604754592,1163200
2025-05-27,21.696664810180664,21.726089468156466,21.157189673529842,21.431831663325468,1599200
2025-05-28,21.451448440551758,21.94187934172642,21.387691899562334,21.892835129101705,1249300
2025-05-29,21.4710636138916,21.64761903237995,21.28470122401644,21.60838553429663,1733700
2025-05-30,21.088531494140625,21.392598168591448,20.99044492697549,21.255278097067656,2537200
2025-06-02,21.588769912719727,21.73589881857028,21.078721292981974,21.677047630399166,1963800
2025-06-03,21.990922927856445,22.275371893793604,21.426926611253826,21.628003217279492,1638300
2025-06-04,21.883028030395508,22.28518125173796,21.637812560267403,21.990923435922458,1761500
2025-06-05,21.696664810180664,22.108626859451356,21.657429438418934,22.010540300892526,2075100
2025-06-06,22.314607620239258,22.48135421355399,21.883027872098975,22.13805218368889,1365000
2025-06-09,22.75599479675293,22.91783602296453,22.265563890537095,22.44211744526463,1352100
2025-06-10,23.001211166381836,23.41317321885226,22.883506921027926,23.118913540890237,3311600
2025-06-11,23.295469284057617,23.47692820517037,22.85408069665305,23.226809252871472,2983500
2025-06-12,23.15814781188965,23.231711324748403,22.8481954965143,22.96197470257546,2231500
2025-06-13,23.756473541259766,24.158626753609187,22.9914024889099,23.991880162817072,4846400
2025-06-16,23.64858055114746,23.859466005244077,23.31508736191772,23.354320864320623,2505600
2025-06-17,23.74666404724121,24.188052619840498,23.648579360748457,23.903603661489658,2267200
2025-06-18,23.61915397644043,24.070351413714764,23.53087625764427,23.74666519756513,2885400
2025-06-20,23.550491333007812,23.7662802490025,23.354318230579654,23.69762022440625,4421300
2025-06-23,23.011016845703125,24.119391723316497,22.888409121152247,24.119391723316497,2939600
2025-06-24,22.75599479675293,22.942357194106233,22.500970501019243,22.60886402821183,2177900
2025-06-25,22.44211769104004,22.662811975423192,22.344033005399044,22.638290804012943,2190800
2025-06-26,22.7265682220459,22.991401359859648,22.393075056838683,22.481352769443266,2843300
2025-06-27,22.500972747802734,22.711858208200667,22.29989613101001,22.657910503794827,8281100
2025-06-30,22.049774169921875,22.368555022848636,22.039965326817686,22.27537194878161,3592700
2025-07-01,22.373456954956055,22.60886356056904,21.775132533923404,21.981112612267744,3359200
2025-07-02,22.912931442260742,22.92274028441783,22.29498748228162,22.706949498652584,2702900
2025-07-03,22.88350486755371,23.020824915772796,22.755993661471038,22.94235604952684,837300
2025-07-07,22.06939125061035,22.834464154135883,21.814366949435176,22.795228782795636,3906700
2025-07-08,23.187572479248047,23.3739367460968,21.97130406514463,22.11843296177452,3534600
2025-07-09,22.93254852294922,23.153242806565583,22.78051613822663,23.020826236395763,2122200
2025-07-10,23.21700096130371,23.21700096130371,22.530396891439118,22.834465423695324,1937300
2025-07-11,23.36412811279297,23.579918909238508,23.05025263161266,23.19738152956025,2282400
2025-07-14,23.21700096130371,23.33960869729056,23.00611550573868,23.148340928486366,2086200
2025-07-15,22.61867332458496,23.37393738431141,22.559822138495186,23.167957297574457,2523400
2025-07-16,22.29498863220215,22.77561069761669,22.201807433171776,22.66771717001453,2441300
2025-07-17,22.657909393310547,22.68243056569895,22.128243089662423,22.177287305284768,2548600
2025-07-18,22.697141647338867,23.17776370894565,22.603960449046728,22.952165942020198,2599800
2025-07-21,22.206710815429688,22.952166016729556,22.15276311645769,22.854079461402783,1869300
2025-07-22,22.775609970092773,22.849175352292676,22.19592104439804,22.27537023533144,1858000
2025-07-23,23.079679489135742,23.20228721765057,22.55001320394586,22.7069509467772,1987000
2025-07-24,23.52106475830078,23.525970114816403,22.883504982980803,22.92274035172436,1833200
2025-07-25,23.285659790039062,23.579919463698932,23.221903246785935,23.521066406459667,1866100
2025-07-28,23.991880416870117,24.03601927580735,23.49164251004221,23.49164251004221,2758000
2025-07-29,24.12920379638672,24.256715023819844,23.893797158232417,24.060543760780753,2816800
2025-07-30,23.91341209411621,24.168436410434538,23.702528508599443,23.962456311203727,3486600
2025-07-31,23.36412811279297,24.295947584536762,23.15324267309143,24.03111444572384,3291500
2025-08-01,23.001211166381836,23.432789034039985,22.481353711574123,23.41317321885226,3700500
2025-08-04,23.36412811279297,23.43278814044548,22.863888363094816,22.863888363094816,4101100
2025-08-05,23.678003311157227,23.707429838733443,23.128721225652452,23.38374551877674,4486200
2025-08-06,23.25623321533203,24.089966149447864,23.196401706023146,23.776090661509077,2338300
2025-08-07,22.93254852294922,24.04092342695787,22.903123865697335,23.628961387822475,2542900
2025-08-08,23.060062408447266,23.364129059303128,22.755995757591403,23.089488937567065,1994400
2025-08-11,22.842885971069336,23.33153108880648,22.75404140420804,23.178520583021214,1960200
2025-08-12,23.38582420349121,23.479603738800492,22.80339957126643,23.040317778515035,1883400
2025-08-13,23.612871170043945,23.716522535254313,23.287108391626653,23.385824784480683,1703300
2025-08-14,23.494409561157227,23.5635123495651,23.218005938959575,23.445052309438633,1922300
2025-08-15,23.296979904174805,23.563513596419032,23.23775082240672,23.415438067710976,1444700
2025-08-18,22.961345672607422,23.158776575967625,22.897179734657524,23.089675665648624,1573400
2025-08-19,22.80340003967285,23.03538139659433,22.561544972364004,22.872500949515786,1852800
2025-08-20,22.86263084411621,22.986025873232926,22.605968957610397,22.80340175734063,1351600
2025-08-21,23.060062408447266,23.196289112447143,22.689877340929087,22.862629619294122,908600
2025-08-22,23.938634872436523,24.042286241647595,23.148907464839816,23.148907464839816,2261400
2025-08-25,24.05709457397461,24.116323657965452,23.790560871727866,24.00773543493338,2101800
2025-08-26,23.830045700073242,24.017606657989955,23.553642059836594,23.820173872513564,2996000
2025-08-27,24.42234230041504,24.614838231681507,23.765881768586873,23.770816740963035,2246800
2025-08-28,24.511186599731445,24.580287509398488,24.224911133559615,24.521058427235104,1836900
2025-08-29,24.560543060302734,24.80239811917633,24.491442152869855,24.50131398005434,2589300
2025-09-02,24.915922164916992,24.915922164916992,24.24465295614041,24.24465295614041,2667000
2025-09-03,23.741201400756836,25.019573899742735,23.731331455945217,24.600031579480454,2845900
2025-09-04,24.284141540527344,24.318691997245743,23.46479864161067,23.504284070920832,2824800
2025-09-05,23.316722869873047,24.06696290438329,23.074867811942536,23.88927566433097,2008400
2025-09-08,23.139034271240234,23.46479704300495,22.981088799042706,23.425309733526294,2241700
2025-09-09,23.02057456970215,23.612871040723938,23.00576776985564,23.267364609056347,1585700
2025-09-10,23.978120803833008,23.997862575742406,22.98108883235431,23.119290650012836,2369700
2025-09-11,23.820175170898438,23.973185682125834,23.593128773225803,23.62274425751911,2089300
2025-09-12,23.494409561157227,24.03734874435404,23.44998728146711,23.82017231793193,1919700
2025-09-15,23.36608123779297,23.53389854156618,23.04031845786363,23.36608123779297,1662100
2025-09-16,24.29401206970215,24.323625669386825,23.533898296819167,23.533898296819167,2453900
2025-09-17,24.363113403320312,24.757977096474082,24.116323359741877,24.294012492375728,2157400
2025-09-18,24.29401206970215,24.466764344058017,24.00773472035976,24.461829371730097,1708900
2025-09-19,23.71158790588379,24.25452525014662,23.627678311743615,24.25452525014662,7560500
2025-09-22,23.60300064086914,23.72639566800997,23.36114744207398,23.632616125212067,1684600
2025-09-23,24.15580940246582,24.935666863795515,23.760945699261583,23.760945699261583,2197300
2025-09-24,24.540802001953125,24.999831623649342,24.36311287318574,24.382856528128467,1618900
2025-09-25,24.481571197509766,24.674069010174577,24.3334975501864,24.481571197509766,2249900
2025-09-26,24.935667037963867,25.123228004367935,24.318691909004524,24.422343278783615,1840900
2025-09-29,23.86953353881836,24.78759281075116,23.681972576748773,24.78759281075116,2608400
2025-09-30,23.563512802124023,23.7708155227537,23.356208198635848,23.60299822768556,2859500
2025-10-01,23.65235710144043,23.77081715196106,23.38088842745149,23.474669849947425,2162600
2025-10-02,22.951473236083984,23.72639379471663,22.793527764442842,23.52402604149776,2060900
2025-10-03,23.33646583557129,23.40556674627102,23.050190365121175,23.050190365121175,1821200
2025-10-06,23.632614135742188,23.721458698433057,23.24762040312891,23.553641400334584,2051500
2025-10-07,23.60300064086914,23.681973382924923,23.1785214462473,23.533899726927668,1888600
2025-10-08,23.770816802978516,23.815239085914254,23.218007635334903,23.790560458251864,2147300
2025-10-09,23.375953674316406,24.037351079020514,23.24762179481009,23.741201891369613,1804900
2025-10-10,22.34930419921875,23.469731145566694,22.329562428069522,23.06993250763225,2305100
2025-10-13,23.010704040527344,23.0649981535061,22.438151192234564,22.76391398724841,2098200
2025-10-14,22.783655166625977,22.995894740002367,22.403598299948687,22.457892407025223,2071600
2025-10-15,22.921857833862305,23.32165836945344,22.70468328031446,23.158776042148645,1590500
2025-10-16,22.398666381835938,22.981091074299584,22.102517180001232,22.971219245952554,2258800
2025-10-17,22.517122268676758,22.724426877186005,22.25059046181993,22.398664106264512,2171800
2025-10-20,22.645456314086914,22.941603631390937,22.472702143277296,22.645456314086914,1825000
2025-10-21,22.45789337158203,22.82314345487432,22.408536117315386,22.684939753782302,1495300
2025-10-22,22.526994705200195,22.744171146926483,22.34437060154194,22.665196526037946,1700700
2025-10-23,23.33646583557129,23.43518222922459,22.833013922512187,23.227879497125397,2390100
2025-10-24,23.000831604003906,23.445054441298275,22.862629780338384,23.38582535727857,1335700
2025-10-27,22.902116775512695,23.316724123645795,22.705670605603753,23.316724123645795,1968100
2025-10-28,22.46776580810547,22.773784935143652,22.388793069422757,22.704684024153604,1887600
2025-10-29,22.704683303833008,22.90211608570541,22.389778977004386,22.497380577439678,3061800
2025-10-30,22.12225914001465,22.981089311750416,22.10251548483484,22.80340018084932,3486000
2025-10-31,22.171615600585938,22.39372700625295,21.914955623880196,22.161745656208314,2831000
2025-11-03,22.25058937072754,22.26045931472912,21.559576553392997,22.003799347802126,4822400
2025-11-04,21.628679275512695,21.835983891271454,21.589193847613977,21.73726749723674,3305200
2025-11-05,21.164714813232422,21.76688124345197,21.13016435751731,21.579322164672394,2948500
2025-11-06,21.135099411010742,21.53983493624717,21.026511188141924,21.17458672218436,3835100
2025-11-07,21.678035736083984,21.697779390738575,21.03638202267817,21.15484206774716,2864500
2025-11-10,22.165071487426758,22.294285974727153,21.678036495174062,21.80725098247446,2219900
2025-11-11,22.751501083374023,22.990048711080547,22.324102539471827,22.324102539471827,2289700
2025-11-12,22.60240936279297,22.803186810011955,22.423498165609143,22.592469641192974,2590800
2025-11-13,22.71174430847168,22.970171381553794,22.47319667850543,22.71174430847168,1644700
2025-11-14,22.860836029052734,22.930412183203178,22.184950138777545,22.483136094032606,1719100
2025-11-17,22.18494987487793,22.895623833774565,22.150161798216526,22.77138016118156,1729600
2025-11-18,22.55271339416504,22.617318742982977,21.956343349159287,21.99610034106201,2294200
2025-11-19,22.493074417114258,22.567621381528742,21.881795754662885,22.055738039693995,2507600
2025-11-20,22.21476936340332,23.129202882882282,22.15513293051348,22.60240902089931,3096800
2025-11-21,22.65210723876953,22.79125954505654,21.966281636997294,22.155132549678225,1787000
2025-11-24,22.940351486206055,23.064595158010853,22.224708619101275,22.453316520228192,1582900
2025-11-25,22.831016540527344,22.930411857534036,22.294284861983986,22.294284861983986,1726500
2025-11-26,22.791259765625,23.13914243051724,22.741561158750105,22.741561158750105,2624200
2025-11-28,22.999988555908203,23.129203039822315,22.81113953450763,22.81113953450763,606500
2025-12-01,23.3776912689209,23.511874670732503,22.900595993018374,22.93041326288222,1681100
2025-12-02,22.771381378173828,23.457207018366685,22.761441656338214,23.26835609510614,2078300
2025-12-03,23.347871780395508,23.536722702090206,22.902582483215642,22.999989102265722,1934300
2025-12-04,23.268356323242188,23.541692041073276,23.228599331318012,23.367751646764795,1670000
2025-12-05,23.447267532348633,23.68581517137833,23.168961005576598,23.168961005576598,2018000
2025-12-08,22.980112075805664,23.48702462606033,22.95029290986969,23.21865971586907,2254800
2025-12-09,22.701805114746094,23.253447351285118,22.632228958030918,22.999989185184877,2189500
2025-12-10,22.85089683532715,22.999988868493663,22.363861849218903,22.632228646403465,2717300
2025-12-11,22.60240936279297,22.751501395176806,22.388710087913182,22.60240936279297,2877000
2025-12-12,22.65210723876953,23.263385878854876,22.622288074933177,23.149081927860834,2621200
2025-12-15,22.204830169677734,22.8111399218595,22.020950058009255,22.8111399218595,2851400
2025-12-16,21.49912452697754,22.001070031874235,21.429548372827426,21.97622167622177,2748800
2025-12-17,21.916584014892578,21.976222345243688,21.54385298133449,21.697915824362738,2366100
2025-12-18,21.538883209228516,21.886765872501268,21.439487891749444,21.817189719008315,1778100
2025-12-19,21.509065628051758,21.817191324492036,21.35997358876576,21.548824516292363,7208500
2025-12-22,21.6680965423584,22.095495095196547,21.658158716494867,21.6680965423584,1345500
2025-12-23,21.757551193237305,21.85694650981277,21.579635301752486,21.74761147199896,1484700
2025-12-24,21.6680965423584,21.8022799412128,21.638279273151685,21.697915707373173,886000
2025-12-26,21.57863998413086,21.697914743081128,21.394759880898505,21.548822716249276,1028700
2025-12-29,21.817190170288086,21.956342480152298,21.613430618354904,21.827127996014358,1647700
2025-12-30,21.93646240234375,22.14519275690841,21.926522681097055,21.96628156608384,1429200
2025-12-31,21.757551193237305,21.976221268864922,21.623367800231623,21.90664511600449,1120200
2026-01-02,22.343982696533203,22.35392241831466,21.608460346978124,21.767492103865273,1335100
2026-01-05,21.687976837158203,22.791261340514385,21.171122664792414,22.60241041295609,2329400
2026-01-06,21.35997200012207,21.85694669131842,21.295364759440307,21.777430816559324,2241200
2026-01-07,21.11148452758789,21.366929486993982,20.93754414503821,21.300335439933246,1832400
2026-01-08,22.07561492919922,22.363861160815347,21.121424429658937,21.181060861928206,1787900
2026-01-09,22.13525390625,22.443377693784292,21.92652354347589,22.35392209485368,1735600
2026-01-12,22.065677642822266,22.380759044383183,21.81719029051935,22.065677642822266,2879500
2026-01-13,22.363861083984375,22.6620451401143,22.21476905591941,22.28434520929586,2581000
2026-01-14,22.701805114746094,23.188840107560416,22.503014470581515,22.58253034908573,3755300
2026-01-15,22.35392189025879,22.68192511806628,22.04082729686726,22.363861611805444,2866900
2026-01-16,22.4632568359375,22.72168390762746,22.403620402719213,22.67198530010553,2462400
2026-01-20,22.512954711914062,22.87077712134473,22.44337855359324,22.612350036290152,2927400
2026-01-21,23.5864200592041,23.596359781228763,22.860837413677,22.860837413677,4531400
2026-01-22,23.626178741455078,23.745451613095565,23.283264969920424,23.467146982062353,3116600
2026-01-23,23.954181671142578,24.381580229888957,23.824967183433717,24.172849863516223,2590900
2026-01-26,24.232486724853516,24.272245612788925,23.641087485375184,24.13309329663123,3372500
2026-01-27,24.55055046081543,24.649943882235807,24.22254724102741,24.55055046081543,2693900
2026-01-28,25.06740379333496,25.092254045583946,24.62012768997438,24.65988468111822,2863400
2026-01-29,25.37552833557129,26.319779108404802,25.27613301848145,25.812864697473806,4052000
2026-01-30,25.355649948120117,25.484862538648258,24.98788782832636,25.176738749074943,3485000
2026-02-02,24.620126724243164,24.958069666846228,24.37163937796491,24.560488396154625,2760400
2026-02-03,25.47492218017578,25.549469143183924,24.52073167019648,24.60024754602809,3032700
2026-02-04,26.230323791503906,26.374446908026194,25.663772942618234,25.663772942618234,4157500
2026-02-05,26.05141258239746,26.180627064653155,25.49480145524065,25.991776149868375,3731100
2026-02-06,26.82669448852539,27.303789752823445,26.05141326218501,27.303789752823445,3690500
2026-02-09,27.10500144958496,27.229245128511394,26.717359882184983,26.916150526790513,3355900
2026-02-10,26.649999618530273,27.219999313354492,26.420000076293945,27.219999313354492,2915100
2026-02-11,26.959999084472656,27.049999237060547,25.979999542236328,26.0,6607100
2026-02-12,25.979999542236328,26.864999771118164,25.530000686645508,26.809999465942383,4136600
2026-02-13,26.780000686645508,26.969999313354492,25.78499984741211,26.0,2986500
2026-02-17,26.010000228881836,27.06999969482422,25.68000030517578,26.829999923706055,4194900
2026-02-18,26.399999618530273,26.530000686645508,26.014999389648438,26.420000076293945,3859400
2026-02-19,27.079999923706055,27.329999923706055,26.709999084472656,26.790000915527344,3779200
2026-02-20,27.110000610351562,27.235000610351562,26.81999969482422,26.969999313354492,3661800
2026-02-23,27.299999237060547,27.420000076293945,26.860000610351562,27.110000610351562,2569000
2026-02-24,27.190000534057617,27.520000457763672,26.920000076293945,27.459999084472656,2245300
2026-02-25,27.030000686645508,27.299999237060547,26.299999237060547,27.299999237060547,1982600
2026-02-26,27.360000610351562,27.549999237060547,26.389999389648438,26.649999618530273,3162800
2026-02-27,27.81999969482422,27.954999923706055,27.270000457763672,27.559999465942383,3057200
2026-03-02,28.549999237060547,29.097000122070312,28.030000686645508,28.920000076293945,3722500
2026-03-03,28.420000076293945,29.059999465942383,27.920000076293945,28.764999389648438,3248700
2026-03-04,28.600000381469727,28.700000762939453,27.25,27.790000915527344,2868200
2026-03-05,29.049999237060547,29.3700008392334,28.84000015258789,29.0,988639
